# Blender 5.1.1
# www.blender.org
mtllib m25 intersection.mtl
o BézierCurve
v 539.257202 -70.565277 1427.567749
v 539.448181 -70.565277 1427.567749
v 539.534973 -70.565277 1427.567749
v 539.538452 -70.565277 1427.567749
v 539.479431 -70.565277 1427.567749
v 539.378784 -70.565277 1427.567749
v 539.257202 -70.565277 1427.567749
v 539.135742 -70.565277 1427.567749
v 539.035034 -70.565277 1427.567749
v 538.976013 -70.565277 1427.567749
v 538.979492 -70.565277 1427.567749
v 539.066284 -70.565277 1427.567749
v 539.257202 -70.565277 1427.567749
v 537.733032 -70.657860 1423.283081
v 533.077881 -70.913818 1411.437378
v 525.918030 -71.300484 1393.542847
v 516.879578 -71.785179 1371.111572
v 506.588776 -72.335220 1345.655884
v 495.671783 -72.917938 1318.688110
v 484.754791 -73.500656 1291.720215
v 474.463989 -74.050697 1266.264526
v 465.425568 -74.535393 1243.833252
v 458.265686 -74.922058 1225.938721
v 453.610596 -75.178017 1214.093018
v 452.086365 -75.270599 1209.808350
v 451.042297 -75.290169 1206.398071
v 447.714600 -75.344276 1196.969482
v 442.559937 -75.426010 1182.726318
v 436.035126 -75.528465 1164.872314
v 428.596832 -75.644737 1144.610962
v 420.701813 -75.767914 1123.145996
v 412.806793 -75.891090 1101.681030
v 405.368500 -76.007362 1081.419678
v 398.843689 -76.109818 1063.565552
v 393.689026 -76.191551 1049.322510
v 390.361328 -76.245659 1039.893921
v 389.317230 -76.265228 1036.483643
v 389.508209 -76.265228 1036.483643
v 389.595001 -76.265228 1036.483643
v 389.598480 -76.265228 1036.483643
v 389.539459 -76.265228 1036.483643
v 389.438751 -76.265228 1036.483643
v 389.317230 -76.265228 1036.483643
v 389.195709 -76.265228 1036.483643
v 389.095001 -76.265228 1036.483643
v 389.035980 -76.265228 1036.483643
v 389.039459 -76.265228 1036.483643
v 389.126251 -76.265228 1036.483643
v 389.317230 -76.265228 1036.483643
v 387.814606 -76.239685 1031.284546
v 383.219086 -76.169067 1016.910706
v 376.149292 -76.062393 995.196960
v 367.223755 -75.928680 967.978333
v 357.061066 -75.776932 937.089783
v 346.279816 -75.616173 904.366272
v 335.498566 -75.455414 871.642761
v 325.335876 -75.303665 840.754211
v 316.410339 -75.169952 813.535583
v 309.340546 -75.063278 791.821838
v 304.745026 -74.992661 777.447937
v 303.242401 -74.967133 772.248962
v 302.312958 -74.902473 768.469116
v 299.302124 -74.723709 758.019043
v 294.626160 -74.453659 742.232727
v 288.701416 -74.115143 722.444275
v 281.944092 -73.730988 699.987732
v 274.770477 -73.324013 676.197144
v 267.596863 -72.917038 652.406555
v 260.839539 -72.532883 629.950012
v 254.914780 -72.194366 610.161560
v 250.238846 -71.924316 594.375305
v 247.228012 -71.745552 583.925232
v 246.298553 -71.680878 580.145386
v 245.379944 -71.535698 575.688293
v 242.399094 -71.134323 563.365723
v 237.768448 -70.527992 544.750793
v 231.900452 -69.767944 521.416565
v 225.207550 -68.905418 494.936157
v 218.102203 -67.991653 466.882629
v 210.996857 -67.077888 438.829102
v 204.303970 -66.215363 412.348694
v 198.435974 -65.455315 389.014465
v 193.805328 -64.848984 370.399536
v 190.824463 -64.447609 358.076965
v 189.905869 -64.302460 353.619934
v 189.382751 -64.225266 350.449097
v 187.495331 -64.011856 341.682739
v 184.516449 -63.689468 328.439941
v 180.718979 -63.285347 311.839844
v 176.375778 -62.826736 293.001465
v 171.759720 -62.340881 273.043945
v 167.143661 -61.855026 253.086426
v 162.800461 -61.396416 234.248047
v 159.002991 -60.992294 217.647949
v 156.024109 -60.669907 204.405151
v 154.136688 -60.456497 195.638794
v 153.613556 -60.379303 192.468140
v 153.065506 -60.314590 189.001831
v 151.109116 -60.135681 179.418579
v 148.026062 -59.865417 164.941772
v 144.098007 -59.526634 146.794678
v 139.606613 -59.142174 126.200806
v 134.833557 -58.734871 104.383545
v 130.060501 -58.327568 82.566284
v 125.569107 -57.943108 61.972412
v 121.641052 -57.604324 43.825439
v 118.557999 -57.334061 29.348633
v 116.601608 -57.155151 19.765381
v 116.053528 -57.090424 16.299194
v 115.365753 -57.055237 13.338379
v 113.023087 -56.957954 5.152710
v 109.356506 -56.810997 -7.212769
v 104.696991 -56.626785 -22.713257
v 99.375519 -56.417732 -40.303589
v 93.723068 -56.196259 -58.938965
v 88.070618 -55.974785 -77.574341
v 82.749146 -55.765732 -95.164673
v 78.089630 -55.581520 -110.665161
v 74.423050 -55.434563 -123.030640
v 72.080383 -55.337280 -131.216309
v 71.392609 -55.302094 -134.177002
v 70.893127 -55.307655 -135.727417
v 69.071030 -55.323029 -140.013916
v 66.190826 -55.346252 -146.489258
v 62.517059 -55.375359 -154.606201
v 58.314240 -55.408394 -163.817505
v 53.846909 -55.443390 -173.576050
v 49.379578 -55.478386 -183.334595
v 45.176758 -55.511421 -192.545898
v 41.502991 -55.540527 -200.662842
v 38.622803 -55.563751 -207.138184
v 36.800690 -55.579124 -211.424683
v 36.301208 -55.584686 -212.975098
v 35.542236 -55.589417 -214.606812
v 33.002716 -55.602493 -219.117920
v 29.038788 -55.622253 -225.932495
v 24.006531 -55.647018 -234.474731
v 18.262054 -55.675125 -244.168701
v 12.161469 -55.704903 -254.438599
v 6.060883 -55.734680 -264.708496
v 0.316406 -55.762787 -274.402466
v -4.715851 -55.787552 -282.944702
v -8.679779 -55.807312 -289.759277
v -11.219299 -55.820389 -294.270386
v -11.978271 -55.825104 -295.901978
v -12.645172 -55.829834 -297.103760
v -14.930145 -55.842903 -300.426392
v -18.509552 -55.862648 -305.445801
v -23.059814 -55.887398 -311.737671
v -28.257294 -55.915482 -318.877930
v -33.778381 -55.945236 -326.442261
v -39.299469 -55.974991 -334.006592
v -44.496948 -56.003075 -341.146851
v -49.047211 -56.027824 -347.438721
v -52.626617 -56.047569 -352.458008
v -54.911591 -56.060638 -355.780640
v -55.578491 -56.065338 -356.982544
v -56.498779 -56.069466 -358.291382
v -59.484253 -56.080887 -361.909790
v -64.121887 -56.098137 -367.375977
v -69.998627 -56.119759 -374.227905
v -76.701447 -56.144295 -382.003662
v -83.817291 -56.170288 -390.241333
v -90.933136 -56.196281 -398.479004
v -97.635956 -56.220818 -406.254761
v -103.512695 -56.242439 -413.106689
v -108.150330 -56.259689 -418.572876
v -111.135803 -56.271111 -422.191284
v -112.056030 -56.275238 -423.500244
v -113.453552 -56.279289 -424.979004
v -117.758484 -56.290497 -429.067505
v -124.389343 -56.307426 -435.243774
v -132.764648 -56.328651 -442.985840
v -142.302917 -56.352737 -451.771729
v -152.422668 -56.378258 -461.079590
v -162.542419 -56.403778 -470.387451
v -172.080688 -56.427864 -479.173340
v -180.455994 -56.449089 -486.915405
v -187.086853 -56.466019 -493.091675
v -191.391785 -56.477226 -497.180176
v -192.789215 -56.481293 -498.658691
v -194.002502 -56.514503 -499.685669
v -197.798096 -56.606316 -502.525146
v -203.659515 -56.745010 -506.814453
v -211.070312 -56.918861 -512.191284
v -219.514038 -57.116158 -518.293091
v -228.474243 -57.325172 -524.757324
v -237.434448 -57.534187 -531.221558
v -245.878174 -57.731483 -537.323364
v -253.289001 -57.905334 -542.700195
v -259.150452 -58.044029 -546.989502
v -262.946045 -58.135841 -549.828979
v -264.159302 -58.169037 -550.855957
v -265.197083 -58.172249 -551.570923
v -268.507385 -58.181129 -553.547729
v -273.635681 -58.194542 -556.533936
v -280.127502 -58.211357 -560.277222
v -287.528381 -58.230438 -564.525146
v -295.383728 -58.250648 -569.025513
v -303.239075 -58.270859 -573.525879
v -310.639954 -58.289940 -577.773804
v -317.131775 -58.306755 -581.517090
v -322.260071 -58.320168 -584.503296
v -325.570374 -58.329048 -586.480103
v -326.608154 -58.332245 -587.195068
v -327.959839 -58.335304 -587.978882
v -332.137939 -58.343758 -590.145874
v -338.577271 -58.356529 -593.419312
v -346.712463 -58.372536 -597.522705
v -355.978210 -58.390701 -602.179321
v -365.809265 -58.409943 -607.112549
v -375.640320 -58.429184 -612.045776
v -384.906067 -58.447350 -616.702393
v -393.041260 -58.463356 -620.805786
v -399.480591 -58.476128 -624.079224
v -403.658691 -58.484581 -626.246216
v -405.010376 -58.487640 -627.029785
v -405.826233 -58.489113 -627.446289
v -408.523010 -58.493187 -628.597778
v -412.724548 -58.499336 -630.337280
v -418.054688 -58.507042 -632.517700
v -424.137146 -58.515793 -634.992188
v -430.595825 -58.525063 -637.613647
v -437.054504 -58.534332 -640.235107
v -443.136963 -58.543083 -642.709595
v -448.467041 -58.550789 -644.890015
v -452.668579 -58.556938 -646.629517
v -455.365356 -58.561012 -647.781006
v -456.181335 -58.562469 -648.197510
v -457.672058 -58.572876 -648.722900
v -462.234558 -58.601654 -650.175415
v -469.254517 -58.645126 -652.369629
v -478.117615 -58.699615 -655.120117
v -488.209412 -58.761452 -658.241577
v -498.915588 -58.826965 -661.548462
v -509.621765 -58.892479 -664.855347
v -519.713562 -58.954315 -667.976807
v -528.576660 -59.008804 -670.727295
v -535.596619 -59.052277 -672.921631
v -540.159119 -59.081055 -674.374268
v -541.649902 -59.091461 -674.899414
v -542.699524 -59.113968 -675.170898
v -546.042664 -59.176193 -675.921143
v -551.220581 -59.270195 -677.054443
v -557.774597 -59.388031 -678.475098
v -565.245972 -59.521751 -680.087402
v -573.176025 -59.663414 -681.795410
v -581.106079 -59.805077 -683.503418
v -588.577454 -59.938797 -685.115723
v -595.131470 -60.056633 -686.536377
v -600.309387 -60.150635 -687.669678
v -603.652527 -60.212860 -688.419922
v -604.702087 -60.235382 -688.691895
v -605.752991 -60.236099 -688.931885
v -609.099609 -60.238075 -689.595703
v -614.282837 -60.241058 -690.598389
v -620.843506 -60.244797 -691.855469
v -628.322449 -60.249039 -693.281982
v -636.260559 -60.253532 -694.793213
v -644.198669 -60.258026 -696.304443
v -651.677612 -60.262268 -697.730957
v -658.238281 -60.266006 -698.988037
v -663.421509 -60.268990 -699.990723
v -666.768127 -60.270966 -700.654541
v -667.819153 -60.271637 -700.894287
v -670.490906 -60.272621 -701.324463
v -678.318726 -60.275337 -702.514160
v -690.271362 -60.279442 -704.311279
v -705.317627 -60.284584 -706.563965
v -722.426270 -60.290421 -709.120361
v -740.566162 -60.296600 -711.828613
v -758.706055 -60.302780 -714.536865
v -775.814697 -60.308617 -717.093262
v -790.860962 -60.313759 -719.345947
v -802.813599 -60.317863 -721.143066
v -810.641357 -60.320580 -722.332764
v -813.313232 -60.321564 -722.762695
v -814.688232 -60.338799 -722.986084
v -818.931030 -60.386444 -723.603760
v -825.468018 -60.458420 -724.536865
v -833.725708 -60.548645 -725.706543
v -843.130493 -60.651039 -727.033936
v -853.108765 -60.759514 -728.440186
v -863.087036 -60.867989 -729.846436
v -872.491821 -60.970383 -731.173828
v -880.749390 -61.060608 -732.343506
v -887.286377 -61.132584 -733.276611
v -891.529175 -61.180229 -733.894287
v -892.904175 -61.197479 -734.118164
v -894.461182 -61.190971 -734.560059
v -899.207031 -61.172989 -735.781982
v -906.503906 -61.145821 -737.627686
v -915.714111 -61.111763 -739.941406
v -926.199829 -61.073112 -742.566895
v -937.323364 -61.032166 -745.348389
v -948.446899 -60.991219 -748.129883
v -958.932617 -60.952568 -750.755371
v -968.142822 -60.918510 -753.069092
v -975.439697 -60.891342 -754.914795
v -980.185547 -60.873360 -756.136719
v -981.742310 -60.866852 -756.578613
v -983.776123 -60.882904 -757.320312
v -989.840210 -60.927292 -759.370605
v -999.128540 -60.994347 -762.468018
v -1010.834961 -61.078400 -766.350586
v -1024.153564 -61.173782 -770.756836
v -1038.278198 -61.274834 -775.424805
v -1052.402832 -61.375885 -780.092773
v -1065.721436 -61.471268 -784.499023
v -1077.427856 -61.555321 -788.381592
v -1086.716187 -61.622375 -791.479004
v -1092.780273 -61.666763 -793.529297
v -1094.814087 -61.682831 -794.270996
v -1096.141357 -61.697075 -794.986572
v -1100.252075 -61.736450 -796.964600
v -1106.589600 -61.795929 -799.952881
v -1114.597290 -61.870491 -803.698730
v -1123.718262 -61.955101 -807.949707
v -1133.395996 -62.044739 -812.453125
v -1143.073730 -62.134377 -816.956543
v -1152.194702 -62.218987 -821.207520
v -1160.202393 -62.293549 -824.953369
v -1166.539917 -62.353027 -827.941650
v -1170.650635 -62.392403 -829.919678
v -1171.978149 -62.406647 -830.635254
v -1172.705200 -62.420998 -831.091064
v -1175.156372 -62.460678 -832.351318
v -1178.986816 -62.520622 -834.255127
v -1183.851807 -62.595764 -836.641602
v -1189.406494 -62.681038 -839.349854
v -1195.305908 -62.771378 -842.218994
v -1201.205322 -62.861717 -845.088135
v -1206.760010 -62.946991 -847.796387
v -1211.625000 -63.022133 -850.182861
v -1215.455444 -63.082077 -852.086670
v -1217.906616 -63.121758 -853.346924
v -1218.633667 -63.136139 -853.802734
v -1220.375366 -63.125473 -855.058105
v -1225.631714 -63.095985 -858.528564
v -1233.699829 -63.051437 -863.771240
v -1243.876831 -62.995598 -870.343018
v -1255.459717 -62.932228 -877.800781
v -1267.745483 -62.865089 -885.701660
v -1280.031250 -62.797951 -893.602539
v -1291.614136 -62.734581 -901.060303
v -1301.791138 -62.678741 -907.632080
v -1309.859253 -62.634193 -912.874756
v -1315.115601 -62.604706 -916.345215
v -1316.857422 -62.594025 -917.600342
v -1314.979004 -89.429962 -210.187012
v -1314.388794 -89.429657 -210.110229
v -1312.977539 -89.428810 -209.677490
v -1310.909546 -89.427536 -208.959961
v -1308.348877 -89.425941 -208.028809
v -1305.459839 -89.424126 -206.955322
v -1302.406616 -89.422203 -205.810669
v -1299.353394 -89.420280 -204.666016
v -1296.464355 -89.418465 -203.592529
v -1293.903687 -89.416870 -202.661377
v -1291.835693 -89.415596 -201.943848
v -1290.424438 -89.414749 -201.511108
v -1289.833984 -89.414459 -201.434448
v -1288.208618 -89.379738 -201.135864
v -1283.935425 -89.283737 -200.089600
v -1277.543945 -89.138710 -198.445312
v -1269.563721 -88.956917 -196.352417
v -1260.524414 -88.750610 -193.960449
v -1250.955566 -88.532051 -191.418945
v -1241.386719 -88.313492 -188.877441
v -1232.347412 -88.107185 -186.485474
v -1224.367188 -87.925392 -184.392578
v -1217.975708 -87.780365 -182.748291
v -1213.702515 -87.684364 -181.702026
v -1212.077026 -87.649628 -181.403320
v -1210.902588 -87.623131 -181.199463
v -1207.876221 -87.549881 -180.415405
v -1203.368408 -87.439232 -179.167114
v -1197.749390 -87.300529 -177.570679
v -1191.389648 -87.143127 -175.742065
v -1184.659546 -86.976372 -173.797485
v -1177.929443 -86.809616 -171.852905
v -1171.569702 -86.652214 -170.024292
v -1165.950684 -86.513512 -168.427856
v -1161.442871 -86.402863 -167.179565
v -1158.416504 -86.329613 -166.395508
v -1157.242065 -86.303131 -166.191650
v -1155.836304 -86.287437 -166.025879
v -1152.170532 -86.244057 -165.347046
v -1146.696655 -86.178528 -164.257690
v -1139.866699 -86.096382 -162.860596
v -1132.132690 -86.003166 -161.258179
v -1123.946655 -85.904411 -159.553223
v -1115.760620 -85.805656 -157.848267
v -1108.026611 -85.712440 -156.245850
v -1101.196655 -85.630295 -154.848755
v -1095.722778 -85.564766 -153.759399
v -1092.057007 -85.521385 -153.080566
v -1090.651489 -85.505707 -152.914795
v -1088.678589 -85.475334 -152.688843
v -1083.444702 -85.391373 -151.843506
v -1075.601929 -85.264534 -150.502686
v -1065.802612 -85.105545 -148.790161
v -1054.698853 -84.925117 -146.829956
v -1042.942871 -84.733971 -144.745850
v -1031.186890 -84.542824 -142.661743
v -1020.083130 -84.362396 -140.701538
v -1010.283813 -84.203407 -138.989014
v -1002.441040 -84.076569 -137.648193
v -997.207153 -83.992607 -136.802856
v -995.234009 -83.962250 -136.576904
v -993.589478 -83.932549 -136.412720
v -989.263428 -83.850441 -135.738281
v -982.792236 -83.726410 -134.655518
v -974.712158 -83.570930 -133.266602
v -965.559448 -83.394493 -131.673584
v -955.870483 -83.207573 -129.978516
v -946.181519 -83.020653 -128.283447
v -937.028809 -82.844215 -126.690430
v -928.948730 -82.688736 -125.301514
v -922.477539 -82.564705 -124.218750
v -918.151489 -82.482597 -123.544312
v -916.507202 -82.452911 -123.380249
v -913.057129 -82.400787 -123.146240
v -903.739380 -82.256691 -122.278687
v -889.727417 -82.039009 -120.904297
v -872.194824 -81.766136 -119.149902
v -852.315186 -81.456474 -117.142090
v -831.261963 -81.128418 -115.007568
v -810.208740 -80.800362 -112.873047
v -790.329102 -80.490700 -110.865234
v -772.796509 -80.217827 -109.110840
v -758.784546 -80.000145 -107.736450
v -749.466797 -79.856049 -106.868896
v -746.016724 -79.803925 -106.634766
v -742.101440 -79.771812 -106.309326
v -731.497437 -79.683037 -105.189087
v -715.542419 -79.548927 -103.432983
v -695.574158 -79.380821 -101.199951
v -672.930420 -79.190048 -98.649048
v -648.948975 -78.987946 -95.939209
v -624.967529 -78.785843 -93.229370
v -602.323792 -78.595070 -90.678467
v -582.355530 -78.426964 -88.445435
v -566.400513 -78.292854 -86.689331
v -555.796509 -78.204079 -85.569092
v -551.881287 -78.171967 -85.243774
v -548.528687 -78.159981 -84.955566
v -539.480347 -78.126846 -83.937988
v -525.875427 -78.076790 -82.337036
v -508.853027 -78.014046 -80.298584
v -489.552368 -77.942841 -77.968384
v -469.112549 -77.867401 -75.492310
v -448.672729 -77.791962 -73.016235
v -429.372070 -77.720757 -70.686035
v -412.349670 -77.658012 -68.647583
v -398.744751 -77.607956 -67.046631
v -389.696411 -77.574821 -66.029053
v -386.343933 -77.562836 -65.740845
v -383.532043 -77.558456 -65.482666
v -375.978516 -77.546356 -64.548340
v -364.631714 -77.528076 -63.072998
v -350.439941 -77.505165 -61.192017
v -334.351562 -77.479164 -59.040527
v -317.314880 -77.451622 -56.753784
v -300.278198 -77.424080 -54.467041
v -284.189819 -77.398079 -52.315552
v -269.998047 -77.375168 -50.434570
v -258.651245 -77.356888 -48.959229
v -251.097717 -77.344788 -48.024902
v -248.285889 -77.340424 -47.766846
v -245.361511 -77.352875 -47.439087
v -237.497070 -77.387299 -46.312256
v -225.680603 -77.439301 -44.546143
v -210.900085 -77.504486 -42.300537
v -194.143524 -77.578461 -39.735352
v -176.398956 -77.656830 -37.010376
v -158.654388 -77.735199 -34.285400
v -141.897827 -77.809174 -31.720215
v -127.117310 -77.874359 -29.474609
v -115.300812 -77.926361 -27.708496
v -107.436371 -77.960785 -26.581665
v -104.511963 -77.973236 -26.253906
v -101.240143 -78.002373 -25.928711
v -92.415070 -78.082924 -24.808960
v -79.147400 -78.204605 -23.053467
v -62.547791 -78.357140 -20.821289
v -43.726898 -78.530243 -18.271240
v -23.795349 -78.713623 -15.562378
v -3.863800 -78.897003 -12.853516
v 14.957092 -79.070107 -10.303467
v 31.556702 -79.222641 -8.071289
v 44.824371 -79.344322 -6.315796
v 53.649445 -79.424873 -5.196045
v 56.921234 -79.454010 -4.870728
v 59.097977 -79.449066 -4.553833
v 64.895447 -79.435387 -3.457153
v 73.589508 -79.414726 -1.736694
v 84.456009 -79.388832 0.451660
v 96.770798 -79.359444 2.951904
v 109.809738 -79.328308 5.608154
v 122.848679 -79.297173 8.264404
v 135.163467 -79.267784 10.764648
v 146.029968 -79.241890 12.953003
v 154.724030 -79.221230 14.673462
v 160.521515 -79.207550 15.770142
v 162.698242 -79.202606 16.086792
v 164.828949 -79.186676 16.493652
v 170.499115 -79.142632 17.839111
v 179.000854 -79.076096 19.935425
v 189.626282 -78.992699 22.594849
v 201.667496 -78.898056 25.629761
v 214.416595 -78.797791 28.852417
v 227.165710 -78.697525 32.075073
v 239.206924 -78.602882 35.109985
v 249.832352 -78.519485 37.769409
v 258.334106 -78.452950 39.865723
v 264.004272 -78.408905 41.211182
v 266.134949 -78.392975 41.618042
v 267.390533 -78.364021 41.869629
v 270.641296 -78.283981 42.785645
v 275.488190 -78.163063 44.233276
v 281.532166 -78.011490 46.079590
v 288.374207 -77.839485 48.191772
v 295.615295 -77.657257 50.436768
v 302.856354 -77.475029 52.681763
v 309.698425 -77.303024 54.793945
v 315.742401 -77.151451 56.640259
v 320.589264 -77.030533 58.087891
v 323.840027 -76.950493 59.003906
v 325.095612 -76.921539 59.255615
v 326.725800 -76.905243 59.660400
v 331.012207 -76.860191 61.000122
v 337.423615 -76.792137 63.087769
v 345.428741 -76.706825 65.736328
v 354.496338 -76.610008 68.758789
v 364.095215 -76.507446 71.968262
v 373.694061 -76.404884 75.177734
v 382.761658 -76.308067 78.200195
v 390.766785 -76.222755 80.848755
v 397.178192 -76.154701 82.936401
v 401.464600 -76.109650 84.276123
v 403.094788 -76.093353 84.680664
v 405.041931 -76.051552 85.354736
v 410.204681 -75.935989 87.439087
v 417.939850 -75.761421 90.651489
v 427.604370 -75.542595 94.710083
v 438.555145 -75.294266 99.332764
v 450.149017 -75.031181 104.237427
v 461.742889 -74.768097 109.142090
v 472.693665 -74.519768 113.764771
v 482.358185 -74.300941 117.823364
v 490.093384 -74.126373 121.035767
v 495.256104 -74.010811 123.120117
v 497.203247 -73.969025 123.794067
v 499.230103 -73.947128 124.622070
v 504.613220 -73.886581 127.131958
v 512.681274 -73.795120 130.987305
v 522.763123 -73.680473 135.851807
v 534.187439 -73.550369 141.389038
v 546.283020 -73.412537 147.262695
v 558.378601 -73.274704 153.136353
v 569.802917 -73.144600 158.673584
v 579.884766 -73.029953 163.538086
v 587.952820 -72.938492 167.393433
v 593.335938 -72.877945 169.903320
v 595.362793 -72.856049 170.731445
v 597.191223 -72.844528 171.531372
v 602.025696 -72.812683 173.963623
v 609.265015 -72.764572 177.701782
v 618.307983 -72.704262 182.419312
v 628.553345 -72.635826 187.789795
v 639.399902 -72.563324 193.486694
v 650.246460 -72.490822 199.183594
v 660.491821 -72.422386 204.554077
v 669.534729 -72.362076 209.271606
v 676.774048 -72.313965 213.009766
v 681.608521 -72.282120 215.442017
v 683.436890 -72.270599 216.241821
v 685.521851 -72.247414 217.094116
v 691.065552 -72.183304 219.671143
v 699.376343 -72.086464 223.627930
v 709.762329 -71.965073 228.619507
v 721.531799 -71.827309 234.301025
v 733.993042 -71.681366 240.327393
v 746.454285 -71.535423 246.353760
v 758.223755 -71.397659 252.035278
v 768.609741 -71.276268 257.026855
v 776.920532 -71.179428 260.983643
v 782.464233 -71.115318 263.560669
v 784.549194 -71.092133 264.413086
v 787.232788 -71.088188 265.489746
v 794.431519 -71.077286 268.687012
v 805.242432 -71.060814 273.580811
v 818.762390 -71.040169 279.746948
v 834.088440 -71.016739 286.761353
v 850.317505 -70.991913 294.199829
v 866.546570 -70.967087 301.638306
v 881.872620 -70.943657 308.652710
v 895.392578 -70.923012 314.818848
v 906.203430 -70.906540 319.712646
v 913.402161 -70.895638 322.909912
v 916.085754 -70.891693 323.986328
v 919.752930 -70.866905 325.366821
v 929.671082 -70.798378 329.403931
v 944.589966 -70.694862 335.566406
v 963.259460 -70.565102 343.322876
v 984.429321 -70.417847 352.142029
v 1006.849365 -70.261841 361.492554
v 1029.269409 -70.105835 370.843079
v 1050.439209 -69.958580 379.662231
v 1069.108765 -69.828819 387.418701
v 1084.027588 -69.725304 393.581177
v 1093.945801 -69.656776 397.618286
v 1097.613037 -69.631989 398.998779
v 1100.111694 -69.604919 399.804321
v 1106.799072 -69.530075 402.251953
v 1116.837646 -69.417007 406.013245
v 1129.389404 -69.275276 410.759766
v 1143.616699 -69.114433 416.163147
v 1158.681885 -68.944038 421.894958
v 1173.746826 -68.773643 427.626770
v 1187.974121 -68.612801 433.030151
v 1200.526001 -68.471069 437.776672
v 1210.564453 -68.358002 441.537964
v 1217.251953 -68.283157 443.985596
v 1219.750732 -68.256073 444.791016
v 1222.698853 -68.208740 445.694153
v 1230.629028 -68.077881 448.411621
v 1242.544800 -67.880196 452.580566
v 1257.449707 -67.632393 457.838135
v 1274.347534 -67.351181 463.821411
v 1292.241699 -67.053261 470.167542
v 1310.135864 -66.755341 476.513672
v 1327.033691 -66.474129 482.496948
v 1341.938599 -66.226326 487.754517
v 1353.854370 -66.028641 491.923462
v 1361.784546 -65.897781 494.640930
v 1364.732788 -65.850433 495.544067
v -8.253662 -71.904404 -72.702026
v -6.392609 -71.906876 -71.437134
v -3.708923 -71.910606 -69.526245
v -0.408234 -71.915283 -67.130981
v 3.303772 -71.920593 -64.412720
v 7.221466 -71.926216 -61.532959
v 11.139160 -71.931839 -58.653198
v 14.851166 -71.937149 -55.934937
v 18.151855 -71.941826 -53.539673
v 20.835541 -71.945557 -51.628784
v 25.854431 -72.034081 -48.154297
v 28.127350 -72.033730 -46.206543
v 30.910828 -72.252792 -43.759888
v 34.032532 -72.395027 -40.976074
v 37.320190 -72.549995 -38.016846
v 40.601501 -72.710823 -35.043823
v 43.704193 -72.870621 -32.218750
v 46.455963 -73.022507 -29.703247
v 48.684509 -73.159592 -27.659058
v 52.062866 -73.413933 -24.463501
v 55.019028 -73.433243 -21.528198
v 59.397400 -73.425171 -17.181519
v 64.843994 -73.395096 -11.779907
v 71.004868 -73.348396 -5.679443
v 77.526047 -73.290459 0.763428
v 84.053558 -73.226662 7.192627
v 90.233444 -73.162399 13.251709
v 95.711746 -73.103043 18.584473
v 100.134491 -73.053978 22.834717
v 103.147705 -73.020592 25.646118
v 104.397430 -73.008270 26.662476
v 106.799484 -72.990242 28.846069
v 112.998688 -72.941849 34.883545
v 122.234604 -72.871635 44.005371
v 133.746796 -72.788139 55.441772
v 146.774826 -72.699905 68.423218
v 160.558273 -72.615463 82.179932
v 174.336700 -72.543358 95.942261
v 187.349670 -72.492134 108.940552
v 198.836761 -72.470322 120.405151
v 208.037506 -72.486465 129.566406
v 214.191528 -72.549103 135.654663
v 216.538361 -72.666794 137.900513
v 217.304825 -72.749390 138.923218
v 219.089020 -72.716499 141.631348
v 221.687378 -72.591225 145.687744
v 224.896393 -72.396660 150.755371
v 228.512512 -72.155907 156.497192
v 232.332153 -71.892052 162.576050
v 236.151825 -71.628204 168.654907
v 239.767929 -71.387451 174.396729
v 242.976944 -71.192894 179.464355
v 245.575317 -71.067627 183.520752
v 247.359528 -71.034744 186.228882
v 249.703506 -71.197433 191.508057
v 251.222305 -71.105865 196.147705
v 253.078064 -70.953552 201.946411
v 255.158447 -70.760742 208.517822
v 257.351135 -70.547684 215.475586
v 259.543823 -70.334633 222.433350
v 261.624207 -70.141830 229.004761
v 263.479980 -69.989525 234.803467
v 264.998779 -69.897964 239.443115
v 266.068329 -69.887390 242.537231
v 267.205292 -70.097076 245.821411
v 267.671814 -70.048691 248.093018
v 268.208496 -69.950516 250.923340
v 268.791962 -69.819138 254.126221
v 269.398804 -69.671165 257.515381
v 270.005646 -69.523193 260.904541
v 270.589111 -69.391823 264.107422
v 271.125824 -69.293648 266.937744
v 271.592346 -69.245270 269.209351
v 272.533173 -69.518883 274.669800
v 272.647888 -69.509972 278.290894
v 272.743591 -69.461266 282.812866
v 272.826599 -69.386032 287.935425
v 272.903290 -69.297539 293.358276
v 272.979950 -69.209045 298.781128
v 273.062988 -69.133812 303.903687
v 273.158661 -69.085106 308.425659
v 273.273376 -69.076195 312.046753
v 273.413483 -69.120338 314.466675
v 273.475098 -69.399895 318.935425
v 273.115906 -69.405792 322.794800
v 272.610168 -69.373993 327.620239
v 271.999939 -69.315559 333.094116
v 271.327362 -69.241539 338.898804
v 270.634521 -69.162994 344.716675
v 269.963562 -69.090973 350.230103
v 269.356537 -69.036537 355.121399
v 268.855621 -69.010735 359.072876
v 268.502899 -69.024628 361.766968
v 268.340454 -69.089264 362.886108
v 268.265472 -69.161743 363.779175
v 268.152466 -69.196869 365.850220
v 268.009827 -69.202271 368.863647
v 267.845825 -69.185585 372.583862
v 267.668762 -69.154449 376.775391
v 267.486938 -69.116493 381.202576
v 267.308716 -69.079346 385.629944
v 267.142395 -69.050644 389.821899
v 266.996246 -69.038025 393.542847
v 266.878601 -69.049118 396.557312
v 266.797791 -69.091553 398.629639
v 266.762085 -69.172966 399.524292
v 266.724579 -69.298706 401.487000
v 266.640381 -69.463318 406.511841
v 266.521118 -69.658264 413.986145
v 266.378296 -69.874985 423.297180
v 266.223450 -70.104942 433.832214
v 266.068146 -70.339592 444.978577
v 265.923920 -70.570381 456.123474
v 265.802307 -70.788757 466.654236
v 265.714844 -70.986183 475.958130
v 265.673096 -71.154106 483.422485
v 265.688599 -71.283981 488.434509
v 266.097931 -71.453278 495.298584
v 266.309143 -71.479065 500.497009
v 266.542847 -71.496902 506.960022
v 266.791565 -71.509438 514.266113
v 267.047729 -71.519325 521.993774
v 267.303925 -71.529213 529.721436
v 267.552612 -71.541748 537.027527
v 267.786316 -71.559578 543.490540
v 267.997528 -71.585358 548.688965
v 269.255951 -71.850693 559.338684
v 270.142090 -71.980011 565.442200
v 271.221802 -72.127625 573.039795
v 272.430603 -72.287437 581.633423
v 273.703918 -72.453346 590.725037
v 274.977234 -72.619255 599.816650
v 276.186005 -72.779068 608.410278
v 277.265717 -72.926682 616.007874
v 278.151855 -73.055992 622.111389
v 279.798920 -73.348701 630.976562
v 280.441315 -73.404846 634.195251
v 281.215485 -73.460739 638.176636
v 282.077545 -73.516464 642.666504
v 282.983521 -73.572105 647.410583
v 283.889496 -73.627747 652.154663
v 284.751526 -73.683472 656.644531
v 285.525696 -73.739365 660.625916
v 286.168091 -73.795509 663.844604
v 286.634766 -73.851990 666.046387
v 286.881744 -73.908905 666.976868
v 287.285217 -73.965935 668.533813
v 288.184448 -74.022781 672.467224
v 289.480255 -74.079483 678.301758
v 291.073486 -74.136070 685.562195
v 292.865051 -74.192581 693.773193
v 294.755768 -74.249054 702.459473
v 296.646454 -74.305527 711.145752
v 298.438019 -74.362038 719.356750
v 300.031281 -74.418625 726.617188
v 301.327087 -74.475319 732.451721
v 302.226288 -74.532166 736.385132
v 300.902924 -74.576347 731.781311
v 298.837891 -74.492447 724.690369
v 296.218262 -74.372795 715.748413
v 293.228882 -74.229301 705.572449
v 290.054657 -74.073891 694.779480
v 286.880432 -73.918480 683.986511
v 283.891052 -73.774986 673.810547
v 281.271423 -73.655327 664.868591
v 279.206390 -73.571426 657.777649
v 277.880798 -73.535202 653.154724
v 277.479553 -73.558563 651.616638
v 277.134949 -73.557770 650.114807
v 275.965912 -73.454750 645.591553
v 274.137329 -73.269951 638.651184
v 271.814087 -73.023819 629.897949
v 269.161102 -72.736794 619.936157
v 266.343231 -72.429321 609.370117
v 263.525360 -72.121849 598.804077
v 260.872375 -71.834824 588.842285
v 258.549164 -71.588684 580.089050
v 256.720581 -71.403885 573.148682
v 255.551544 -71.300865 568.625427
v 255.206909 -71.300079 567.123657
v 254.943054 -71.297783 565.790649
v 253.997314 -71.190613 561.734131
v 252.506073 -70.999535 555.498840
v 250.605713 -70.745529 547.629456
v 248.432587 -70.449570 538.670715
v 246.123077 -70.132637 529.167236
v 243.813583 -69.815704 519.663757
v 241.640457 -69.519745 510.705017
v 239.740082 -69.265739 502.835632
v 238.248840 -69.074661 496.600342
v 237.303101 -68.967484 492.543823
v 237.039246 -68.965179 491.210876
v 236.791168 -68.977699 489.959839
v 235.889099 -68.911484 486.130005
v 234.463791 -68.782272 480.237122
v 232.646088 -68.605820 472.796997
v 230.566772 -68.397873 464.325317
v 228.356644 -68.174179 455.337891
v 226.146515 -67.950478 446.350464
v 224.067200 -67.742531 437.878784
v 222.249496 -67.566078 430.438599
v 220.824188 -67.436867 424.545715
v 219.922104 -67.370644 420.715881
v 219.674042 -67.383148 419.464844
v 219.454285 -67.387093 418.194153
v 218.630432 -67.297165 414.309875
v 217.323334 -67.132141 408.334778
v 215.653778 -66.910789 400.791565
v 213.742599 -66.651894 392.202942
v 211.710602 -66.374222 383.091614
v 209.678604 -66.096550 373.980286
v 207.767426 -65.837646 365.391663
v 206.097870 -65.616295 357.848450
v 204.790741 -65.451263 351.873352
v 203.966888 -65.361328 347.989014
v 203.747101 -65.365265 346.718262
v 203.542511 -65.357895 345.524292
v 202.760651 -65.236679 341.852051
v 201.516968 -65.024384 336.197266
v 199.926910 -64.743782 329.055542
v 198.105927 -64.417641 320.922485
v 196.169495 -64.068733 312.293823
v 194.233063 -63.719826 303.665161
v 192.412094 -63.393684 295.532104
v 190.822021 -63.113083 288.390381
v 189.578339 -62.900787 282.735596
v 188.796448 -62.779564 279.063354
v 188.591858 -62.772186 277.869141
v 188.174637 -62.743439 275.756104
v 186.804886 -62.563118 269.543091
v 184.673126 -62.261543 260.050049
v 181.969833 -61.869026 248.096924
v 178.885529 -61.415878 234.503784
v 175.610718 -60.932419 220.090698
v 172.335907 -60.448959 205.677612
v 169.251602 -59.995811 192.084473
v 166.548309 -59.603287 180.131348
v 164.416534 -59.301704 170.638306
v 163.046768 -59.121376 164.425171
v 162.629547 -59.092621 162.312256
v 162.336594 -59.105713 160.471680
v 161.310410 -59.041069 155.011963
v 159.697632 -58.914238 146.656982
v 157.644913 -58.740768 136.130493
v 155.298904 -58.536209 124.156250
v 152.806259 -58.316101 111.458252
v 150.313614 -58.095993 98.760254
v 147.967606 -57.891434 86.786011
v 145.914886 -57.717964 76.259399
v 144.302109 -57.591133 67.904297
v 143.275925 -57.526489 62.444580
v 142.982971 -57.539581 60.604004
v 142.872513 -57.557045 59.746582
v 142.350891 -57.504486 57.005005
v 141.500336 -57.395912 52.756104
v 140.403076 -57.245323 47.376831
v 139.141342 -57.066727 41.243896
v 137.797379 -56.874123 34.734131
v 136.453415 -56.681519 28.224365
v 135.191681 -56.502922 22.091431
v 134.094421 -56.352333 16.712158
v 133.243866 -56.243759 12.463257
v 132.722244 -56.191200 9.721680
v 132.611816 -56.208649 8.864136
v 132.353317 -56.248947 7.760010
v 131.422394 -56.259529 4.336426
v 129.953522 -56.246338 -0.942749
v 128.081192 -56.215317 -7.613647
v 125.939880 -56.172409 -15.212280
v 123.664093 -56.123558 -23.274780
v 121.388306 -56.074707 -31.337280
v 119.246994 -56.031799 -38.935913
v 117.374664 -56.000778 -45.606812
v 115.905792 -55.987587 -50.885986
v 114.974854 -55.998169 -54.309570
v 114.716339 -56.038483 -55.413574
v 114.262085 -56.067902 -56.906494
v 112.789963 -56.048401 -61.405151
v 110.503555 -55.989761 -68.308350
v 107.606430 -55.901772 -77.015015
v 104.302155 -55.794212 -86.923950
v 100.794312 -55.676872 -97.433960
v 97.286469 -55.559532 -107.943970
v 93.982193 -55.451973 -117.852905
v 91.085068 -55.363983 -126.559570
v 88.798660 -55.305344 -133.462769
v 87.326538 -55.285843 -137.961426
v 86.872284 -55.315277 -139.454346
v 86.590073 -55.355469 -140.177612
v 85.593582 -55.365761 -142.548218
v 84.025681 -55.352127 -146.236694
v 82.029221 -55.320557 -150.913574
v 79.747040 -55.277023 -156.249390
v 77.322006 -55.227509 -161.914673
v 74.896973 -55.177994 -167.579956
v 72.614792 -55.134460 -172.915771
v 70.618332 -55.102890 -177.592651
v 69.050430 -55.089256 -181.281128
v 68.053955 -55.099548 -183.651733
v 67.771759 -55.139740 -184.374756
v 67.093948 -55.166260 -185.680786
v 65.003769 -55.138741 -189.662476
v 61.783691 -55.067993 -195.784790
v 57.716187 -54.964821 -203.512573
v 53.083725 -54.840034 -212.310547
v 48.168793 -54.704437 -221.643677
v 43.253845 -54.568840 -230.976807
v 38.621399 -54.444054 -239.774780
v 34.553894 -54.340881 -247.502563
v 31.333801 -54.270134 -253.624878
v 29.243622 -54.242615 -257.606567
v 28.565826 -54.269135 -258.912598
v 27.658844 -54.321159 -260.374146
v 24.935089 -54.364151 -264.786011
v 20.757904 -54.399918 -271.558105
v 15.490662 -54.430267 -280.100464
v 9.496704 -54.457008 -289.822876
v 3.139374 -54.481941 -300.135376
v -3.217957 -54.506874 -310.447876
v -9.211914 -54.533615 -320.170288
v -14.479156 -54.563965 -328.712646
v -18.656342 -54.599731 -335.484741
v -21.380096 -54.642723 -339.896606
v -22.287048 -54.694733 -341.358398
v -23.034332 -54.768005 -342.234131
v -25.316589 -54.869751 -345.026245
v -28.826843 -54.994278 -349.351562
v -33.258087 -55.135887 -354.826660
v -38.303345 -55.288887 -361.068359
v -43.655579 -55.447578 -367.693359
v -49.007812 -55.606270 -374.318359
v -54.053070 -55.759270 -380.560059
v -58.484314 -55.900879 -386.035156
v -61.994568 -56.025406 -390.360474
v -64.276825 -56.127151 -393.152588
v -65.024170 -56.200409 -394.028076
v -65.988892 -56.246918 -394.970093
v -68.872314 -56.274666 -397.945557
v -73.290710 -56.287399 -402.547729
v -78.860321 -56.288879 -408.369995
v -85.197418 -56.282852 -415.005615
v -91.918274 -56.273071 -422.047974
v -98.639130 -56.263290 -429.090332
v -104.976227 -56.257263 -435.725952
v -110.545837 -56.258743 -441.548218
v -114.964233 -56.271477 -446.150391
v -117.877380 -56.387703 -449.185669
v -117.877380 -56.387703 -449.185669
v -115.508484 -56.402901 -447.117554
v -111.992493 -56.396690 -444.100708
v -107.616211 -56.374413 -440.372314
v -102.666382 -56.341431 -436.169556
v -97.429779 -56.303093 -431.729614
v -92.193176 -56.264755 -427.289673
v -87.243347 -56.231773 -423.086914
v -82.867065 -56.209496 -419.358521
v -79.351074 -56.203285 -416.341675
v -76.982178 -56.218483 -414.273560
v -76.047180 -56.260468 -413.391479
v -75.386627 -56.275848 -412.701660
v -73.776642 -56.217537 -411.165649
v -71.407104 -56.100273 -408.952759
v -68.467926 -55.938797 -406.232178
v -65.148956 -55.747841 -403.173096
v -61.640106 -55.542145 -399.944702
v -58.131256 -55.336449 -396.716309
v -54.812286 -55.145493 -393.657227
v -51.873108 -54.984016 -390.936646
v -49.503571 -54.866753 -388.723755
v -47.893585 -54.808441 -387.187744
v -47.233093 -54.823822 -386.498047
v -46.514557 -54.865677 -385.817627
v -44.744232 -54.880569 -384.307373
v -42.132477 -54.873886 -382.133301
v -38.889679 -54.851021 -379.461304
v -35.226166 -54.817368 -376.457397
v -31.352295 -54.778320 -373.287598
v -27.478424 -54.739273 -370.117798
v -23.814911 -54.705620 -367.113892
v -20.572113 -54.682755 -364.441895
v -17.960358 -54.676071 -362.267822
v -16.190033 -54.690964 -360.757568
v -15.471466 -54.732819 -360.077271
v -14.407684 -54.800278 -359.219849
v -11.682892 -54.885956 -357.220337
v -7.629303 -54.986206 -354.307129
v -2.579132 -55.097382 -350.708740
v 3.135437 -55.215843 -346.653564
v 9.182220 -55.337952 -342.369873
v 15.229004 -55.460060 -338.086182
v 20.943573 -55.578522 -334.031006
v 25.993744 -55.689697 -330.432617
v 30.047333 -55.789948 -327.519409
v 32.772125 -55.875626 -325.519897
v 33.835876 -55.943085 -324.662476
v 34.827698 -55.984886 -323.916016
v 37.353516 -55.999619 -322.223389
v 41.106537 -55.992699 -319.773804
v 45.779968 -55.969536 -316.756592
v 51.066986 -55.935547 -313.360840
v 56.660812 -55.896149 -309.775879
v 62.254639 -55.856750 -306.190918
v 67.541656 -55.822762 -302.795166
v 72.215073 -55.799599 -299.777954
v 75.968094 -55.792679 -297.328369
v 78.493912 -55.807411 -295.635742
v 79.485718 -55.849213 -294.889282
v 79.943436 -55.912720 -294.448242
v 80.992661 -55.987473 -293.599854
v 82.515076 -56.071220 -292.425537
v 84.392395 -56.161713 -291.006836
v 86.506317 -56.256706 -289.425293
v 88.738525 -56.353943 -287.762207
v 90.970734 -56.451180 -286.099121
v 93.084656 -56.546173 -284.517578
v 94.961975 -56.636665 -283.098877
v 96.484390 -56.720413 -281.924561
v 97.533615 -56.795166 -281.076172
v 97.991333 -56.858673 -280.635132
v 98.384338 -56.924423 -280.147827
v 99.254654 -57.005379 -279.171753
v 100.506805 -57.098495 -277.804688
v 102.045334 -57.200729 -276.144287
v 103.774780 -57.309044 -274.288330
v 105.599686 -57.420403 -272.334717
v 107.424591 -57.531761 -270.381104
v 109.154037 -57.640076 -268.525146
v 110.692566 -57.742310 -266.864746
v 111.944717 -57.835426 -265.497681
v 112.815033 -57.916382 -264.521606
v 113.208008 -57.982147 -264.034424
v 113.549957 -58.040146 -263.514160
v 114.279068 -58.099663 -262.446777
v 115.317932 -58.160393 -260.941650
v 116.589096 -58.222031 -259.108276
v 118.015121 -58.284279 -257.056152
v 119.518585 -58.346832 -254.894531
v 121.022049 -58.409386 -252.732910
v 122.448074 -58.471634 -250.680786
v 123.719238 -58.533272 -248.847412
v 124.758102 -58.594002 -247.342285
v 125.487213 -58.653519 -246.274902
v 125.829163 -58.711517 -245.754761
v 126.385025 -58.782272 -244.831543
v 127.705551 -58.877052 -242.650269
v 129.637817 -58.991051 -239.462524
v 132.028885 -59.119469 -235.519897
v 134.725830 -59.257500 -231.074097
v 137.575699 -59.400330 -226.376709
v 140.425568 -59.543159 -221.679321
v 143.122513 -59.681190 -217.233521
v 145.513580 -59.809608 -213.290894
v 147.445847 -59.923607 -210.103149
v 149.639694 -60.161156 -205.910400
v 150.300507 -60.259026 -203.271729
v 151.234924 -60.376923 -199.392456
v 152.373215 -60.509010 -194.582031
v 153.645660 -60.649467 -189.149902
v 154.982498 -60.792458 -183.405640
v 156.314011 -60.932152 -177.658691
v 157.570465 -61.062721 -172.218628
v 158.682114 -61.178329 -167.394775
v 159.579224 -61.273148 -163.496826
v 160.192062 -61.341354 -160.834106
v 160.450912 -61.377098 -159.716309
v 160.494644 -61.394066 -158.815063
v 160.511887 -61.409790 -156.751099
v 160.507477 -61.424255 -153.756836
v 160.486267 -61.437462 -150.064819
v 160.453094 -61.449394 -145.907471
v 160.412796 -61.460045 -141.517212
v 160.370224 -61.469406 -137.126465
v 160.330231 -61.477470 -132.967651
v 160.297653 -61.484230 -129.273315
v 160.277328 -61.489677 -126.275879
v 160.274109 -61.493797 -124.207764
v 160.292847 -61.496574 -123.301147
v 160.240189 -61.535545 -122.525391
v 160.038681 -61.639145 -120.818481
v 159.716949 -61.793770 -118.366577
v 159.303619 -61.985817 -115.356079
v 158.827332 -62.201691 -111.973267
v 158.316711 -62.427788 -108.404541
v 157.800385 -62.650505 -104.836060
v 157.306992 -62.856247 -101.454224
v 156.865158 -63.031410 -98.445312
v 156.503525 -63.162392 -95.995605
v 156.250717 -63.235588 -94.291504
v 156.135345 -63.237389 -93.519409
v 155.869659 -63.228722 -92.588013
v 155.200073 -63.272247 -90.444092
v 154.206497 -63.357018 -87.330444
v 152.968857 -63.472099 -83.489990
v 151.567062 -63.606544 -79.165527
v 150.081039 -63.749420 -74.599976
v 148.590714 -63.889771 -70.036133
v 147.175995 -64.016663 -65.716919
v 145.916824 -64.119156 -61.885132
v 144.893097 -64.186302 -58.783691
v 144.184753 -64.207161 -56.655396
v 142.448151 -64.095619 -53.152466
v 140.977081 -64.095795 -50.551147
v 139.155548 -64.113312 -47.346924
v 137.100342 -64.142303 -43.740845
v 134.928268 -64.176888 -39.933960
v 132.756134 -64.211189 -36.127197
v 130.700729 -64.239334 -32.521484
v 128.878860 -64.255447 -29.317871
v 127.407333 -64.253654 -26.717285
v 126.402939 -64.228088 -24.920776
v 125.982483 -64.172867 -24.129272
v 125.982483 -64.172867 -24.129272
v 126.083237 -64.253876 -24.379028
v 125.982483 -64.172867 -24.129272
v 125.467300 -64.141075 -23.430054
v 124.200989 -64.180252 -21.888672
v 122.333771 -64.276199 -19.673462
v 120.015869 -64.414726 -16.953003
v 117.397522 -64.581642 -13.895630
v 114.628952 -64.762749 -10.669800
v 111.860382 -64.943855 -7.443970
v 109.242035 -65.110771 -4.386597
v 106.924133 -65.249298 -1.666138
v 105.056915 -65.345245 0.549072
v 103.790604 -65.384422 2.090454
v 103.275421 -65.352631 2.789551
v 102.688202 -65.332191 3.400391
v 101.222000 -65.402527 4.696777
v 99.051361 -65.545082 6.540649
v 96.350830 -65.741295 8.793823
v 93.294952 -65.972603 11.318237
v 90.058289 -66.220459 13.975708
v 86.815384 -66.466301 16.628174
v 83.740784 -66.691574 19.137451
v 81.009033 -66.877716 21.365479
v 78.794678 -67.006172 23.174194
v 77.272263 -67.058388 24.425415
v 76.616333 -67.015793 24.981079
v 76.034332 -66.944557 25.414307
v 74.715302 -66.917145 26.326172
v 72.806213 -66.924515 27.620117
v 70.454056 -66.957619 29.199585
v 67.805801 -67.007401 30.968262
v 65.008438 -67.064819 32.829590
v 62.208939 -67.120819 34.687134
v 59.554291 -67.166359 36.444458
v 57.191483 -67.192383 38.005127
v 55.267487 -67.189842 39.272583
v 53.929276 -67.149689 40.150391
v 53.323853 -67.062881 40.542114
v 52.489578 -67.008438 40.878418
v 50.518463 -67.057617 41.602783
v 47.637848 -67.189682 42.637451
v 44.075104 -67.383911 43.904907
v 40.057617 -67.619576 45.327515
v 35.812744 -67.875938 46.827759
v 31.567841 -68.132278 48.327881
v 27.550262 -68.367859 49.750366
v 23.987396 -68.561951 51.017456
v 21.106598 -68.693832 52.051636
v 19.135223 -68.742767 52.775269
v 18.300568 -68.688034 53.110962
v 17.700806 -68.630096 53.328735
v 16.378571 -68.669815 53.725830
v 14.478210 -68.787010 54.264526
v 12.144104 -68.961517 54.907104
v 9.520630 -69.173164 55.615967
v 6.752106 -69.401787 56.353516
v 3.982910 -69.627213 57.082031
v 1.357422 -69.829269 57.763916
v -0.980011 -69.987785 58.361450
v -2.885040 -70.082588 58.837036
v -4.213287 -70.093513 59.153076
v -4.820374 -70.000397 59.271973
v -4.820374 -70.000404 59.271851
v -4.820374 -70.000397 59.271973
v -5.736511 -69.896851 59.314209
v -7.919189 -69.878578 59.417847
v -11.115112 -69.928528 59.570557
v -15.070953 -70.029648 59.760010
v -19.533417 -70.164879 59.973999
v -24.249176 -70.317162 60.200195
v -28.964935 -70.469444 60.426392
v -33.427399 -70.604675 60.640381
v -37.383240 -70.705795 60.829834
v -40.579163 -70.755745 60.982544
v -42.761841 -70.737473 61.086182
v -43.677979 -70.633942 61.128418
v -44.820923 -70.543793 60.979614
v -47.630646 -70.562553 60.554810
v -51.773773 -70.668449 59.909180
v -56.916962 -70.839699 59.097900
v -62.726868 -71.054512 58.176270
v -68.870148 -71.291107 57.199341
v -75.013428 -71.527702 56.222412
v -80.823334 -71.742516 55.300781
v -85.966522 -71.913765 54.489502
v -90.109650 -72.019661 53.843872
v -92.919373 -72.038422 53.419067
v -94.062317 -71.948273 53.270020
v -95.165863 -71.856209 52.907227
v -97.866638 -71.869682 51.890991
v -101.845245 -71.967590 50.352051
v -106.782196 -72.128822 48.421021
v -112.358032 -72.332268 46.228516
v -118.253326 -72.556824 43.905396
v -124.148621 -72.781380 41.582275
v -129.724457 -72.984825 39.389771
v -134.661407 -73.146057 37.458740
v -138.640015 -73.243965 35.919800
v -141.340790 -73.257439 34.903564
v -142.444336 -73.165375 34.540771
v -143.951141 -73.081779 33.938354
v -147.766815 -73.118675 32.259399
v -153.429596 -73.251961 29.719360
v -160.477722 -73.457535 26.533447
v -168.449402 -73.711304 22.916870
v -176.882843 -73.989174 19.085083
v -185.316284 -74.267044 15.253296
v -193.287964 -74.520813 11.636719
v -200.336090 -74.726387 8.450806
v -205.998901 -74.859673 5.910767
v -209.814575 -74.896568 4.231812
v -211.321350 -74.812958 3.629395
v -212.082581 -74.717873 3.391846
v -213.837036 -74.723000 2.721802
v -216.386047 -74.808296 1.705688
v -219.531006 -74.953712 0.430054
v -223.073242 -75.139214 -1.018555
v -226.814148 -75.344757 -2.553711
v -230.555054 -75.550301 -4.088867
v -234.097290 -75.735802 -5.537476
v -237.242249 -75.881218 -6.813110
v -239.791260 -75.966507 -7.829224
v -241.545715 -75.971634 -8.499268
v -242.307007 -75.876556 -8.736694
v -244.179138 -75.799980 -9.277466
v -249.004822 -75.856277 -10.786011
v -256.193359 -76.018875 -13.068726
v -265.154053 -76.261200 -15.932007
v -275.296204 -76.556671 -19.182373
v -286.029053 -76.878716 -22.626343
v -296.761902 -77.200760 -26.070312
v -306.904053 -77.496231 -29.320679
v -315.864746 -77.738556 -32.183960
v -323.053284 -77.901154 -34.466675
v -327.878967 -77.957451 -35.975220
v -329.751099 -77.880890 -36.515869
v -331.077759 -77.767326 -36.781128
v -334.395508 -77.721352 -37.527832
v -339.306091 -77.729454 -38.659790
v -345.411316 -77.778114 -40.080566
v -352.312927 -77.853813 -41.693970
v -359.612793 -77.943031 -43.403687
v -366.912659 -78.032249 -45.113403
v -373.814270 -78.107948 -46.726807
v -379.919495 -78.156609 -48.147583
v -384.830078 -78.164711 -49.279541
v -388.147827 -78.118736 -50.026245
v -388.318237 -77.889175 -50.089233
v -384.771362 -77.836533 -49.543579
v -379.311951 -77.834557 -48.723022
v -372.418213 -77.870583 -47.696411
v -364.568176 -77.931946 -46.532349
v -356.240051 -78.005974 -45.299683
v -347.911926 -78.080002 -44.067017
v -340.061890 -78.141365 -42.902954
v -333.168152 -78.177391 -41.876343
v -327.708740 -78.175415 -41.055786
v -324.161865 -78.122772 -40.510132
v -323.005615 -78.006805 -40.307861
v -321.723511 -77.890686 -40.128174
v -317.828735 -77.837662 -39.644653
v -311.843872 -77.835114 -38.918091
v -304.291382 -77.870422 -38.009277
v -295.693848 -77.930962 -36.979004
v -286.573730 -78.004120 -35.887939
v -277.453613 -78.077278 -34.796875
v -268.856079 -78.137817 -33.766602
v -261.303589 -78.173126 -32.857788
v -255.318726 -78.170578 -32.131226
v -251.423950 -78.117554 -31.647705
v -250.141846 -78.001434 -31.468018
v -248.574158 -77.884766 -31.216431
v -243.889771 -77.830215 -30.534058
v -236.712036 -77.825356 -29.507080
v -227.664307 -77.857765 -28.221680
v -217.369873 -77.915024 -26.763916
v -206.452087 -77.984711 -25.219971
v -195.534332 -78.054398 -23.676025
v -185.239899 -78.111656 -22.218262
v -176.192139 -78.144066 -20.932861
v -169.014404 -78.139206 -19.905884
v -164.330017 -78.084656 -19.223511
v -162.762329 -77.967987 -18.971680
v -160.444427 -77.875885 -18.601562
v -153.685913 -77.889252 -17.591675
v -143.374939 -77.987000 -16.070068
v -130.399597 -78.148033 -14.164551
v -115.648010 -78.351250 -12.003174
v -100.008301 -78.575562 -9.713745
v -84.368591 -78.799873 -7.424316
v -69.617004 -79.003090 -5.262939
v -56.641663 -79.164124 -3.357422
v -46.330688 -79.261871 -1.835815
v -39.572174 -79.275238 -0.825928
v -37.254272 -79.183136 -0.455811
v -35.161102 -79.087227 -0.092529
v -29.023987 -79.090073 0.898438
v -19.651672 -79.171928 2.391602
v -7.852997 -79.313034 4.261475
v 5.563263 -79.493645 6.382324
v 19.788330 -79.694008 8.628784
v 34.013397 -79.894371 10.875244
v 47.429657 -80.074982 12.996094
v 59.228333 -80.216087 14.865967
v 68.600632 -80.297943 16.359131
v 74.737747 -80.300789 17.350098
v 76.830933 -80.204865 17.713379
v 78.450653 -80.094406 18.053711
v 83.278854 -80.057022 18.981445
v 90.673843 -80.078102 20.379028
v 99.993927 -80.143028 22.129028
v 110.597397 -80.237183 24.113892
v 121.842575 -80.345955 26.216187
v 133.087753 -80.454727 28.318481
v 143.691223 -80.548882 30.303345
v 153.011307 -80.613808 32.053345
v 160.406296 -80.634888 33.450928
v 165.234497 -80.597504 34.378662
v 166.854202 -80.487030 34.718994
v 168.435669 -80.343719 35.146118
v 173.158142 -80.215523 36.313843
v 180.393402 -80.099419 38.073975
v 189.513275 -79.992378 40.278320
v 199.889526 -79.891388 42.778931
v 210.893997 -79.793419 45.427612
v 221.898468 -79.695450 48.076294
v 232.274719 -79.594460 50.576904
v 241.394592 -79.487419 52.781250
v 248.629852 -79.371315 54.541382
v 253.352325 -79.243118 55.709106
v 254.933777 -79.099823 56.136108
v 254.713303 -78.931076 56.144409
v 254.710556 -78.928970 56.144531
v 255.157013 -79.270691 56.127441
v 255.154266 -79.268585 56.127563
v 254.933777 -79.099823 56.136108
v 256.974792 -78.924370 56.833496
v 262.967712 -78.707291 58.748169
v 272.122192 -78.456917 61.636719
v 283.647827 -78.181564 65.255737
v 296.754242 -77.889565 69.361572
v 310.651031 -77.589241 73.710938
v 324.547852 -77.288918 78.060303
v 337.654236 -76.996918 82.166138
v 349.179901 -76.721565 85.785156
v 358.334381 -76.471191 88.673706
v 364.327301 -76.254112 90.588379
v 366.368286 -76.078644 91.285767
v 368.788300 -75.931381 92.289795
v 375.829132 -75.792236 95.052124
v 386.566589 -75.659592 99.221191
v 400.076538 -75.531830 104.445312
v 415.434784 -75.407318 110.372803
v 431.717194 -75.284424 116.651978
v 447.999634 -75.161530 122.931152
v 463.357880 -75.037018 128.858643
v 476.867798 -74.909256 134.082764
v 487.605286 -74.776611 138.251831
v 494.646088 -74.637466 141.014160
v 497.066132 -74.490204 142.018555
v 499.055756 -74.340408 143.043945
v 504.906616 -74.194283 145.865601
v 513.846497 -74.051094 150.124268
v 525.103149 -73.910103 155.460693
v 537.904297 -73.770584 161.515625
v 551.477661 -73.631798 167.929810
v 565.051086 -73.493011 174.343994
v 577.852234 -73.353493 180.398926
v 589.108887 -73.212502 185.735352
v 598.048706 -73.069313 189.994019
v 603.899658 -72.923187 192.815674
v 605.889221 -72.773407 193.841553
v 607.502563 -72.624794 194.751831
v 612.313232 -72.481926 197.255127
v 619.681641 -72.343651 201.032837
v 628.968506 -72.208824 205.766357
v 639.534180 -72.076294 211.137085
v 650.739380 -71.944916 216.826416
v 661.944519 -71.813538 222.515747
v 672.510254 -71.681007 227.886475
v 681.796997 -71.546181 232.619995
v 689.165466 -71.407906 236.397705
v 693.976074 -71.265038 238.901001
v 695.589417 -71.116425 239.811035
v 693.660828 -71.015472 239.034546
v 688.678955 -71.004372 236.874390
v 681.254517 -71.065155 233.607300
v 671.998108 -71.179855 229.510010
v 661.520386 -71.330498 224.859253
v 650.432007 -71.499107 219.931763
v 639.343628 -71.667717 215.004272
v 628.865906 -71.818359 210.353516
v 619.609497 -71.933060 206.256226
v 612.185059 -71.993843 202.989136
v 607.203186 -71.982742 200.828979
v 605.274597 -71.881805 200.052124
v 604.202026 -71.754593 199.696533
v 601.586914 -71.670906 198.699951
v 597.737793 -71.622032 197.190674
v 592.963074 -71.599274 195.296875
v 587.571350 -71.593925 193.146729
v 581.871094 -71.597282 190.868408
v 576.170837 -71.600639 188.590088
v 570.779114 -71.595291 186.439941
v 566.004395 -71.572533 184.546143
v 562.155212 -71.523666 183.036865
v 559.540100 -71.439980 182.040283
v 558.467590 -71.312775 181.684570
v 557.404114 -71.167542 181.355103
v 554.814026 -71.034019 180.430908
v 551.002686 -70.909866 179.030884
v 546.275391 -70.792740 177.274048
v 540.937500 -70.680298 175.279297
v 535.294189 -70.570198 173.165527
v 529.651001 -70.460098 171.051758
v 524.313049 -70.347656 169.057007
v 519.585754 -70.230530 167.300171
v 515.774414 -70.106377 165.900146
v 513.184326 -69.972855 164.975952
v 512.120850 -69.827606 164.646362
v 510.954254 -69.684639 164.395142
v 508.079132 -69.557388 163.687134
v 503.837158 -69.442711 162.613770
v 498.570099 -69.337463 161.266357
v 492.619629 -69.238495 159.736328
v 486.327423 -69.142670 158.114868
v 480.035217 -69.046844 156.493408
v 474.084747 -68.947876 154.963379
v 468.817688 -68.842628 153.615967
v 464.575714 -68.727951 152.542603
v 461.700592 -68.600700 151.834595
v 460.533966 -68.457733 151.583496
v 459.108368 -68.368889 151.345947
v 455.517151 -68.391273 150.675659
v 450.193481 -68.502640 149.659302
v 443.570435 -68.680748 148.383301
v 436.081146 -68.903343 146.934204
v 428.158752 -69.148186 145.398560
v 420.236328 -69.393028 143.862915
v 412.747040 -69.615623 142.413818
v 406.123993 -69.793732 141.137817
v 400.800293 -69.905098 140.121460
v 397.209106 -69.927483 139.451172
v 395.783508 -69.838654 139.213501
v 394.380951 -69.725044 139.036499
v 390.853485 -69.678955 138.533936
v 385.626099 -69.686874 137.770752
v 379.123718 -69.735306 136.812256
v 371.771423 -69.810745 135.723511
v 363.994110 -69.899689 134.569580
v 356.216797 -69.988632 133.415649
v 348.864471 -70.064072 132.326904
v 342.362122 -70.112503 131.368408
v 337.134735 -70.120422 130.605225
v 333.607269 -70.074333 130.102661
v 332.204712 -69.960724 129.925659
v 331.640961 -69.872917 129.877075
v 330.432526 -69.898170 129.729492
v 328.708374 -70.013870 129.502686
v 326.597382 -70.197411 129.216431
v 324.228516 -70.426170 128.890625
v 321.730743 -70.677544 128.545044
v 319.232941 -70.928917 128.199463
v 316.864105 -71.157677 127.873657
v 314.753113 -71.341217 127.587402
v 308.192871 -71.225426 126.213623
v 305.035645 -71.223083 125.149414
v 301.128357 -71.258644 123.813354
v 296.720947 -71.319481 122.296143
v 292.063538 -71.392952 120.688354
v 287.406128 -71.466423 119.080566
v 282.998718 -71.527260 117.563354
v 279.091400 -71.562820 116.227295
v 275.934204 -71.560478 115.163086
v 269.997589 -71.332916 112.660034
v 267.052521 -71.453003 110.928955
v 263.411102 -71.642036 108.757080
v 259.305481 -71.877037 106.291260
v 254.967728 -72.135017 103.678467
v 250.629974 -72.392998 101.065674
v 246.524353 -72.627998 98.599854
v 242.882935 -72.817032 96.427979
v 239.937866 -72.937119 94.696899
v 233.885651 -72.715080 90.544800
v 230.600204 -72.718864 87.651367
v 226.532135 -72.762108 84.022461
v 221.942337 -72.831665 79.903320
v 217.091644 -72.914375 75.538940
v 212.240967 -72.997086 71.174561
v 207.651154 -73.066643 67.055420
v 203.583099 -73.109886 63.426514
v 200.297668 -73.113670 60.533081
v 198.055725 -73.064842 58.620239
v 197.118164 -72.950226 57.933228
v 195.946198 -72.836662 56.984375
v 193.056244 -72.790703 54.347900
v 188.791901 -72.798828 50.361206
v 183.496750 -72.847511 45.361938
v 177.514404 -72.923233 39.687500
v 171.188461 -73.012482 33.675537
v 164.862518 -73.101730 27.663574
v 158.880173 -73.177452 21.989136
v 153.585022 -73.226135 16.989868
v 149.320679 -73.234261 13.003174
v 146.430725 -73.188301 10.366699
v 145.258759 -73.074738 9.417969
v 143.811447 -72.935791 8.193848
v 140.160217 -72.819656 4.796265
v 134.745865 -72.721771 -0.340210
v 128.009155 -72.637573 -6.780762
v 120.390884 -72.562492 -14.090820
v 112.331833 -72.491974 -21.835571
v 104.272781 -72.421455 -29.580322
v 96.654510 -72.346375 -36.890381
v 89.917801 -72.262177 -43.330933
v 84.503448 -72.164291 -48.467407
v 80.852219 -72.048157 -51.864990
v 79.404938 -71.909210 -53.089111
v 78.320648 -71.766014 -53.966919
v 75.673050 -71.638123 -56.407349
v 71.774811 -71.522476 -60.097778
v 66.938599 -71.416016 -64.725708
v 61.477066 -71.315681 -69.978638
v 55.702866 -71.218407 -75.544067
v 49.928680 -71.121132 -81.109497
v 44.467133 -71.020798 -86.362427
v 39.630920 -70.914337 -90.990356
v 35.732697 -70.798691 -94.680786
v 33.085114 -70.670799 -97.121216
v 32.000763 -70.527618 -97.999023
v 31.259583 -70.382996 -98.625000
v 29.560608 -70.251160 -100.369019
v 27.095398 -70.129555 -103.007446
v 24.055511 -70.015625 -106.316772
v 20.632507 -69.906815 -110.073242
v 17.017944 -69.800560 -114.053345
v 13.403381 -69.694305 -118.033447
v 9.980377 -69.585495 -121.789917
v 6.940491 -69.471565 -125.099243
v 4.475281 -69.349960 -127.737671
v 2.776306 -69.218124 -129.481689
v 1.426697 -68.925781 -130.822388
v 0.094849 -68.785347 -132.811401
v -1.815765 -68.650757 -135.819946
v -4.160461 -68.520546 -139.593262
v -6.794525 -68.393257 -143.876343
v -9.573273 -68.267426 -148.414307
v -12.352020 -68.141594 -152.952271
v -14.986084 -68.014305 -157.235352
v -17.330780 -67.884094 -161.008667
v -19.241394 -67.749504 -164.017212
v -20.573242 -67.609070 -166.006226
v -21.181610 -67.461334 -166.720825
v -21.688568 -67.321396 -167.395142
v -22.739990 -67.202507 -169.272949
v -24.226959 -67.100464 -172.113525
v -26.040619 -67.011047 -175.676147
v -28.072052 -66.930054 -179.720093
v -30.212402 -66.853271 -184.004761
v -32.352753 -66.776489 -188.289429
v -34.384186 -66.695496 -192.333374
v -36.197845 -66.606079 -195.895996
v -37.684814 -66.504036 -198.736572
v -38.736237 -66.385147 -200.614380
v -39.243195 -66.245209 -201.288574
v -39.805267 -66.102654 -202.288330
v -41.009094 -65.976540 -205.065796
v -42.726288 -65.863579 -209.265381
v -44.828552 -65.760483 -214.531616
v -47.187500 -65.663963 -220.508911
v -49.674805 -65.570732 -226.841797
v -52.162109 -65.477501 -233.174683
v -54.521057 -65.380981 -239.151978
v -56.623322 -65.277885 -244.418213
v -58.340515 -65.164925 -248.617798
v -59.544342 -65.038811 -251.395264
v -60.106384 -64.896271 -252.395264
v -60.603516 -64.722656 -253.234985
v -61.627808 -64.510674 -255.569824
v -63.073822 -64.267998 -259.100830
v -64.836151 -64.002304 -263.528931
v -66.809326 -63.721260 -268.555176
v -68.887939 -63.432549 -273.880371
v -70.966553 -63.143837 -279.205566
v -72.939728 -62.862793 -284.231812
v -74.702057 -62.597099 -288.659912
v -76.148071 -62.354424 -292.190918
v -77.172363 -62.142441 -294.525757
v -77.669556 -61.968842 -295.365723
v -78.092682 -61.849625 -295.992310
v -78.912384 -61.788025 -297.738159
v -80.049316 -61.772522 -300.379272
v -81.424194 -61.791588 -303.691895
v -82.957672 -61.833702 -307.452148
v -84.570465 -61.887337 -311.436279
v -86.183258 -61.940971 -315.420410
v -87.716736 -61.983086 -319.180664
v -89.091614 -62.002151 -322.493286
v -90.228546 -61.986649 -325.134399
v -91.048248 -61.925049 -326.880249
v -91.471436 -61.805817 -327.507080
v -92.219421 -61.640175 -328.560791
v -93.937195 -61.450241 -331.487305
v -96.430786 -61.240868 -335.911987
v -99.506256 -61.016914 -341.460327
v -102.969635 -60.783241 -347.757812
v -106.626984 -60.544708 -354.429810
v -110.284332 -60.306175 -361.101807
v -113.747711 -60.072502 -367.399292
v -116.823181 -59.848549 -372.947632
v -119.316772 -59.639175 -377.372314
v -121.034546 -59.449242 -380.298828
v -121.782501 -59.283600 -381.352417
v -122.429993 -59.155739 -381.993408
v -123.869995 -59.070236 -383.778931
v -125.944000 -59.018631 -386.480103
v -128.493500 -58.992439 -389.867920
v -131.359985 -58.983192 -393.713623
v -134.384979 -58.982422 -397.788208
v -137.409973 -58.981651 -401.862793
v -140.276459 -58.972404 -405.708496
v -142.825958 -58.946213 -409.096313
v -144.899963 -58.894608 -411.797485
v -146.339966 -58.809105 -413.583008
v -146.987396 -58.681244 -414.223877
v -146.987396 -58.681252 -414.223877
v -146.987396 -58.681244 -414.223877
v -147.917725 -58.550774 -415.105225
v -150.139618 -58.458061 -417.555420
v -153.394775 -58.395561 -421.260620
v -157.424866 -58.355713 -425.906982
v -161.971588 -58.330971 -431.180908
v -166.776642 -58.313782 -436.768555
v -171.581696 -58.296593 -442.356201
v -176.128418 -58.271851 -447.630127
v -180.158508 -58.232002 -452.276489
v -183.413666 -58.169502 -455.981689
v -185.635559 -58.076790 -458.431885
v -186.870697 -57.830284 -459.464966
v -187.363312 -57.777496 -459.897461
v -188.006165 -57.775299 -460.554688
v -188.761658 -57.811050 -461.380371
v -189.592285 -57.872101 -462.318481
v -190.460449 -57.945801 -463.312744
v -191.328613 -58.019501 -464.307007
v -192.159241 -58.080551 -465.245117
v -194.355042 -57.945282 -467.312134
v -195.487122 -57.831459 -468.140869
v -198.266815 -57.784775 -470.445557
v -202.364624 -57.791801 -473.930908
v -207.450989 -57.839111 -478.301880
v -213.196411 -57.913277 -483.263184
v -219.271362 -58.000870 -488.519653
v -225.346313 -58.088463 -493.776123
v -231.091736 -58.162628 -498.737427
v -236.178101 -58.209938 -503.108398
v -240.275879 -58.216965 -506.593750
v -246.860168 -57.903183 -511.555054
v -249.583130 -57.918266 -513.591919
v -252.946106 -57.975677 -516.147095
v -256.735718 -58.061310 -519.047852
v -260.738708 -58.161049 -522.121338
v -264.741699 -58.260788 -525.194824
v -268.531311 -58.346420 -528.095581
v -271.894287 -58.403831 -530.650757
v -274.617249 -58.418915 -532.687622
v -281.793213 -58.129509 -537.337280
v -286.547485 -58.163567 -540.477295
v -292.456787 -58.244759 -544.415405
v -299.136108 -58.357376 -548.885498
v -306.200439 -58.485710 -553.621582
v -313.264771 -58.614044 -558.357666
v -319.944092 -58.726662 -562.827759
v -325.853394 -58.807854 -566.765869
v -330.607666 -58.841911 -569.905884
v -333.821960 -58.813118 -571.981934
v -335.111206 -58.705780 -572.728027
v -335.111206 -58.705788 -572.728027
v -335.111206 -58.705780 -572.728027
v -336.165710 -58.613892 -573.197266
v -338.730957 -58.627853 -574.508057
v -342.504822 -58.726494 -576.492065
v -347.185120 -58.888641 -578.980957
v -352.469727 -59.093132 -581.806396
v -358.056458 -59.318794 -584.800171
v -363.643188 -59.544456 -587.793945
v -368.927795 -59.748947 -590.619385
v -373.608093 -59.911095 -593.108276
v -377.381958 -60.009735 -595.092285
v -379.947205 -60.023697 -596.403076
v -381.001831 -59.931793 -596.872314
v -381.984680 -59.817032 -597.276367
v -384.351807 -59.767761 -598.406860
v -387.826416 -59.770882 -600.118530
v -392.131592 -59.813301 -602.266113
v -396.990479 -59.881912 -604.704224
v -402.126221 -59.963623 -607.287598
v -407.261963 -60.045334 -609.870972
v -412.120850 -60.113945 -612.309082
v -416.426025 -60.156364 -614.456665
v -419.900635 -60.159485 -616.168335
v -422.267761 -60.110214 -617.298828
v -423.250671 -59.995453 -617.703125
v -423.771301 -59.862556 -617.878174
v -424.856140 -59.764633 -618.375610
v -426.384888 -59.697212 -619.131104
v -428.237183 -59.655838 -620.080322
v -430.292786 -59.636047 -621.158936
v -432.431335 -59.633377 -622.302490
v -434.532471 -59.643356 -623.446655
v -436.475952 -59.661530 -624.527100
v -438.141418 -59.683434 -625.479492
v -439.408569 -59.704605 -626.239502
v -440.157104 -59.720581 -626.742676
v -440.266724 -59.726898 -626.924805
v -440.266724 -59.726898 -626.924805
v -440.266724 -59.726898 -626.924805
v -439.765747 -59.726746 -626.822876
v -438.821838 -59.726334 -626.541016
v -437.523560 -59.725708 -626.115356
v -435.959534 -59.724930 -625.581665
v -434.218384 -59.724045 -624.976074
v -432.388611 -59.723106 -624.334473
v -430.558838 -59.722168 -623.692871
v -428.817688 -59.721283 -623.087280
v -427.253662 -59.720505 -622.553589
v -425.955383 -59.719879 -622.127930
v -425.011475 -59.719467 -621.846069
v -424.510498 -59.719330 -621.744385
v -423.998840 -59.722351 -621.602417
v -423.025513 -59.730698 -621.209839
v -421.682800 -59.743309 -620.616821
v -420.063049 -59.759125 -619.873535
v -418.258606 -59.777069 -619.030029
v -416.361877 -59.796082 -618.136353
v -414.465149 -59.815094 -617.242676
v -412.660706 -59.833038 -616.399170
v -411.040955 -59.848854 -615.655884
v -409.698242 -59.861465 -615.062866
v -408.724915 -59.869812 -614.670288
v -408.213318 -59.872833 -614.528320
v -407.466736 -59.869095 -614.251221
v -405.843750 -59.858765 -613.485229
v -403.519714 -59.843155 -612.328125
v -400.669861 -59.823586 -610.877563
v -397.469421 -59.801384 -609.231445
v -394.093689 -59.777863 -607.487549
v -390.717957 -59.754341 -605.743652
v -387.517517 -59.732140 -604.097534
v -384.667664 -59.712570 -602.646973
v -382.343628 -59.696960 -601.489868
v -380.720642 -59.686630 -600.723877
v -379.973999 -59.682892 -600.446777
v -379.089233 -59.656502 -600.100220
v -377.084351 -59.583534 -599.141968
v -374.183411 -59.473305 -597.694458
v -370.610352 -59.335129 -595.880005
v -366.589294 -59.178322 -593.820923
v -362.344177 -59.012199 -591.639526
v -358.099060 -58.846077 -589.458130
v -354.078003 -58.689270 -587.399048
v -350.504944 -58.551094 -585.584595
v -347.604004 -58.440865 -584.137085
v -345.599121 -58.367897 -583.178833
v -344.714417 -58.341522 -582.832153
v -343.740356 -58.339333 -582.385742
v -341.488647 -58.333275 -581.151611
v -338.214722 -58.324120 -579.287231
v -334.174194 -58.312645 -576.950195
v -329.622559 -58.299622 -574.297974
v -324.815430 -58.285828 -571.488159
v -320.008301 -58.272034 -568.678345
v -315.456665 -58.259010 -566.026123
v -311.416138 -58.247536 -563.689087
v -308.142212 -58.238380 -561.824707
v -305.890503 -58.232323 -560.590576
v -304.916504 -58.230133 -560.144043
v -304.044800 -58.227913 -559.631470
v -302.075989 -58.221771 -558.214233
v -299.229492 -58.212494 -556.073364
v -295.724731 -58.200859 -553.389771
v -291.781128 -58.187660 -550.344238
v -287.618103 -58.173676 -547.117798
v -283.455078 -58.159691 -543.891357
v -279.511475 -58.146492 -540.845825
v -276.006714 -58.134857 -538.162231
v -273.160217 -58.125580 -536.021362
v -271.191406 -58.119438 -534.604126
v -270.319824 -58.117218 -534.091553
v -269.392212 -58.115898 -533.563354
v -267.268799 -58.112251 -532.103027
v -264.188782 -58.106743 -529.896973
v -260.391296 -58.099831 -527.131592
v -256.115479 -58.091988 -523.993286
v -251.600525 -58.083679 -520.668579
v -247.085571 -58.075371 -517.343872
v -242.809753 -58.067528 -514.205566
v -239.012268 -58.060616 -511.440186
v -235.932251 -58.055107 -509.234131
v -233.808838 -58.051460 -507.773804
v -232.881165 -58.050140 -507.245361
v -232.881165 -58.050140 -507.245361
v -232.881165 -58.050140 -507.245361
v -231.670593 -58.045532 -506.397827
v -228.764954 -58.032799 -504.054565
v -224.503296 -58.013565 -500.514771
v -219.224609 -57.989456 -496.077637
v -213.267883 -57.962097 -491.042236
v -206.972107 -57.933113 -485.707642
v -200.676361 -57.904129 -480.373047
v -194.719604 -57.876770 -475.337646
v -189.440887 -57.852661 -470.900513
v -185.179230 -57.833427 -467.360718
v -182.273621 -57.820694 -465.017456
v -181.063080 -57.816071 -464.170044
v -179.917816 -57.811218 -463.279297
v -177.192657 -57.797806 -460.816772
v -173.203613 -57.777542 -457.096802
v -168.266632 -57.752144 -452.433716
v -162.697693 -57.723320 -447.141846
v -156.812805 -57.692780 -441.535645
v -150.927917 -57.662239 -435.929443
v -145.358978 -57.633415 -430.637573
v -140.421997 -57.608017 -425.974487
v -136.432953 -57.587753 -422.254517
v -133.707825 -57.574341 -419.791992
v -132.562561 -57.569489 -418.901367
v -131.113281 -57.565872 -417.484009
v -127.547668 -57.555878 -413.565552
v -122.288971 -57.540779 -407.646118
v -115.760468 -57.521851 -400.225952
v -108.385406 -57.500366 -391.805298
v -100.587097 -57.477608 -382.884399
v -92.788788 -57.454849 -373.963501
v -85.413727 -57.433365 -365.542847
v -78.885223 -57.414436 -358.122681
v -73.626526 -57.399338 -352.203247
v -70.060913 -57.389343 -348.284790
v -68.611633 -57.385712 -346.867676
v -67.408600 -57.354042 -345.466675
v -64.523712 -57.266479 -341.593384
v -60.293335 -57.134209 -335.742188
v -55.053864 -56.968407 -328.407593
v -49.141663 -56.780243 -320.084106
v -42.893097 -56.580902 -311.266113
v -36.644531 -56.381561 -302.448120
v -30.732330 -56.193398 -294.124634
v -25.492859 -56.027596 -286.790039
v -21.262482 -55.895325 -280.938843
v -18.377594 -55.807762 -277.065552
v -17.174500 -55.776093 -275.664307
v -16.160278 -55.771568 -274.244141
v -13.797424 -55.759064 -270.317627
v -10.355652 -55.740173 -264.386108
v -6.104706 -55.716499 -256.950806
v -1.314301 -55.689629 -248.513062
v 3.745819 -55.661163 -239.574097
v 8.805939 -55.632698 -230.635132
v 13.596344 -55.605827 -222.197388
v 17.847290 -55.582153 -214.762085
v 21.289062 -55.563263 -208.830566
v 23.651917 -55.550758 -204.904053
v 24.666199 -55.546234 -203.483887
v 25.467987 -55.564362 -202.150635
v 27.241699 -55.614876 -198.462402
v 29.789948 -55.691994 -192.886230
v 32.915283 -55.789932 -185.889038
v 36.420288 -55.902901 -177.937988
v 40.107544 -56.025108 -169.500122
v 43.779633 -56.150772 -161.042603
v 47.239136 -56.274101 -153.032349
v 50.288605 -56.389313 -145.936401
v 52.730637 -56.490616 -140.221924
v 54.367813 -56.572220 -136.355957
v 55.002731 -56.628349 -134.805664
v 55.357986 -56.662697 -133.605469
v 56.222061 -56.684090 -130.707886
v 57.496216 -56.694435 -126.456299
v 59.081726 -56.695625 -121.194092
v 60.879868 -56.689568 -115.264771
v 62.791916 -56.678154 -109.011841
v 64.719131 -56.663284 -102.778687
v 66.562790 -56.646866 -96.908691
v 68.224167 -56.630791 -91.745239
v 69.604538 -56.616959 -87.631836
v 70.605164 -56.607262 -84.911987
v 73.168900 -56.600868 -78.927368
v 74.270370 -56.599060 -75.630005
v 75.486649 -56.597008 -71.888062
v 76.760330 -56.594833 -67.923828
v 78.034012 -56.592659 -63.959595
v 79.250290 -56.590607 -60.217651
v 80.351761 -56.588799 -56.920288
v 81.281036 -56.587357 -54.289795
v 81.980698 -56.586403 -52.548462
v 82.393341 -56.586029 -51.918701
v 83.058090 -56.607056 -49.998169
v 84.454758 -56.665184 -44.688477
v 86.436966 -56.752998 -36.667480
v 88.858322 -56.863075 -26.613037
v 91.572449 -56.987991 -15.203003
v 94.432968 -57.120331 -3.115112
v 97.293488 -57.252670 8.972778
v 100.007614 -57.377586 20.382812
v 102.428970 -57.487663 30.437256
v 104.411179 -57.575478 38.458252
v 105.807846 -57.633606 43.767944
v 106.472626 -57.654633 45.688232
v 106.995071 -57.687683 47.354736
v 107.998291 -57.779045 51.962158
v 109.386139 -57.917068 58.922241
v 111.062454 -58.090080 67.646851
v 112.931091 -58.286415 77.547729
v 114.895874 -58.494415 88.036865
v 116.860657 -58.702415 98.526001
v 118.729294 -58.898750 108.426880
v 120.405609 -59.071762 117.151489
v 121.793457 -59.209785 124.111572
v 122.796677 -59.301147 128.718872
v 123.319138 -59.334198 130.385254
v 123.823227 -59.356094 131.903809
v 124.775696 -59.416626 136.102295
v 126.086868 -59.508072 142.444702
v 127.667068 -59.622704 150.395020
v 129.426620 -59.752785 159.417236
v 131.275848 -59.890594 168.975464
v 133.125076 -60.028404 178.533691
v 134.884628 -60.158485 187.555908
v 136.464828 -60.273117 195.506226
v 137.776001 -60.364563 201.848633
v 138.728470 -60.425095 206.047119
v 139.232513 -60.446991 207.565796
v 139.842621 -60.500381 209.434692
v 141.088211 -60.647987 214.601685
v 142.842194 -60.870964 222.407104
v 144.977478 -61.150467 232.191406
v 147.366959 -61.467659 243.294922
v 149.883530 -61.803688 255.058105
v 152.400101 -62.139717 266.821289
v 154.789581 -62.456909 277.924805
v 156.924866 -62.736412 287.709106
v 158.678848 -62.959389 295.514526
v 159.924438 -63.106995 300.681519
v 160.534546 -63.160370 302.550537
v 161.113266 -63.201485 304.089111
v 162.272079 -63.315147 308.342896
v 163.894958 -63.486855 314.768799
v 165.865891 -63.702087 322.823853
v 168.068863 -63.946342 331.964966
v 170.387863 -64.205109 341.649048
v 172.706863 -64.463875 351.333130
v 174.909836 -64.708130 360.474243
v 176.880768 -64.923363 368.529297
v 178.503647 -65.095070 374.955200
v 179.662460 -65.208733 379.208984
v 180.241180 -65.249847 380.747681
v 180.836151 -65.307274 382.341675
v 182.039871 -65.466042 386.748657
v 183.730606 -65.705887 393.406067
v 185.786591 -66.006531 401.751221
v 188.086090 -66.347717 411.221619
v 190.507324 -66.709167 421.254578
v 192.928558 -67.070618 431.287537
v 195.228058 -67.411804 440.757935
v 197.284042 -67.712448 449.103088
v 198.974777 -67.952293 455.760498
v 200.178497 -68.111061 460.167480
v 200.773468 -68.168488 461.761536
v 201.686096 -68.217667 463.920227
v 203.764664 -68.355881 469.888550
v 206.770126 -68.569130 478.904846
v 210.463486 -68.843422 490.207458
v 214.605713 -69.164764 503.034729
v 218.957825 -69.519157 516.624939
v 223.280762 -69.892601 530.216431
v 227.335541 -70.271111 543.047607
v 230.883118 -70.640678 554.356750
v 233.684509 -70.987320 563.382141
v 235.500687 -71.297035 569.362183
v 236.092621 -71.555832 571.535217
v 235.195129 -71.686012 569.456848
v 232.893463 -71.640160 563.683044
v 229.474274 -71.449661 554.952637
v 225.224243 -71.145920 544.004456
v 220.430038 -70.760330 531.577271
v 215.378326 -70.324295 518.409973
v 210.355743 -69.869202 505.241394
v 205.649002 -69.426453 492.810364
v 201.544739 -69.027435 481.855652
v 198.329636 -68.703552 473.116150
v 196.290344 -68.486198 467.330627
v 195.713562 -68.406769 465.237854
v 195.370514 -68.387894 464.001770
v 193.980896 -68.335709 460.584412
v 191.754028 -68.256882 455.421997
v 188.899216 -68.158066 448.950806
v 185.625793 -68.045929 441.607056
v 182.143036 -67.927132 433.827087
v 178.660309 -67.808334 426.047119
v 175.386887 -67.696198 418.703369
v 172.532089 -67.597382 412.232178
v 170.305222 -67.518555 407.069763
v 168.915604 -67.466370 403.652405
v 168.572540 -67.447479 402.416260
v 168.041626 -67.431358 400.976440
v 166.132614 -67.386795 396.995789
v 163.121124 -67.319473 390.982422
v 159.282776 -67.235077 383.444580
v 154.893188 -67.139305 374.890381
v 150.227982 -67.037842 365.828003
v 145.562775 -66.936378 356.765625
v 141.173187 -66.840607 348.211426
v 137.334839 -66.756210 340.673584
v 134.323349 -66.688889 334.660278
v 132.414337 -66.644325 330.679565
v 131.883438 -66.628204 329.239624
v 131.883469 -66.628204 329.239624
v 131.883438 -66.628204 329.239624
v 131.176132 -66.654610 327.351440
v 128.779465 -66.727608 322.131226
v 125.031311 -66.837883 314.245361
v 120.269531 -66.976112 304.360229
v 114.832001 -67.132980 293.142334
v 109.056610 -67.299164 281.257935
v 103.281219 -67.465347 269.373535
v 97.843689 -67.622215 258.155518
v 93.081909 -67.760445 248.270386
v 89.333755 -67.870720 240.384521
v 86.187164 -67.964653 232.800171
v 85.628143 -67.949539 231.484253
v 84.656006 -67.926704 229.496338
v 83.374039 -67.898079 227.004395
v 81.885513 -67.865593 224.176514
v 80.293701 -67.831177 221.180542
v 78.701889 -67.796761 218.184570
v 77.213364 -67.764275 215.356689
v 75.931396 -67.735649 212.864746
v 74.411652 -67.723167 207.483765
v 74.166916 -67.757492 205.707520
v 73.796753 -67.800514 203.480957
v 73.342987 -67.849335 200.954224
v 72.847412 -67.901062 198.277344
v 72.351837 -67.952789 195.600464
v 71.898071 -68.001610 193.073730
v 71.527924 -68.044632 190.847168
v 71.492218 -68.041023 184.549683
v 71.359497 -67.964622 181.310181
v 71.129745 -67.868851 177.249390
v 70.835297 -67.760162 172.640991
v 70.508514 -67.645020 167.758911
v 70.181732 -67.529877 162.876831
v 69.887283 -67.421188 158.268433
v 69.657532 -67.325417 154.207642
v 69.998901 -67.107986 145.040771
v 69.964813 -67.060417 143.058228
v 69.892426 -67.006432 140.808472
v 69.800888 -66.949242 138.425049
v 69.709351 -66.892052 136.041626
v 69.636963 -66.838066 133.791870
v 71.017120 -66.728027 125.554688
v 71.927368 -66.738754 121.952026
v 73.005005 -66.752205 117.436035
v 74.194229 -66.767464 112.311157
v 75.439240 -66.783630 106.881836
v 76.684250 -66.799797 101.452515
v 77.873474 -66.815056 96.327637
v 78.951111 -66.828506 91.811646
v 81.944855 -66.738480 83.145874
v 82.736618 -66.615974 81.131592
v 83.665726 -66.462418 78.606689
v 84.686386 -66.288155 75.741333
v 85.752838 -66.103539 72.705688
v 86.819290 -65.918922 69.670044
v 87.839951 -65.744659 66.804688
v 88.769058 -65.591103 64.279785
v 91.912781 -65.357780 58.911621
v 93.120880 -65.357330 57.205322
v 94.571869 -65.356766 55.066406
v 96.184799 -65.356125 52.639160
v 97.878693 -65.355446 50.067627
v 99.572586 -65.354767 47.496094
v 101.185516 -65.354126 45.068848
v 102.636505 -65.353561 42.929932
v 107.185028 -65.358246 37.353882
v 109.073364 -65.364410 34.766968
v 111.377045 -65.372139 31.524292
v 113.957626 -65.380905 27.844360
v 116.676666 -65.390198 23.945801
v 119.395706 -65.399490 20.047241
v 121.976288 -65.408257 16.367310
v 124.279968 -65.415985 13.124634
v 126.168304 -65.422150 10.537720
v 130.767654 -65.518661 6.572388
v 133.372360 -65.619568 4.760376
v 136.574036 -65.746056 2.489014
v 140.173691 -65.889595 -0.088501
v 143.972336 -66.041664 -2.819214
v 147.770981 -66.193733 -5.549927
v 151.370636 -66.337273 -8.127441
v 154.572311 -66.463760 -10.398804
v 157.177017 -66.564667 -12.210815
v 158.985764 -66.631462 -13.410278
v 159.799622 -66.655609 -13.843994
v 160.445892 -66.645592 -14.105225
v 161.791473 -66.617905 -14.827515
v 163.696503 -66.576080 -15.918579
v 166.021118 -66.523651 -17.286255
v 168.625443 -66.464149 -18.838257
v 171.369629 -66.401115 -20.482544
v 174.113815 -66.338081 -22.126831
v 176.718140 -66.278580 -23.678833
v 179.042755 -66.226151 -25.046509
v 180.947784 -66.184326 -26.137573
v 182.293365 -66.156639 -26.859863
v 182.939636 -66.146637 -27.120850
v 183.596588 -66.164536 -27.313599
v 184.971695 -66.214027 -27.846558
v 186.921326 -66.288795 -28.651611
v 189.301849 -66.382515 -29.660889
v 191.974838 -66.374695 -30.784302
v 194.829193 -66.373199 -31.984863
v 197.649277 -66.295578 -33.161865
v 200.324005 -66.249702 -34.277954
v 202.704529 -66.343422 -35.287231
v 204.659363 -66.304008 -36.070435
v 206.034454 -66.353500 -36.603394
v 206.729156 -66.371414 -36.805176
v 207.257111 -66.349220 -36.880859
v 208.379913 -66.287865 -37.114990
v 209.943176 -66.309364 -37.490479
v 211.838989 -66.345421 -37.963013
v 213.955887 -66.403877 -38.502441
v 216.144745 -66.492554 -39.070068
v 218.381729 -66.352875 -39.603027
v 220.507294 -66.221031 -40.106079
v 222.410034 -66.104851 -40.549438
v 223.978516 -66.012169 -40.903076
v 225.101303 -65.950813 -41.137207
v 225.666992 -65.928619 -41.221802
v 226.300415 -65.948441 -41.284302
v 227.610504 -66.003235 -41.457031
v 229.461914 -66.086006 -41.717896
v 231.719299 -66.189766 -42.044922
v 234.247345 -66.307510 -42.416016
v 236.910736 -66.432251 -42.809204
v 239.574112 -66.556992 -43.202393
v 242.102173 -66.674736 -43.573486
v 244.359558 -66.778496 -43.900513
v 246.210968 -66.861267 -44.161377
v 247.521042 -66.916061 -44.334106
v 248.154465 -66.935883 -44.396362
v 249.175415 -66.941933 -44.418091
v 251.556870 -66.958664 -44.478271
v 255.026733 -66.983940 -44.569214
v 259.312897 -67.015625 -44.683228
v 264.143250 -67.051582 -44.812622
v 269.245697 -67.089676 -44.949707
v 274.348175 -67.127769 -45.086792
v 279.178528 -67.163727 -45.216187
v 283.464691 -67.195412 -45.330200
v 286.934540 -67.220688 -45.421143
v 289.315979 -67.237419 -45.481323
v 290.336945 -67.243500 -45.503052
v 291.003235 -67.244225 -45.390503
v 292.404114 -67.246231 -45.079468
v 294.392700 -67.249260 -44.609497
v 296.822052 -67.253059 -44.020386
v 299.545258 -67.257370 -43.351929
v 302.415375 -67.261932 -42.643677
v 305.285492 -67.266495 -41.935425
v 308.008698 -67.270805 -41.266968
v 310.438049 -67.274605 -40.677856
v 312.426636 -67.277634 -40.207886
v 313.827515 -67.279640 -39.896851
v 314.493805 -67.280365 -39.784546
v 315.304596 -67.299835 -39.553467
v 317.105072 -67.353653 -38.914551
v 319.697235 -67.434959 -37.949463
v 322.883179 -67.536873 -36.739746
v 326.465027 -67.652527 -35.366821
v 330.244781 -67.775055 -33.912354
v 334.024536 -67.897583 -32.457886
v 337.606354 -68.013237 -31.084961
v 340.792297 -68.115150 -29.875244
v 343.384460 -68.196457 -28.910156
v 345.184937 -68.250275 -28.271240
v 345.995728 -68.269745 -28.040405
v 346.784027 -68.292931 -27.724365
v 348.522217 -68.357040 -26.850708
v 351.020355 -68.453888 -25.530884
v 354.088440 -68.575287 -23.876465
v 357.536499 -68.713051 -21.999023
v 361.174530 -68.859001 -20.010132
v 364.812592 -69.004951 -18.021240
v 368.260620 -69.142715 -16.143799
v 371.328735 -69.264114 -14.489380
v 373.826843 -69.360962 -13.169556
v 375.565063 -69.425072 -12.295898
v 376.353333 -69.448273 -11.980103
v 377.413849 -69.490784 -11.288330
v 379.904694 -69.608307 -9.375854
v 383.539795 -69.785843 -6.486816
v 388.033081 -70.008392 -2.865479
v 393.098511 -70.260948 1.244141
v 398.450012 -70.528503 5.597900
v 403.801514 -70.796059 9.951660
v 408.866943 -71.048615 14.061279
v 413.360229 -71.271164 17.682617
v 416.995361 -71.448700 20.571655
v 419.486206 -71.566223 22.484131
v 420.546722 -71.608734 23.175903
v 421.470398 -71.638489 23.831055
v 423.582977 -71.720741 25.642212
v 426.646637 -71.845001 28.378296
v 430.423645 -72.000763 31.808105
v 434.676178 -72.177521 35.700317
v 439.166504 -72.364784 39.823730
v 443.656799 -72.552048 43.947144
v 447.909332 -72.728806 47.839355
v 451.686340 -72.884567 51.269165
v 454.750000 -73.008827 54.005249
v 456.862549 -73.091080 55.816406
v 457.786255 -73.120819 56.471436
v 459.238525 -73.118904 57.411499
v 462.812500 -73.113602 60.010498
v 468.083801 -73.105598 63.936523
v 474.628113 -73.095566 68.857910
v 482.021088 -73.084175 74.442871
v 489.838379 -73.072113 80.359619
v 497.655701 -73.060051 86.276367
v 505.048676 -73.048660 91.861328
v 511.592957 -73.038628 96.782715
v 516.864258 -73.030624 100.708740
v 520.438232 -73.025322 103.307739
v 521.890503 -73.023407 104.247803
v 522.486145 -73.023148 104.526245
v 523.691772 -73.022438 105.295898
v 525.385315 -73.021370 106.458618
v 527.444824 -73.020027 107.916138
v 529.748352 -73.018509 109.570190
v 532.173828 -73.016899 111.322388
v 534.599365 -73.015289 113.074585
v 536.902832 -73.013771 114.728638
v 538.962402 -73.012428 116.186157
v 540.655945 -73.011360 117.348877
v 541.861572 -73.010651 118.118530
v 542.457153 -73.010406 118.396851
v 543.694946 -73.008423 118.982422
v 546.671692 -73.002968 120.603271
v 551.032532 -72.994781 123.055298
v 556.422546 -72.984612 126.134399
v 562.486938 -72.973206 129.636475
v 568.870789 -72.961311 133.357544
v 575.219238 -72.949669 137.093506
v 581.177368 -72.939026 140.640259
v 586.390381 -72.930130 143.793701
v 590.503296 -72.923729 146.349854
v 593.161255 -72.920563 148.104614
v 594.009521 -72.921387 148.853760
v 594.009460 -72.921387 148.853760
v 594.009521 -72.921387 148.853760
v 592.493774 -72.926682 148.362305
v 588.616211 -72.935905 146.686768
v 582.856201 -72.948219 144.061035
v 575.693298 -72.962784 140.718994
v 567.606873 -72.978767 136.894409
v 559.076416 -72.995331 132.821045
v 550.581360 -73.011635 128.732788
v 542.601196 -73.026848 124.863525
v 535.615356 -73.040138 121.447021
v 530.103271 -73.050667 118.717163
v 526.544434 -73.057594 116.907837
v 525.418335 -73.060089 116.252930
v 525.418335 -73.060089 116.252930
v 525.418335 -73.060089 116.252930
v 524.505981 -73.075958 115.765381
v 521.542358 -73.119835 114.417603
v 516.937744 -73.186119 112.381470
v 511.102356 -73.269211 109.829224
v 504.446472 -73.363503 106.932861
v 497.380371 -73.463402 103.864380
v 490.314240 -73.563301 100.795898
v 483.658386 -73.657593 97.899536
v 477.822998 -73.740685 95.347290
v 473.218384 -73.806969 93.311157
v 470.254761 -73.850845 91.963379
v 469.342377 -73.866730 91.475830
v 468.337585 -73.884331 91.017212
v 465.118530 -73.932999 89.749268
v 460.128021 -74.006516 87.833862
v 453.808929 -74.098663 85.432861
v 446.604126 -74.203239 82.708130
v 438.956421 -74.314026 79.821533
v 431.308777 -74.424812 76.934937
v 424.103943 -74.529388 74.210205
v 417.784851 -74.621536 71.809204
v 412.794342 -74.695053 69.893799
v 409.575256 -74.743721 68.625854
v 408.570465 -74.761322 68.167603
v 408.570465 -74.761322 68.167603
v 407.182587 -74.794685 67.607544
v 402.904358 -74.886932 66.059082
v 396.313843 -75.026283 63.719849
v 387.989105 -75.200966 60.787598
v 378.508209 -75.399200 57.460083
v 368.449280 -75.609215 53.934814
v 358.390320 -75.819229 50.409546
v 348.909424 -76.017464 47.082031
v 340.584686 -76.192146 44.149780
v 333.994171 -76.331497 41.810547
v 329.715942 -76.423744 40.262085
v 328.328064 -76.457123 39.702026
v 326.953949 -76.489731 39.271362
v 322.713776 -76.579887 38.080566
v 316.180725 -76.716080 36.281738
v 307.928009 -76.886803 34.026978
v 298.528870 -77.080544 31.468140
v 288.556519 -77.285797 28.757324
v 278.584198 -77.491051 26.046509
v 269.185059 -77.684792 23.487671
v 260.932343 -77.855515 21.232910
v 254.399292 -77.991707 19.434082
v 250.159103 -78.081863 18.243286
v 248.785004 -78.114471 17.812744
v 247.990631 -78.137306 17.562988
v 245.353210 -78.200439 16.872681
v 241.241394 -78.295807 15.829834
v 236.023758 -78.415352 14.522583
v 230.068909 -78.551018 13.039062
v 223.745453 -78.694740 11.467407
v 217.421997 -78.838463 9.895752
v 211.467148 -78.974129 8.412231
v 206.249512 -79.093674 7.104980
v 202.137695 -79.189041 6.062134
v 199.500275 -79.252174 5.371826
v 198.705902 -79.274994 5.121826
v 197.720703 -79.269562 4.901611
v 194.555725 -79.254547 4.292847
v 189.646927 -79.231865 3.373291
v 183.430267 -79.203430 2.220581
v 176.341705 -79.171158 0.912476
v 168.817184 -79.136971 -0.473267
v 161.292664 -79.102783 -1.859009
v 154.204102 -79.070511 -3.167114
v 147.987442 -79.042076 -4.319824
v 143.078644 -79.019394 -5.239380
v 139.913666 -79.004379 -5.848145
v 138.928497 -78.998932 -6.067993
v 137.586334 -79.009155 -6.369873
v 133.434479 -79.037407 -7.204346
v 127.034866 -79.080093 -8.464966
v 118.949448 -79.133598 -10.045166
v 109.740143 -79.194313 -11.838379
v 99.968903 -79.258636 -13.738159
v 90.197662 -79.322960 -15.637939
v 80.988358 -79.383675 -17.431152
v 72.902939 -79.437180 -19.011353
v 66.503326 -79.479866 -20.271973
v 62.351471 -79.508118 -21.106445
v 61.009338 -79.518341 -21.408447
v 61.009369 -79.518341 -21.408447
v 61.009369 -79.518341 -21.408447
v 44.072479 -79.276413 -23.709717
v 32.662262 -79.116920 -25.226807
v 19.679871 -78.935921 -26.948486
v 5.911407 -78.744171 -28.772461
v -7.857056 -78.552422 -30.596436
v -20.839447 -78.371422 -32.318115
v -32.249664 -78.211929 -33.835205
v -41.301636 -78.084694 -35.045532
v -47.209290 -78.000465 -35.846680
v -49.186523 -77.970001 -36.136230
v -51.544189 -77.972923 -36.523315
v -58.503632 -77.981003 -37.593506
v -69.144501 -77.993210 -39.210205
v -82.546448 -78.008514 -41.236816
v -97.789093 -78.025879 -43.536621
v -113.952087 -78.044273 -45.973145
v -130.115082 -78.062668 -48.409668
v -145.357727 -78.080032 -50.709473
v -158.759674 -78.095337 -52.736084
v -169.400543 -78.107544 -54.352783
v -176.359985 -78.115623 -55.422974
v -178.717651 -78.118561 -55.810303
v -180.609406 -78.091766 -56.124023
v -186.280762 -78.017685 -56.991455
v -194.975800 -77.905769 -58.301880
v -205.938599 -77.765480 -59.944580
v -218.413208 -77.606277 -61.808716
v -231.643738 -77.437622 -63.783569
v -244.874268 -77.268967 -65.758423
v -257.348877 -77.109764 -67.622559
v -268.311646 -76.969475 -69.265259
v -277.006653 -76.857559 -70.575684
v -282.677979 -76.783478 -71.443115
v -284.569824 -76.756683 -71.756836
v -286.838135 -76.754585 -72.059082
v -293.550537 -76.748772 -72.894775
v -303.818237 -76.739998 -74.157227
v -316.752380 -76.728996 -75.739746
v -331.464172 -76.716507 -77.535645
v -347.064758 -76.703278 -79.438232
v -362.665344 -76.690048 -81.340820
v -377.377136 -76.677559 -83.136719
v -390.311279 -76.666557 -84.719238
v -400.578979 -76.657784 -85.981689
v -407.291382 -76.651970 -86.817383
v -409.559814 -76.649872 -87.119751
v -411.026428 -76.673500 -87.300171
v -415.522339 -76.738823 -87.798950
v -422.441711 -76.837502 -88.552368
v -431.178711 -76.961205 -89.496826
v -441.127441 -77.101585 -90.568604
v -451.682007 -77.250305 -91.703979
v -462.236572 -77.399025 -92.839355
v -472.185303 -77.539406 -93.911133
v -480.922302 -77.663109 -94.855591
v -487.841675 -77.761787 -95.609009
v -492.337585 -77.827110 -96.107788
v -493.804321 -77.850739 -96.288086
v -495.171204 -77.857849 -96.409790
v -499.391357 -77.877510 -96.746338
v -505.894165 -77.907211 -97.254639
v -514.108948 -77.944435 -97.891846
v -523.465027 -77.986679 -98.614990
v -533.391785 -78.031433 -99.380981
v -543.318542 -78.076187 -100.146973
v -552.674622 -78.118431 -100.870117
v -560.889404 -78.155655 -101.507324
v -567.392212 -78.185356 -102.015625
v -571.612366 -78.205017 -102.352173
v -572.979065 -78.212128 -102.473755
v -573.964478 -78.224083 -102.593506
v -577.130066 -78.257133 -102.924683
v -582.039795 -78.307060 -103.425049
v -588.257568 -78.369644 -104.052246
v -595.347412 -78.440666 -104.764038
v -602.873291 -78.515907 -105.518066
v -610.399170 -78.591148 -106.272095
v -617.489014 -78.662170 -106.983887
v -623.706787 -78.724754 -107.611084
v -628.616516 -78.774681 -108.111450
v -631.782104 -78.807732 -108.442627
v -632.767578 -78.819672 -108.562500
v -631.283569 -78.807999 -108.529663
v -627.621887 -78.775734 -108.438843
v -622.218079 -78.726990 -108.301758
v -615.507690 -78.665894 -108.129883
v -607.926270 -78.596558 -107.934814
v -599.909302 -78.523102 -107.728149
v -591.892334 -78.449646 -107.521484
v -584.310913 -78.380310 -107.326416
v -577.600525 -78.319214 -107.154541
v -572.196716 -78.270470 -107.017456
v -568.535034 -78.238205 -106.926636
v -567.051147 -78.226532 -106.893677
v -565.691345 -78.217461 -106.827271
v -562.373047 -78.192383 -106.643799
v -557.487976 -78.154495 -106.366699
v -551.427856 -78.107002 -106.019409
v -544.584290 -78.053108 -105.625244
v -537.349060 -77.996010 -105.207642
v -530.113831 -77.938911 -104.790039
v -523.270264 -77.885017 -104.395874
v -517.210144 -77.837524 -104.048584
v -512.325073 -77.799637 -103.771484
v -509.006775 -77.774559 -103.588013
v -507.647034 -77.765472 -103.521729
v -506.367920 -77.753151 -103.430542
v -503.272766 -77.719093 -103.178467
v -498.724792 -77.667648 -102.797729
v -493.087158 -77.603157 -102.320435
v -486.723145 -77.529976 -101.778809
v -479.995911 -77.452446 -101.205078
v -473.268677 -77.374916 -100.631348
v -466.904663 -77.301735 -100.089722
v -461.267029 -77.237244 -99.612427
v -456.719055 -77.185799 -99.231689
v -453.623901 -77.151741 -98.979614
v -452.344788 -77.139435 -98.888672
v -452.153809 -77.139435 -98.888672
v -452.067017 -77.139435 -98.888672
v -452.063538 -77.139435 -98.888672
v -452.122559 -77.139435 -98.888672
v -452.223267 -77.139435 -98.888672
v -452.344788 -77.139435 -98.888672
v -452.466309 -77.139435 -98.888672
v -452.567017 -77.139435 -98.888672
v -452.626038 -77.139435 -98.888672
v -452.622559 -77.139435 -98.888672
v -452.535767 -77.139435 -98.888672
v -452.344788 -77.139435 -98.888672
v -450.336792 -77.098763 -98.746216
v -445.226379 -76.986320 -98.352295
v -437.634033 -76.816460 -97.757202
v -428.180298 -76.603539 -97.011230
v -417.485596 -76.361908 -96.164673
v -406.170410 -76.105927 -95.267822
v -394.855225 -75.849945 -94.370972
v -384.160522 -75.608315 -93.524414
v -374.706787 -75.395393 -92.778442
v -367.114441 -75.225533 -92.183350
v -362.004028 -75.113091 -91.789429
v -359.995972 -75.072418 -91.646362
v -358.521301 -75.013023 -91.590088
v -354.885437 -74.848808 -91.434448
v -349.520630 -74.600739 -91.199341
v -342.859070 -74.289780 -90.904541
v -335.333069 -73.936897 -90.570068
v -327.374817 -73.563049 -90.215698
v -319.416565 -73.189201 -89.861328
v -311.890564 -72.836319 -89.526855
v -305.229004 -72.525360 -89.232056
v -299.864197 -72.277290 -88.996948
v -296.228333 -72.113075 -88.841309
v -294.753540 -72.053680 -88.784912
v -294.753540 -72.053680 -88.784912
v -294.753540 -72.053680 -88.784912
v -293.814148 -72.024704 -88.774414
v -291.658203 -71.944588 -88.745361
v -288.528992 -71.823563 -88.701416
v -284.669861 -71.671852 -88.646362
v -280.324097 -71.499687 -88.583862
v -275.735046 -71.317291 -88.517578
v -271.145996 -71.134895 -88.451294
v -266.800232 -70.962730 -88.388794
v -262.941101 -70.811020 -88.333740
v -259.811890 -70.689995 -88.289795
v -257.655945 -70.609879 -88.260742
v -256.716553 -70.580902 -88.250000
v -255.460754 -70.580360 -88.307983
v -252.430054 -70.578850 -88.468262
v -247.979492 -70.576576 -88.710327
v -242.463989 -70.573723 -89.013794
v -236.238525 -70.570480 -89.358154
v -229.658081 -70.567047 -89.723022
v -223.077637 -70.563614 -90.087891
v -216.852173 -70.560371 -90.432251
v -211.336670 -70.557518 -90.735718
v -206.886108 -70.555244 -90.977783
v -203.855438 -70.553734 -91.138062
v -202.599548 -70.553192 -91.195801
v -201.679718 -70.554031 -91.266113
v -199.577820 -70.556358 -91.460449
v -196.530304 -70.559875 -91.754028
v -192.773529 -70.564285 -92.122070
v -188.543945 -70.569290 -92.539795
v -184.077942 -70.574593 -92.982300
v -179.611938 -70.579895 -93.424805
v -175.382355 -70.584900 -93.842529
v -171.625580 -70.589310 -94.210571
v -168.578064 -70.592827 -94.504150
v -166.476166 -70.595154 -94.698486
v -165.556396 -70.595978 -94.768799
v -164.330902 -70.594833 -94.880249
v -161.383942 -70.591660 -95.188477
v -157.059814 -70.586868 -95.654175
v -151.702820 -70.580864 -96.237915
v -145.657227 -70.574051 -96.900391
v -139.267334 -70.566833 -97.602173
v -132.877441 -70.559616 -98.303955
v -126.831848 -70.552803 -98.966431
v -121.474854 -70.546799 -99.550171
v -117.150726 -70.542007 -100.015869
v -114.203766 -70.538834 -100.324097
v -112.978271 -70.537689 -100.435913
v -112.163666 -70.562141 -100.382080
v -110.352722 -70.629738 -100.233276
v -107.744690 -70.731850 -100.008545
v -104.538849 -70.859848 -99.726807
v -100.934448 -71.005104 -99.407104
v -97.130798 -71.158989 -99.068481
v -93.327148 -71.312874 -98.729858
v -89.722748 -71.458130 -98.410156
v -86.516907 -71.586128 -98.128418
v -83.908875 -71.688240 -97.903687
v -82.097931 -71.755836 -97.754883
v -81.283264 -71.780304 -97.701294
v -80.277100 -71.783501 -97.516602
v -77.936523 -71.792328 -97.005859
v -74.528412 -71.805664 -96.234375
v -70.319641 -71.822380 -95.267334
v -65.577118 -71.841354 -94.169800
v -60.567688 -71.861450 -93.007080
v -55.558258 -71.881546 -91.844360
v -50.815735 -71.900520 -90.746826
v -46.606964 -71.917236 -89.779785
v -43.198853 -71.930573 -89.008301
v -37.295319 -71.939697 -87.190430
v -34.763641 -71.936485 -85.945190
v -31.653503 -71.932457 -84.384277
v -28.157745 -71.927887 -82.612915
v -24.469177 -71.923050 -80.736328
v -20.780609 -71.918213 -78.859741
v -17.284851 -71.913643 -77.088379
v -14.174713 -71.909615 -75.527466
v -11.643036 -71.906403 -74.282227
v -6.392609 -71.906876 -71.437134
v -3.708923 -71.910606 -69.526245
v -0.408234 -71.915283 -67.130981
v 3.303772 -71.920593 -64.412720
v 7.221466 -71.926216 -61.532959
v 11.139160 -71.931839 -58.653198
v 14.851166 -71.937149 -55.934937
v 18.151855 -71.941826 -53.539673
v 20.835541 -71.945557 -51.628784
v 25.854431 -71.937630 -48.154297
v 28.127350 -72.033730 -46.206543
v 30.910828 -72.252792 -43.759888
v 34.032532 -72.395027 -40.976074
v 37.320190 -72.549995 -38.016846
v 40.601501 -72.710823 -35.043823
v 43.704193 -72.870621 -32.218750
v 46.455963 -73.022507 -29.703247
v 48.684509 -73.159592 -27.659058
v 52.062866 -73.413933 -24.463501
v 55.019028 -73.433243 -21.528198
v 59.397400 -73.425171 -17.181519
v 64.843994 -73.395096 -11.779907
v 71.004868 -73.348396 -5.679443
v 77.526047 -73.290459 0.763428
v 84.053558 -73.226662 7.192627
v 90.233444 -73.162399 13.251709
v 95.711746 -73.103043 18.584473
v 100.134491 -73.053978 22.834717
v 103.147705 -73.020592 25.646118
v 104.397430 -73.008270 26.662476
v 106.799484 -72.990242 28.846069
v 112.998688 -72.941849 34.883545
v 122.234604 -72.871635 44.005371
v 133.746796 -72.788139 55.441772
v 146.774826 -72.699905 68.423218
v 160.558273 -72.615463 82.179932
v 174.336700 -72.543358 95.942261
v 187.349670 -72.492134 108.940552
v 198.836761 -72.470322 120.405151
v 208.037506 -72.486465 129.566406
v 214.191528 -72.549103 135.654663
v 216.538361 -72.666794 137.900513
v 217.304825 -72.749390 138.923218
v 219.089020 -72.716499 141.631348
v 221.687378 -72.591225 145.687744
v 224.896393 -72.396660 150.755371
v 228.512512 -72.155907 156.497192
v 232.332153 -71.892052 162.576050
v 236.151825 -71.628204 168.654907
v 239.767929 -71.387451 174.396729
v 242.976944 -71.192894 179.464355
v 245.575317 -71.067627 183.520752
v 247.359528 -71.034744 186.228882
v 249.703506 -71.197433 191.508057
v 251.222305 -71.105865 196.147705
v 253.078064 -70.953552 201.946411
v 255.158447 -70.760742 208.517822
v 257.351135 -70.547684 215.475586
v 259.543823 -70.334633 222.433350
v 261.624207 -70.141830 229.004761
v 263.479980 -69.989525 234.803467
v 264.998779 -69.897964 239.443115
v 266.068329 -69.887390 242.537231
v 267.205292 -70.097076 245.821411
v 267.671814 -70.048691 248.093018
v 268.208496 -69.950516 250.923340
v 268.791962 -69.819138 254.126221
v 269.398804 -69.671165 257.515381
v 270.005646 -69.523193 260.904541
v 270.589111 -69.391823 264.107422
v 271.125824 -69.293648 266.937744
v 271.592346 -69.245270 269.209351
v 272.533173 -69.518883 274.669800
v 272.647888 -69.509972 278.290894
v 272.743591 -69.461266 282.812866
v 272.826599 -69.386032 287.935425
v 272.903290 -69.297539 293.358276
v 272.979950 -69.209045 298.781128
v 273.062988 -69.133812 303.903687
v 273.158661 -69.085106 308.425659
v 273.273376 -69.076195 312.046753
v 273.413483 -69.120338 314.466675
v 273.475098 -69.399895 318.935425
v 273.115906 -69.405792 322.794800
v 272.610168 -69.373993 327.620239
v 271.999939 -69.315559 333.094116
v 271.327362 -69.241539 338.898804
v 270.634521 -69.162994 344.716675
v 269.963562 -69.090973 350.230103
v 269.356537 -69.036537 355.121399
v 268.855621 -69.010735 359.072876
v 268.502899 -69.024628 361.766968
v 268.340454 -69.089264 362.886108
v 268.265472 -69.161743 363.779175
v 268.152466 -69.196869 365.850220
v 268.009827 -69.202271 368.863647
v 267.845825 -69.185585 372.583862
v 267.668762 -69.154449 376.775391
v 267.486938 -69.116493 381.202576
v 267.308716 -69.079346 385.629944
v 267.142395 -69.050644 389.821899
v 266.996246 -69.038025 393.542847
v 266.878601 -69.049118 396.557312
v 266.797791 -69.091553 398.629639
v 266.762085 -69.172966 399.524292
v 266.724579 -69.298706 401.487000
v 266.640381 -69.463318 406.511841
v 266.521118 -69.658264 413.986145
v 266.378296 -69.874985 423.297180
v 266.223450 -70.104942 433.832214
v 266.068146 -70.339592 444.978577
v 265.923920 -70.570381 456.123474
v 265.802307 -70.788757 466.654236
v 265.714844 -70.986183 475.958130
v 265.673096 -71.154106 483.422485
v -4.820374 -70.000397 59.271973
v -4.820374 -70.000404 59.271851
v -4.820374 -70.000397 59.271973
v -5.736511 -69.896851 59.314209
v -7.919189 -69.878578 59.417847
v -11.115112 -69.928528 59.570557
v -15.070953 -70.029648 59.760010
v -19.533417 -70.164879 59.973999
v -24.249176 -70.317162 60.200195
v -28.964935 -70.469444 60.426392
v -33.427399 -70.604675 60.640381
v -37.383240 -70.705795 60.829834
v -40.579163 -70.755745 60.982544
v -42.761841 -70.737473 61.086182
v -43.677979 -70.633942 61.128418
v -44.820923 -70.543793 60.979614
v -47.630646 -70.562553 60.554810
v -51.773773 -70.668449 59.909180
v -56.916962 -70.839699 59.097900
v -62.726868 -71.054512 58.176270
v -68.870148 -71.291107 57.199341
v -75.013428 -71.527702 56.222412
v -80.823334 -71.742516 55.300781
v -85.966522 -71.913765 54.489502
v -90.109650 -72.019661 53.843872
v -92.919373 -72.038422 53.419067
v -94.062317 -71.948273 53.270020
v -95.165863 -71.856209 52.907227
v -97.866638 -71.869682 51.890991
v -101.845245 -71.967590 50.352051
v -106.782196 -72.128822 48.421021
v -112.358032 -72.332268 46.228516
v -118.253326 -72.556824 43.905396
v -124.148621 -72.781380 41.582275
v -129.724457 -72.984825 39.389771
v -134.661407 -73.146057 37.458740
v -138.640015 -73.243965 35.919800
v -141.340790 -73.257439 34.903564
v -142.444336 -73.165375 34.540771
v -143.951141 -73.081779 33.938354
v -147.766815 -73.118675 32.259399
v -153.429596 -73.251961 29.719360
v -160.477722 -73.457535 26.533447
v -168.449402 -73.711304 22.916870
v -176.882843 -73.989174 19.085083
v -185.316284 -74.267044 15.253296
v -193.287964 -74.520813 11.636719
v -200.336090 -74.726387 8.450806
v -205.998901 -74.859673 5.910767
v -209.814575 -74.896568 4.231812
v -211.321350 -74.812958 3.629395
v -212.082581 -74.717873 3.391846
v -213.837036 -74.723000 2.721802
v -216.386047 -74.808296 1.705688
v -219.531006 -74.953712 0.430054
v -223.073242 -75.139214 -1.018555
v -226.814148 -75.344757 -2.553711
v -230.555054 -75.550301 -4.088867
v -234.097290 -75.735802 -5.537476
v -237.242249 -75.881218 -6.813110
v -239.791260 -75.966507 -7.829224
v -241.545715 -75.971634 -8.499268
v -242.307007 -75.876556 -8.736694
v -244.179138 -75.799980 -9.277466
v -249.004822 -75.856277 -10.786011
v -256.193359 -76.018875 -13.068726
v -265.154053 -76.261200 -15.932007
v -275.296204 -76.556671 -19.182373
v -286.029053 -76.878716 -22.626343
v -296.761902 -77.200760 -26.070312
v -306.904053 -77.496231 -29.320679
v -315.864746 -77.738556 -32.183960
v -323.053284 -77.901154 -34.466675
v -327.878967 -77.957451 -35.975220
v -329.751099 -77.880890 -36.515869
v -331.077759 -77.767326 -36.781128
v -334.395508 -77.721352 -37.527832
v -339.306091 -77.729454 -38.659790
v -345.411316 -77.778114 -40.080566
v -352.312927 -77.853813 -41.693970
v -359.612793 -77.943031 -43.403687
v -366.912659 -78.032249 -45.113403
v -373.814270 -78.107948 -46.726807
v -379.919495 -78.156609 -48.147583
v -384.830078 -78.164711 -49.279541
v -388.318237 -77.889175 -50.089233
v -388.318237 -77.889175 -50.089233
v -384.771362 -77.836533 -49.543579
v -379.311951 -77.834557 -48.723022
v -372.418213 -77.870583 -47.696411
v -364.568176 -77.931946 -46.532349
v -356.240051 -78.005974 -45.299683
v -347.911926 -78.080002 -44.067017
v -340.061890 -78.141365 -42.902954
v -333.168152 -78.177391 -41.876343
v -327.708740 -78.175415 -41.055786
v -324.161865 -78.122772 -40.510132
v -323.005615 -78.006805 -40.307861
v -321.723511 -77.890686 -40.128174
v -317.828735 -77.837662 -39.644653
v -311.843872 -77.835114 -38.918091
v -304.291382 -77.870422 -38.009277
v -295.693848 -77.930962 -36.979004
v -286.573730 -78.004120 -35.887939
v -277.453613 -78.077278 -34.796875
v -268.856079 -78.137817 -33.766602
v -261.303589 -78.173126 -32.857788
v -255.318726 -78.170578 -32.131226
v -251.423950 -78.117554 -31.647705
v -250.141846 -78.001434 -31.468018
v -248.574158 -77.884766 -31.216431
v -243.889771 -77.830215 -30.534058
v -236.712036 -77.825356 -29.507080
v -227.664307 -77.857765 -28.221680
v -217.369873 -77.915024 -26.763916
v -206.452087 -77.984711 -25.219971
v -195.534332 -78.054398 -23.676025
v -185.239899 -78.111656 -22.218262
v -176.192139 -78.144066 -20.932861
v -169.014404 -78.139206 -19.905884
v -164.330017 -78.084656 -19.223511
v -162.762329 -77.967987 -18.971680
v -160.444427 -77.875885 -18.601562
v -153.685913 -77.889252 -17.591675
v -143.374939 -77.987000 -16.070068
v -130.399597 -78.148033 -14.164551
v -115.648010 -78.351250 -12.003174
v -100.008301 -78.575562 -9.713745
v -84.368591 -78.799873 -7.424316
v -69.617004 -79.003090 -5.262939
v -56.641663 -79.164124 -3.357422
v -46.330688 -79.261871 -1.835815
v -39.572174 -79.275238 -0.825928
v -37.254272 -79.183136 -0.455811
v -35.161102 -79.087227 -0.092529
v -29.023987 -79.090073 0.898438
v -19.651672 -79.171928 2.391602
v -7.852997 -79.313034 4.261475
v 5.563263 -79.493645 6.382324
v 19.788330 -79.694008 8.628784
v 34.013397 -79.894371 10.875244
v 47.429657 -80.074982 12.996094
v 59.228333 -80.216087 14.865967
v 68.600632 -80.297943 16.359131
v 74.737747 -80.300789 17.350098
v 76.830933 -80.204865 17.713379
v 78.450653 -80.094406 18.053711
v 83.278854 -80.057022 18.981445
v 90.673843 -80.078102 20.379028
v 99.993927 -80.143028 22.129028
v 110.597397 -80.237183 24.113892
v 121.842575 -80.345955 26.216187
v 133.087753 -80.454727 28.318481
v 143.691223 -80.548882 30.303345
v 153.011307 -80.613808 32.053345
v 160.406296 -80.634888 33.450928
v 165.234497 -80.597504 34.378662
v 166.854202 -80.487030 34.718994
v 168.435669 -80.343719 35.146118
v 173.158142 -80.215523 36.313843
v 180.393402 -80.099419 38.073975
v 189.513275 -79.992378 40.278320
v 199.889526 -79.891388 42.778931
v 210.893997 -79.793419 45.427612
v 221.898468 -79.695450 48.076294
v 232.274719 -79.594460 50.576904
v 241.394592 -79.487419 52.781250
v 248.629852 -79.371315 54.541382
v 253.352325 -79.243118 55.709106
v 254.933777 -79.099823 56.136108
v 254.713303 -78.931076 56.144409
v 254.710556 -78.928970 56.144531
v 254.933777 -79.099831 56.135986
v 254.933777 -79.099823 56.136108
v 256.974792 -78.924370 56.833496
v 262.967712 -78.707291 58.748169
v 272.122192 -78.456917 61.636719
v 283.647827 -78.181564 65.255737
v 296.754242 -77.889565 69.361572
v 310.651031 -77.589241 73.710938
v 324.547852 -77.288918 78.060303
v 337.654236 -76.996918 82.166138
v 349.179901 -76.721565 85.785156
v 358.334381 -76.471191 88.673706
v 364.327301 -76.254112 90.588379
v 366.368286 -76.078644 91.285767
v 368.788300 -75.931381 92.289795
v 375.829132 -75.792236 95.052124
v 386.566589 -75.659592 99.221191
v 400.076538 -75.531830 104.445312
v 415.434784 -75.407318 110.372803
v 431.717194 -75.284424 116.651978
v 447.999634 -75.161530 122.931152
v 463.357880 -75.037018 128.858643
v 476.867798 -74.909256 134.082764
v 487.605286 -74.776611 138.251831
v 494.646088 -74.637466 141.014160
v 497.066132 -74.490204 142.018555
v 499.055756 -74.340408 143.043945
v 504.906616 -74.194283 145.865601
v 513.846497 -74.051094 150.124268
v 525.103149 -73.910103 155.460693
v 537.904297 -73.770584 161.515625
v 551.477661 -73.631798 167.929810
v 565.051086 -73.493011 174.343994
v 577.852234 -73.353493 180.398926
v 589.108887 -73.212502 185.735352
v 598.048706 -73.069313 189.994019
v 603.899658 -72.923187 192.815674
v 605.889221 -72.773407 193.841553
v 607.502563 -72.624794 194.751831
v 612.313232 -72.481926 197.255127
v 619.681641 -72.343651 201.032837
v 628.968506 -72.208824 205.766357
v 639.534180 -72.076294 211.137085
v 650.739380 -71.944916 216.826416
v 661.944519 -71.813538 222.515747
v 672.510254 -71.681007 227.886475
v 681.796997 -71.546181 232.619995
v 689.165466 -71.407906 236.397705
v 693.976074 -71.265038 238.901001
v 695.589417 -71.116425 239.811035
v 693.660828 -71.015472 239.034546
v 688.678955 -71.004372 236.874390
v 681.254517 -71.065155 233.607300
v 671.998108 -71.179855 229.510010
v 661.520386 -71.330498 224.859253
v 650.432007 -71.499107 219.931763
v 639.343628 -71.667717 215.004272
v 628.865906 -71.818359 210.353516
v 619.609497 -71.933060 206.256226
v 612.185059 -71.993843 202.989136
v 607.203186 -71.982742 200.828979
v 605.274597 -71.881805 200.052124
v 604.202026 -71.754593 199.696533
v 601.586914 -71.670906 198.699951
v 597.737793 -71.622032 197.190674
v 592.963074 -71.599274 195.296875
v 587.571350 -71.593925 193.146729
v 581.871094 -71.597282 190.868408
v 576.170837 -71.600639 188.590088
v 570.779114 -71.595291 186.439941
v 566.004395 -71.572533 184.546143
v 562.155212 -71.523666 183.036865
v 559.540100 -71.439980 182.040283
v 558.467590 -71.312775 181.684570
v 557.404114 -71.167542 181.355103
v 554.814026 -71.034019 180.430908
v 551.002686 -70.909866 179.030884
v 546.275391 -70.792740 177.274048
v 540.937500 -70.680298 175.279297
v 535.294189 -70.570198 173.165527
v 529.651001 -70.460098 171.051758
v 524.313049 -70.347656 169.057007
v 519.585754 -70.230530 167.300171
v 515.774414 -70.106377 165.900146
v 513.184326 -69.972855 164.975952
v 512.120850 -69.827606 164.646362
v 510.954254 -69.684639 164.395142
v 508.079132 -69.557388 163.687134
v 503.837158 -69.442711 162.613770
v 498.570099 -69.337463 161.266357
v 492.619629 -69.238495 159.736328
v 486.327423 -69.142670 158.114868
v 480.035217 -69.046844 156.493408
v 474.084747 -68.947876 154.963379
v 468.817688 -68.842628 153.615967
v 464.575714 -68.727951 152.542603
v 461.700592 -68.600700 151.834595
v 460.533966 -68.457733 151.583496
v 459.108368 -68.368889 151.345947
v 455.517151 -68.391273 150.675659
v 450.193481 -68.502640 149.659302
v 443.570435 -68.680748 148.383301
v 436.081146 -68.903343 146.934204
v 428.158752 -69.148186 145.398560
v 420.236328 -69.393028 143.862915
v 412.747040 -69.615623 142.413818
v 406.123993 -69.793732 141.137817
v 400.800293 -69.905098 140.121460
v 397.209106 -69.927483 139.451172
v 395.783508 -69.838654 139.213501
v 394.380951 -69.725044 139.036499
v 390.853485 -69.678955 138.533936
v 385.626099 -69.686874 137.770752
v 379.123718 -69.735306 136.812256
v 371.771423 -69.810745 135.723511
v 363.994110 -69.899689 134.569580
v 356.216797 -69.988632 133.415649
v 348.864471 -70.064072 132.326904
v 342.362122 -70.112503 131.368408
v 337.134735 -70.120422 130.605225
v 333.607269 -70.074333 130.102661
v 332.204712 -69.960724 129.925659
v 331.640961 -69.872917 129.877075
v 330.432526 -69.898170 129.729492
v 328.708374 -70.013870 129.502686
v 326.597382 -70.197411 129.216431
v 324.228516 -70.426170 128.890625
v 321.730743 -70.677544 128.545044
v 319.232941 -70.928917 128.199463
v 316.864105 -71.157677 127.873657
v 314.753113 -71.341217 127.587402
v 308.192871 -71.225426 126.213623
v 305.035645 -71.223083 125.149414
v 301.128357 -71.258644 123.813354
v 296.720947 -71.319481 122.296143
v 292.063538 -71.392952 120.688354
v 287.406128 -71.466423 119.080566
v 282.998718 -71.527260 117.563354
v 279.091400 -71.562820 116.227295
v 275.934204 -71.560478 115.163086
v 269.997589 -71.332916 112.660034
v 267.052521 -71.453003 110.928955
v 263.411102 -71.642036 108.757080
v 259.305481 -71.877037 106.291260
v 254.967728 -72.135017 103.678467
v 250.629974 -72.392998 101.065674
v 246.524353 -72.627998 98.599854
v 242.882935 -72.817032 96.427979
v 239.937866 -72.937119 94.696899
v 233.885651 -72.715080 90.544800
v 230.600204 -72.718864 87.651367
v 226.532135 -72.762108 84.022461
v 221.942337 -72.831665 79.903320
v 217.091644 -72.914375 75.538940
v 212.240967 -72.997086 71.174561
v 207.651154 -73.066643 67.055420
v 203.583099 -73.109886 63.426514
v 200.297668 -73.113670 60.533081
v 198.055725 -73.064842 58.620239
v 197.118164 -72.950226 57.933228
v 195.946198 -72.836662 56.984375
v 193.056244 -72.790703 54.347900
v 188.791901 -72.798828 50.361206
v 183.496750 -72.847511 45.361938
v 177.514404 -72.923233 39.687500
v 171.188461 -73.012482 33.675537
v 164.862518 -73.101730 27.663574
v 158.880173 -73.177452 21.989136
v 153.585022 -73.226135 16.989868
v 149.320679 -73.234261 13.003174
v 146.430725 -73.188301 10.366699
v 145.258759 -73.074738 9.417969
v 143.811447 -72.935791 8.193848
v 140.160217 -72.819656 4.796265
v 134.745865 -72.721771 -0.340210
v 128.009155 -72.637573 -6.780762
v 120.390884 -72.562492 -14.090820
v 112.331833 -72.491974 -21.835571
v 104.272781 -72.421455 -29.580322
v 96.654510 -72.346375 -36.890381
v 89.917801 -72.262177 -43.330933
v 84.503448 -72.164291 -48.467407
v 80.852219 -72.048157 -51.864990
v 79.404938 -71.909210 -53.089111
v 78.320648 -71.766014 -53.966919
v 75.673050 -71.638123 -56.407349
v 71.774811 -71.522476 -60.097778
v 66.938599 -71.416016 -64.725708
v 61.477066 -71.315681 -69.978638
v 55.702866 -71.218407 -75.544067
v 49.928680 -71.121132 -81.109497
v 44.467133 -71.020798 -86.362427
v 39.630920 -70.914337 -90.990356
v 35.732697 -70.798691 -94.680786
v 33.085114 -70.670799 -97.121216
v 32.000763 -70.527618 -97.999023
v 31.259583 -70.382996 -98.625000
v 29.560608 -70.251160 -100.369019
v 27.095398 -70.129555 -103.007446
v 24.055511 -70.015625 -106.316772
v 20.632507 -69.906815 -110.073242
v 17.017944 -69.800560 -114.053345
v 13.403381 -69.694305 -118.033447
v 9.980377 -69.585495 -121.789917
v 6.940491 -69.471565 -125.099243
v 4.475281 -69.349960 -127.737671
v 2.776306 -69.218124 -129.481689
v 1.426697 -68.925781 -130.822388
v 0.094849 -68.785347 -132.811401
v -1.815765 -68.650757 -135.819946
v -4.160461 -68.520546 -139.593262
v -6.794525 -68.393257 -143.876343
v -9.573273 -68.267426 -148.414307
v -12.352020 -68.141594 -152.952271
v -14.986084 -68.014305 -157.235352
v -17.330780 -67.884094 -161.008667
v -19.241394 -67.749504 -164.017212
v -20.573242 -67.609070 -166.006226
v -21.181610 -67.461334 -166.720825
v -21.688568 -67.321396 -167.395142
v -22.739990 -67.202507 -169.272949
v -24.226959 -67.100464 -172.113525
v -26.040619 -67.011047 -175.676147
v -28.072052 -66.930054 -179.720093
v -30.212402 -66.853271 -184.004761
v -32.352753 -66.776489 -188.289429
v -34.384186 -66.695496 -192.333374
v -36.197845 -66.606079 -195.895996
v -37.684814 -66.504036 -198.736572
v -38.736237 -66.385147 -200.614380
v -39.243195 -66.245209 -201.288574
v -39.805267 -66.102654 -202.288330
v -41.009094 -65.976540 -205.065796
v -42.726288 -65.863579 -209.265381
v -44.828552 -65.760483 -214.531616
v -47.187500 -65.663963 -220.508911
v -49.674805 -65.570732 -226.841797
v -52.162109 -65.477501 -233.174683
v -54.521057 -65.380981 -239.151978
v -56.623322 -65.277885 -244.418213
v -58.340515 -65.164925 -248.617798
v -59.544342 -65.038811 -251.395264
v -60.106384 -64.896271 -252.395264
v -60.603516 -64.722656 -253.234985
v -61.627808 -64.510674 -255.569824
v -63.073822 -64.267998 -259.100830
v -64.836151 -64.002304 -263.528931
v -66.809326 -63.721260 -268.555176
v -68.887939 -63.432549 -273.880371
v -70.966553 -63.143837 -279.205566
v -72.939728 -62.862793 -284.231812
v -74.702057 -62.597099 -288.659912
v -76.148071 -62.354424 -292.190918
v -77.172363 -62.142441 -294.525757
v -77.669556 -61.968842 -295.365723
v -78.092682 -61.849625 -295.992310
v -78.912384 -61.788025 -297.738159
v -80.049316 -61.772522 -300.379272
v -81.424194 -61.791588 -303.691895
v -82.957672 -61.833702 -307.452148
v -84.570465 -61.887337 -311.436279
v -86.183258 -61.940971 -315.420410
v -87.716736 -61.983086 -319.180664
v -89.091614 -62.002151 -322.493286
v -90.228546 -61.986649 -325.134399
v -91.048248 -61.925049 -326.880249
v -91.471436 -61.805817 -327.507080
v -92.219421 -61.640175 -328.560791
v -93.937195 -61.450241 -331.487305
v -96.430786 -61.240868 -335.911987
v -99.506256 -61.016914 -341.460327
v -102.969635 -60.783241 -347.757812
v -106.626984 -60.544708 -354.429810
v -110.284332 -60.306175 -361.101807
v -113.747711 -60.072502 -367.399292
v -116.823181 -59.848549 -372.947632
v -119.316772 -59.639175 -377.372314
v -121.034546 -59.449242 -380.298828
v -121.782501 -59.283600 -381.352417
v -122.429993 -59.155739 -381.993408
v -123.869995 -59.070236 -383.778931
v -125.944000 -59.018631 -386.480103
v -128.493500 -58.992439 -389.867920
v -131.359985 -58.983192 -393.713623
v -134.384979 -58.982422 -397.788208
v -137.409973 -58.981651 -401.862793
v -140.276459 -58.972404 -405.708496
v -142.825958 -58.946213 -409.096313
v -144.899963 -58.894608 -411.797485
v -146.339966 -58.809105 -413.583008
v -146.987396 -58.681244 -414.223877
v -146.987396 -58.681252 -414.223877
v -146.987396 -58.681244 -414.223877
v -147.917725 -58.550774 -415.105225
v -150.139618 -58.458061 -417.555420
v -153.394775 -58.395561 -421.260620
v -157.424866 -58.355713 -425.906982
v -161.971588 -58.330971 -431.180908
v -166.776642 -58.313782 -436.768555
v -171.581696 -58.296593 -442.356201
v -176.128418 -58.271851 -447.630127
v -180.158508 -58.232002 -452.276489
v -183.413666 -58.169502 -455.981689
v -185.635559 -58.076790 -458.431885
v -186.870697 -57.830284 -459.464966
v -187.363312 -57.777496 -459.897461
v -188.006165 -57.775299 -460.554688
v -188.761658 -57.811050 -461.380371
v -189.592285 -57.872101 -462.318481
v -190.460449 -57.945801 -463.312744
v -191.328613 -58.019501 -464.307007
v -192.159241 -58.080551 -465.245117
v -194.355042 -57.945282 -467.312134
v -195.487122 -57.831459 -468.140869
v -198.266815 -57.784775 -470.445557
v -202.364624 -57.791801 -473.930908
v -207.450989 -57.839111 -478.301880
v -213.196411 -57.913277 -483.263184
v -219.271362 -58.000870 -488.519653
v -225.346313 -58.088463 -493.776123
v -231.091736 -58.162628 -498.737427
v -236.178101 -58.209938 -503.108398
v -240.275879 -58.216965 -506.593750
v -246.860168 -57.903183 -511.555054
v -249.583130 -57.918266 -513.591919
v -252.946106 -57.975677 -516.147095
v -256.735718 -58.061310 -519.047852
v -260.738708 -58.161049 -522.121338
v -264.741699 -58.260788 -525.194824
v -268.531311 -58.346420 -528.095581
v -271.894287 -58.403831 -530.650757
v -274.617249 -58.418915 -532.687622
v -281.793213 -58.129509 -537.337280
v -286.547485 -58.163567 -540.477295
v -292.456787 -58.244759 -544.415405
v -299.136108 -58.357376 -548.885498
v -306.200439 -58.485710 -553.621582
v -313.264771 -58.614044 -558.357666
v -319.944092 -58.726662 -562.827759
v -325.853394 -58.807854 -566.765869
v -330.607666 -58.841911 -569.905884
v -333.821960 -58.813118 -571.981934
v -335.111206 -58.705780 -572.728027
v -335.111206 -58.705788 -572.728027
v -335.111206 -58.705780 -572.728027
v -338.730957 -58.627853 -574.508057
v -342.504822 -58.726494 -576.492065
v -347.185120 -58.888641 -578.980957
v -352.469727 -59.093132 -581.806396
v -358.056458 -59.318794 -584.800171
v -363.643188 -59.544456 -587.793945
v -368.927795 -59.748947 -590.619385
v -373.608093 -59.911095 -593.108276
v -377.381958 -60.009735 -595.092285
v -379.947205 -60.023697 -596.403076
v -381.001831 -59.931793 -596.872314
v -381.984680 -59.817032 -597.276367
v -384.351807 -59.767761 -598.406860
v -387.826416 -59.770882 -600.118530
v -392.131592 -59.813301 -602.266113
v -396.990479 -59.881912 -604.704224
v -402.126221 -59.963623 -607.287598
v -407.261963 -60.045334 -609.870972
v -412.120850 -60.113945 -612.309082
v -416.426025 -60.156364 -614.456665
v -419.900635 -60.159485 -616.168335
v -422.267761 -60.110214 -617.298828
v -423.250671 -59.995453 -617.703125
v -200.145905 -58.726349 -458.276978
v -199.833740 -58.721947 -458.202637
v -199.191284 -58.709778 -457.776489
v -198.284607 -58.691391 -457.068848
v -197.179779 -58.668343 -456.150146
v -195.942841 -58.642189 -455.090698
v -194.639832 -58.614479 -453.960815
v -193.336823 -58.586769 -452.830933
v -192.099884 -58.560616 -451.771484
v -190.995056 -58.537567 -450.852783
v -190.088379 -58.519180 -450.145142
v -189.445923 -58.507011 -449.718994
v -187.868622 -58.528816 -448.653564
v -186.617432 -58.557899 -447.401855
v -185.080750 -58.594360 -445.801025
v -183.353729 -58.635735 -443.967529
v -181.531525 -58.679565 -442.017700
v -179.709320 -58.723396 -440.067871
v -177.982300 -58.764771 -438.234375
v -176.445618 -58.801231 -436.633545
v -175.194427 -58.830315 -435.381836
v -171.937622 -58.885956 -432.200562
v -169.880493 -58.918594 -429.618286
v -167.333527 -58.959511 -426.349609
v -164.459991 -59.005943 -422.623413
v -161.423157 -59.055138 -418.668335
v -158.386322 -59.104332 -414.713257
v -155.512787 -59.150764 -410.987061
v -152.965820 -59.191681 -407.718384
v -150.908691 -59.224319 -405.136108
v -149.504669 -59.245926 -403.468994
v -146.847260 -59.148003 -399.724243
v -144.703491 -59.030685 -395.998291
v -142.047913 -58.883621 -391.296021
v -139.051147 -58.716728 -385.942871
v -135.883759 -58.539925 -380.264282
v -132.716370 -58.363121 -374.585693
v -129.719604 -58.196228 -369.232544
v -127.064026 -58.049164 -364.530273
v -124.920258 -57.931847 -360.804321
v -123.458893 -57.854187 -358.380127
v -122.850525 -57.826080 -357.582764
v -122.269684 -57.901405 -356.839844
v -120.884430 -58.109665 -354.565186
v -118.855652 -58.424263 -351.065186
v -116.344238 -58.818619 -346.646240
v -113.511047 -59.266151 -341.614624
v -110.516998 -59.740265 -336.276611
v -107.522949 -60.214378 -330.938599
v -104.689758 -60.661911 -325.906982
v -102.178345 -61.056267 -321.488037
v -100.149567 -61.370865 -317.988037
v -98.764313 -61.579124 -315.713379
v -98.183533 -61.654449 -314.970703
v -97.584137 -61.711891 -313.937744
v -96.147583 -61.870697 -310.861206
v -94.041290 -62.110596 -306.149780
v -91.432709 -62.411316 -300.212280
v -88.489258 -62.752586 -293.457275
v -85.378387 -63.114128 -286.293579
v -82.267517 -63.475670 -279.129883
v -79.324066 -63.816940 -272.374878
v -76.715485 -64.117661 -266.437378
v -74.609192 -64.357559 -261.725952
v -73.172638 -64.516365 -258.649414
v -71.222015 -64.693649 -254.302246
v -69.875336 -64.826584 -250.473145
v -68.218933 -64.993217 -245.641602
v -66.356049 -65.182320 -240.141846
v -64.389923 -65.382660 -234.307861
v -62.423798 -65.583000 -228.473877
v -60.560913 -65.772102 -222.974121
v -58.904510 -65.938736 -218.142578
v -57.557831 -66.071671 -214.313477
v -55.746368 -66.202950 -210.341309
v -54.694366 -66.234604 -208.301025
v -53.168976 -66.282425 -205.155029
v -51.288574 -66.342369 -201.179810
v -49.171478 -66.410393 -196.651733
v -46.936035 -66.482460 -191.847290
v -44.700592 -66.554527 -187.042847
v -42.583496 -66.622551 -182.514771
v -40.703094 -66.682495 -178.539551
v -39.177704 -66.730316 -175.393555
v -37.293091 -66.792198 -172.303711
v -36.484528 -66.844147 -171.001099
v -35.326935 -66.922623 -168.969482
v -33.907562 -67.020996 -166.391113
v -32.313660 -67.132637 -163.448364
v -30.632507 -67.250908 -160.323364
v -28.951355 -67.369179 -157.198364
v -27.357452 -67.480820 -154.255615
v -25.938080 -67.579193 -151.677246
v -24.780487 -67.657669 -149.645630
v -22.714783 -67.783424 -147.090698
v -20.488953 -67.935478 -144.489746
v -17.190338 -68.165176 -140.496948
v -13.087158 -68.453110 -135.460083
v -8.447571 -68.779869 -129.727295
v -3.539795 -69.126038 -123.646484
v 1.367981 -69.472206 -117.565674
v 6.007568 -69.798965 -111.832886
v 10.110748 -70.086899 -106.796021
v 13.409363 -70.316597 -102.803223
v 17.005157 -70.524467 -99.017822
v 18.125671 -70.526718 -97.902344
v 19.754547 -70.530121 -96.153564
v 21.764679 -70.534393 -93.929688
v 24.028961 -70.539238 -91.389160
v 26.420349 -70.544373 -88.690186
v 28.811737 -70.549507 -85.991211
v 31.076019 -70.554352 -83.450684
v 33.086151 -70.558624 -81.226807
v 37.452911 -70.589714 -77.223877
v 40.362885 -70.657791 -74.750122
v 44.694977 -70.760628 -70.949463
v 50.093658 -70.889542 -66.153442
v 56.203384 -71.035835 -60.693970
v 62.668640 -71.190819 -54.902710
v 69.133896 -71.345802 -49.111450
v 75.243622 -71.492096 -43.651978
v 80.642288 -71.621010 -38.855957
v 84.974380 -71.723846 -35.055298
v 87.884354 -71.791924 -32.581543
v 92.821350 -71.907349 -28.339233
v 96.889816 -72.008064 -24.384521
v 101.958038 -72.134308 -19.395508
v 107.692764 -72.277580 -13.716919
v 113.760742 -72.429359 -7.693604
v 119.828720 -72.581139 -1.670288
v 125.563446 -72.724411 4.008301
v 130.631668 -72.850655 8.997314
v 134.700134 -72.951370 12.952026
v 137.435593 -73.018044 15.527710
v 138.504791 -73.042145 16.379883
v 139.088760 -73.040421 16.777344
v 140.482681 -73.035652 18.096924
v 142.524567 -73.028442 20.154053
v 145.052414 -73.019409 22.764404
v 147.904236 -73.009155 25.743652
v 150.918060 -72.998291 28.907227
v 153.931885 -72.987427 32.070801
v 156.783707 -72.977173 35.050049
v 159.311554 -72.968140 37.660400
v 161.353439 -72.960930 39.717529
v 164.421204 -72.943810 42.279663
v 167.213821 -72.914429 44.836670
v 171.368622 -72.870041 48.763184
v 176.545059 -72.814400 53.716797
v 182.402588 -72.751259 59.355225
v 188.600677 -72.684364 65.336060
v 194.798752 -72.617470 71.316895
v 200.656281 -72.554329 76.955322
v 205.832718 -72.498688 81.908936
v 209.987518 -72.454300 85.835449
v 216.290192 -72.353508 90.789429
v 218.822723 -72.286095 92.663330
v 221.965622 -72.201591 95.044067
v 225.515411 -72.105698 97.762573
v 229.268677 -72.004105 100.650024
v 233.021912 -71.902512 103.537476
v 236.571716 -71.806618 106.255981
v 239.714600 -71.722115 108.636719
v 242.247131 -71.654701 110.510620
v 246.293823 -71.574455 112.755127
v 247.945923 -71.552811 113.675903
v 249.985168 -71.525673 114.861816
v 252.282501 -71.494881 116.224487
v 254.708908 -71.462257 117.675537
v 257.135315 -71.429634 119.126587
v 259.432648 -71.398842 120.489258
v 261.471893 -71.371704 121.675171
v 268.633362 -71.331070 124.679932
v 271.070953 -71.331421 125.719238
v 273.820343 -71.331818 126.915527
v 276.725647 -71.332237 128.190308
v 279.630920 -71.332657 129.465088
v 282.380310 -71.333054 130.661377
v 284.817902 -71.333405 131.700684
v 292.611267 -71.225067 133.797852
v 296.797119 -71.104271 134.734009
v 302.012512 -70.952850 135.939209
v 307.914276 -70.781013 137.323730
v 314.159180 -70.598969 138.797974
v 320.404083 -70.416924 140.272217
v 326.305847 -70.245087 141.656738
v 331.521240 -70.093666 142.861938
v 335.707092 -69.972870 143.798096
v 338.520294 -69.892906 144.375610
v 339.617615 -69.863983 144.504517
v 340.970856 -69.862488 144.570068
v 344.491608 -69.858345 144.971924
v 349.746338 -69.852089 145.642822
v 356.301544 -69.844246 146.515503
v 363.723755 -69.835342 147.522705
v 371.579468 -69.825912 148.597168
v 379.435181 -69.816483 149.671631
v 386.857422 -69.807579 150.678833
v 393.412628 -69.799736 151.551514
v 398.667358 -69.793480 152.222412
v 402.188110 -69.789337 152.624268
v 403.541351 -69.787811 152.689941
v 404.580292 -69.786263 152.775391
v 407.232117 -69.781975 153.232300
v 411.174194 -69.775497 153.986328
v 416.083984 -69.767372 154.963135
v 421.638916 -69.758156 156.088623
v 427.516388 -69.748390 157.288330
v 433.393890 -69.738625 158.488037
v 438.948822 -69.729408 159.613525
v 443.858612 -69.721283 160.590332
v 447.800690 -69.714806 161.344360
v 450.452484 -69.710518 161.801270
v 451.491425 -69.708954 161.886719
v 451.491425 -69.708954 161.886719
v 451.491425 -69.708954 161.886719
v 452.992126 -69.718277 162.205200
v 456.920471 -69.744049 163.306396
v 462.790955 -69.782982 165.033813
v 470.118073 -69.831787 167.230835
v 478.416260 -69.887177 169.740845
v 487.199951 -69.945854 172.407471
v 495.983643 -70.004532 175.074097
v 504.281830 -70.059921 177.584106
v 511.608948 -70.108727 179.781128
v 517.479431 -70.147659 181.508545
v 521.407776 -70.173431 182.609741
v 522.908508 -70.182770 182.928223
v 524.028198 -70.203568 183.160767
v 526.903198 -70.261063 184.024292
v 531.182373 -70.347916 185.392700
v 536.514771 -70.456787 187.139648
v 542.549316 -70.580338 189.139038
v 548.934937 -70.711227 191.264648
v 555.320496 -70.842117 193.390259
v 561.355042 -70.965668 195.389648
v 566.687439 -71.074539 197.136597
v 574.961304 -71.239655 199.601318
v 567.105713 -71.062149 197.526123
v 561.804565 -70.945129 196.280151
v 555.771851 -70.812332 194.883057
v 549.373291 -70.671646 193.410400
v 542.974792 -70.530960 191.937744
v 536.942017 -70.398163 190.540649
v 531.640930 -70.281143 189.294678
v 527.437256 -70.187790 188.275513
v 520.779236 -70.045670 186.884521
v 518.675171 -70.007431 186.785889
v 516.270630 -69.964035 186.690796
v 513.715759 -69.918060 186.597412
v 511.160919 -69.872086 186.504028
v 508.756348 -69.828690 186.408936
v 506.652313 -69.790451 186.310303
v 502.805298 -69.703888 185.898315
v 500.259888 -69.624908 185.905884
v 496.350861 -69.505600 185.981201
v 491.419128 -69.356041 186.107300
v 485.805603 -69.186317 186.267334
v 479.851135 -69.006508 186.444214
v 473.896729 -68.826698 186.621094
v 468.283173 -68.656975 186.781128
v 463.351440 -68.507416 186.907227
v 459.442444 -68.388107 186.982544
v 456.897034 -68.309128 186.990112
v 452.724518 -68.258698 187.607422
v 450.405884 -68.244293 188.187256
v 447.757782 -68.227943 188.862183
v 444.944946 -68.210625 189.584595
v 442.132080 -68.193306 190.307007
v 439.483978 -68.176956 190.981934
v 437.165344 -68.162552 191.561768
v 435.340942 -68.151062 191.999146
v 431.295319 -68.134529 193.105713
v 428.326904 -68.127663 194.200562
v 424.574280 -68.119057 195.604614
v 420.298798 -68.109291 197.214844
v 415.761902 -68.098946 198.928223
v 411.225037 -68.088600 200.641602
v 406.949554 -68.078835 202.251831
v 403.196899 -68.070229 203.655884
v 400.228516 -68.063362 204.750732
v 395.035278 -67.953903 207.191650
v 391.937775 -67.839348 209.109619
v 388.023285 -67.695755 211.545410
v 383.564148 -67.532799 214.326538
v 378.832672 -67.360161 217.280273
v 374.101196 -67.187523 220.234009
v 369.642059 -67.024567 223.015137
v 365.727570 -66.880974 225.450928
v 362.630035 -66.766418 227.368896
v 358.175842 -66.672821 230.713257
v 356.027252 -66.683517 232.810059
v 353.302277 -66.696930 235.470215
v 350.193054 -66.712151 238.505859
v 346.891663 -66.728271 241.729248
v 343.590271 -66.744392 244.952637
v 340.481049 -66.759613 247.988281
v 337.756073 -66.773026 250.648438
v 335.607483 -66.783722 252.745239
v 331.818756 -66.812599 257.436279
v 329.459534 -66.833939 260.848267
v 326.470459 -66.860687 265.156860
v 323.061554 -66.891037 270.063232
v 319.442688 -66.923195 275.268555
v 315.823853 -66.955353 280.473877
v 312.414917 -66.985703 285.380249
v 309.425873 -67.012451 289.688843
v 307.066650 -67.033791 293.100830
v 304.070465 -67.174767 298.970459
v 302.801147 -67.309845 302.374756
v 301.178314 -67.479172 306.673828
v 299.319824 -67.671326 311.569458
v 297.343506 -67.874901 316.763306
v 295.367188 -68.078476 321.957153
v 293.508698 -68.270630 326.852783
v 291.885864 -68.439957 331.151855
v 290.616547 -68.575035 334.556152
v 289.571747 -68.708397 338.167847
v 289.246307 -68.740433 340.269043
v 288.690857 -68.788826 343.507080
v 287.962891 -68.849487 347.597778
v 287.119904 -68.918335 352.256836
v 286.219421 -68.991272 357.200134
v 285.318939 -69.064209 362.143433
v 284.475952 -69.133057 366.802490
v 283.747986 -69.193718 370.893188
v 282.829163 -69.285736 376.912781
v 283.326324 -69.280876 372.528625
v 283.725494 -69.275482 367.817322
v 284.194183 -69.268715 361.943298
v 284.709198 -69.261040 355.294128
v 285.247406 -69.252907 348.257446
v 285.785614 -69.244774 341.220703
v 286.300629 -69.237099 334.571533
v 286.769318 -69.230331 328.697510
v 287.168518 -69.224937 323.986206
v 287.475006 -69.221367 320.825195
v 287.665649 -69.220062 319.602173
v 287.762146 -69.222527 318.729736
v 287.808319 -69.229347 316.538330
v 287.814240 -69.239647 313.291626
v 287.789978 -69.252563 309.253540
v 287.745605 -69.267220 304.687866
v 287.691162 -69.282745 299.858398
v 287.636719 -69.298271 295.028931
v 287.592346 -69.312927 290.463257
v 287.568085 -69.325844 286.425171
v 287.574005 -69.336143 283.178467
v 287.620178 -69.342964 280.987061
v 286.612762 -69.365150 274.571655
v 285.235779 -69.387032 268.574829
v 283.477997 -69.414459 261.089355
v 281.466370 -69.445580 252.611450
v 279.327789 -69.478554 243.637329
v 277.189209 -69.511528 234.663208
v 275.177582 -69.542648 226.185303
v 273.419800 -69.570076 218.699829
v 272.042816 -69.591957 212.703003
v 271.173523 -69.606438 208.691040
v 269.374237 -69.646179 202.942505
v 268.220490 -69.668930 200.284302
v 266.894348 -69.694748 197.284546
v 265.481995 -69.722099 194.114014
v 264.069641 -69.749451 190.943481
v 262.743469 -69.775269 187.943726
v 261.589722 -69.798019 185.285522
v 260.694611 -69.816170 183.139648
v 258.636627 -69.941658 178.255249
v 256.943970 -70.062767 175.286743
v 254.790466 -70.214584 171.597412
v 252.329773 -70.386871 167.427490
v 249.715485 -70.569389 163.017334
v 247.101181 -70.751907 158.607178
v 244.640488 -70.924194 154.437256
v 242.487000 -71.076012 150.747925
v 240.794342 -71.197121 147.779419
v 237.912659 -71.315689 142.759399
v 236.103790 -71.326103 140.463379
v 233.804657 -71.339157 137.616943
v 231.178665 -71.353966 134.403564
v 228.389252 -71.369659 131.006714
v 225.599838 -71.385353 127.609863
v 222.973846 -71.400162 124.396484
v 220.674713 -71.413216 121.550049
v 218.865845 -71.423630 119.254028
v 214.154205 -71.540749 113.633301
v 210.431396 -71.660263 109.998779
v 205.733093 -71.810081 105.474487
v 200.384476 -71.980103 100.357056
v 194.710678 -72.160217 94.942993
v 189.036880 -72.340332 89.528931
v 183.688263 -72.510353 84.411499
v 178.989960 -72.660172 79.887207
v 175.267166 -72.779686 76.252686
v 172.845032 -72.858803 73.804443
v 169.193512 -72.893593 69.895264
v 165.873642 -72.900436 66.781860
v 161.680435 -72.909012 62.910767
v 156.904999 -72.918747 58.534668
v 151.838440 -72.929054 53.906006
v 146.771881 -72.939362 49.277344
v 141.996445 -72.949097 44.901245
v 137.803238 -72.957672 41.030151
v 134.483368 -72.964516 37.916748
v 129.252838 -72.874168 32.586792
v 126.465393 -72.767113 30.092163
v 122.939575 -72.632919 26.996826
v 118.921524 -72.480629 23.500977
v 114.657349 -72.319298 19.804810
v 110.393173 -72.157967 16.108643
v 106.375122 -72.005676 12.612793
v 102.849304 -71.871483 9.517456
v 100.061859 -71.764427 7.022827
v 98.258896 -71.693558 5.329224
v 97.686554 -71.667938 4.636719
v 97.169571 -71.669167 3.944702
v 95.519073 -71.673393 2.251831
v 92.960709 -71.681419 -0.241943
v 89.720139 -71.694046 -3.336792
v 86.023010 -71.712074 -6.832764
v 82.094986 -71.736305 -10.530151
v 78.161728 -71.767540 -14.229004
v 74.448883 -71.806587 -17.729370
v 71.182129 -71.854240 -20.831543
v 68.587097 -71.911308 -23.335571
v 66.889465 -71.978592 -25.041504
v 65.611435 -72.102753 -26.625000
v 63.556961 -72.081169 -28.794312
v 60.421661 -72.005638 -31.998535
v 56.475739 -71.889641 -35.979004
v 51.989410 -71.746666 -40.476929
v 47.232880 -71.590202 -45.233521
v 42.476349 -71.433739 -49.990112
v 37.990021 -71.290764 -54.488037
v 34.044098 -71.174767 -58.468506
v 30.908813 -71.099236 -61.672729
v 28.854340 -71.077652 -63.842041
v 25.418579 -71.184944 -66.832031
v 22.311707 -71.150627 -69.003784
v 18.401398 -71.086296 -71.690063
v 13.955505 -71.001953 -74.719238
v 9.241791 -70.907600 -77.919922
v 4.528076 -70.813248 -81.120605
v 0.082153 -70.728905 -84.149780
v -3.828156 -70.664574 -86.836060
v -6.935028 -70.630257 -89.007812
v -8.970673 -70.635956 -90.493652
v -12.625793 -70.770782 -92.496948
v -15.983582 -70.756058 -93.848511
v -20.208405 -70.716286 -95.506470
v -25.011261 -70.659821 -97.368774
v -30.103119 -70.595001 -99.333252
v -35.194977 -70.530182 -101.297729
v -39.997833 -70.473717 -103.160034
v -44.222656 -70.433945 -104.817993
v -47.580444 -70.419220 -106.169556
v -53.516876 -70.595268 -108.133789
v -56.896271 -70.600349 -108.613770
v -61.148193 -70.585403 -109.179321
v -65.981781 -70.557106 -109.801880
v -71.106201 -70.522133 -110.453003
v -76.230621 -70.487160 -111.104126
v -81.064209 -70.458862 -111.726685
v -85.316132 -70.443916 -112.292236
v -88.695526 -70.448997 -112.772217
v -90.911591 -70.480782 -113.138184
v -91.673523 -70.545929 -113.361572
v -92.958710 -70.612122 -113.409790
v -96.621582 -70.646744 -113.291626
v -102.186584 -70.656120 -113.040405
v -109.178192 -70.646553 -112.689331
v -117.120850 -70.624359 -112.271729
v -125.539062 -70.595856 -111.820923
v -133.957275 -70.567352 -111.370117
v -141.899933 -70.545158 -110.952515
v -148.891541 -70.535591 -110.601440
v -154.456543 -70.544968 -110.350220
v -158.119415 -70.579590 -110.232056
v -159.404602 -70.645782 -110.280518
v -160.441071 -70.708893 -110.304688
v -163.416290 -70.734993 -110.119995
v -167.942535 -70.731491 -109.768311
v -173.632019 -70.705788 -109.291260
v -180.097015 -70.665283 -108.730713
v -186.949738 -70.617378 -108.128418
v -193.802460 -70.569473 -107.526123
v -200.267456 -70.528969 -106.965576
v -205.956909 -70.503265 -106.488525
v -210.483154 -70.499763 -106.136841
v -213.458374 -70.525864 -105.952148
v -214.494873 -70.588959 -105.976196
v -214.494812 -70.588951 -105.976074
v -214.494873 -70.588959 -105.976196
v -215.187073 -70.652229 -105.965698
v -217.210388 -70.678780 -105.685059
v -220.298645 -70.675957 -105.188232
v -224.185608 -70.651100 -104.529419
v -228.605042 -70.611557 -103.762573
v -233.290710 -70.564667 -102.941650
v -237.976379 -70.517776 -102.120728
v -242.395813 -70.478233 -101.353882
v -246.282776 -70.453377 -100.695068
v -249.371033 -70.450554 -100.198364
v -251.394348 -70.477104 -99.917725
v -252.086487 -70.540375 -99.906982
v -254.335083 -70.694435 -100.062134
v -260.661499 -70.972038 -100.239624
v -270.250183 -71.348480 -100.434937
v -282.285522 -71.799049 -100.643555
v -295.952026 -72.299034 -100.861084
v -310.434082 -72.823730 -101.083008
v -324.916138 -73.348427 -101.304932
v -338.582642 -73.848419 -101.522461
v -350.617981 -74.298996 -101.731079
v -360.206665 -74.675446 -101.926392
v -366.533081 -74.953064 -102.103882
v -368.781677 -75.107147 -102.259033
v -367.167969 -75.115326 -102.492920
v -362.816162 -74.989578 -102.887817
v -356.273926 -74.756683 -103.411499
v -348.088806 -74.443436 -104.031738
v -338.808472 -74.076614 -104.716431
v -328.980530 -73.683014 -105.433350
v -319.152588 -73.289413 -106.150269
v -309.872253 -72.922592 -106.834961
v -301.687134 -72.609344 -107.455200
v -295.144897 -72.376450 -107.978882
v -290.793091 -72.250702 -108.373779
v -289.179321 -72.258881 -108.607544
v -288.441528 -72.296501 -108.903320
v -286.511414 -72.252144 -109.469482
v -283.627441 -72.142204 -110.251831
v -280.028076 -71.983078 -111.196411
v -275.951782 -71.791161 -112.249146
v -271.637024 -71.582848 -113.355957
v -267.322266 -71.374535 -114.462769
v -263.245972 -71.182617 -115.515503
v -259.646606 -71.023491 -116.460083
v -256.762634 -70.913551 -117.242432
v -254.832520 -70.869194 -117.808594
v -254.094421 -70.906830 -118.104492
v -253.559143 -70.926567 -118.424561
v -252.188904 -70.832764 -119.057983
v -250.150696 -70.648125 -119.942017
v -247.611511 -70.395363 -121.014038
v -244.738342 -70.097183 -122.211426
v -241.698181 -69.776299 -123.471436
v -238.658020 -69.455414 -124.731445
v -235.784851 -69.157234 -125.928833
v -233.245667 -68.904472 -127.000854
v -231.207458 -68.719833 -127.884888
v -229.837219 -68.626030 -128.518311
v -229.301758 -68.645782 -128.838623
v -228.737000 -68.692406 -129.290771
v -227.285278 -68.672935 -130.289185
v -225.124023 -68.600594 -131.724731
v -222.430603 -68.488594 -133.488037
v -219.382385 -68.350159 -135.469849
v -216.156799 -68.198509 -137.560913
v -212.931213 -68.046860 -139.651978
v -209.882996 -67.908424 -141.633789
v -207.189575 -67.796425 -143.397095
v -205.028320 -67.724083 -144.832642
v -203.576599 -67.704613 -145.831055
v -203.011780 -67.751251 -146.283203
v -202.245941 -67.785446 -147.190918
v -200.238373 -67.731613 -149.448730
v -197.237396 -67.607361 -152.786743
v -193.491364 -67.430290 -156.934814
v -189.248627 -67.218010 -161.623047
v -184.757538 -66.988121 -166.581299
v -180.266449 -66.758232 -171.539551
v -176.023712 -66.545952 -176.227783
v -172.277679 -66.368881 -180.375854
v -169.276703 -66.244629 -183.713867
v -167.269135 -66.190796 -185.971680
v -166.503326 -66.225006 -186.879272
v -166.278534 -66.276161 -187.243530
v -165.766754 -66.269218 -187.999146
v -165.025391 -66.215797 -189.067749
v -164.111816 -66.127518 -190.371094
v -163.083466 -66.015999 -191.830933
v -161.997711 -65.892860 -193.369019
v -160.911957 -65.769722 -194.907104
v -159.883606 -65.658203 -196.366943
v -158.970032 -65.569923 -197.670288
v -158.228668 -65.516502 -198.738892
v -157.716888 -65.509560 -199.494507
v -157.492065 -65.560699 -199.858765
v -157.141693 -65.610191 -200.557251
v -156.282745 -65.598648 -202.236938
v -155.016937 -65.538277 -204.701538
v -153.445953 -65.441284 -207.754761
v -151.671539 -65.319878 -211.200439
v -149.795410 -65.186264 -214.842285
v -147.919281 -65.052650 -218.484131
v -146.144867 -64.931244 -221.929810
v -144.573883 -64.834251 -224.983032
v -143.308075 -64.773880 -227.447632
v -142.449127 -64.762337 -229.127319
v -142.098816 -64.811798 -229.825684
v -141.831482 -64.847649 -230.728394
v -141.202118 -64.798386 -232.972412
v -140.283142 -64.681030 -236.289429
v -139.146942 -64.512604 -240.411255
v -137.865906 -64.310135 -245.069580
v -136.512482 -64.090645 -249.996216
v -135.159058 -63.871155 -254.922852
v -133.878021 -63.668686 -259.581177
v -132.741821 -63.500259 -263.703003
v -131.822845 -63.382904 -267.020020
v -131.193481 -63.333641 -269.264038
v -130.926117 -63.369476 -270.166382
v -130.819702 -63.409294 -270.869263
v -130.635223 -63.370995 -272.560913
v -130.388306 -63.270210 -275.043457
v -130.094543 -63.122559 -278.119263
v -129.769531 -62.943665 -281.590576
v -129.428925 -62.749146 -285.259644
v -129.088318 -62.554626 -288.928711
v -128.763306 -62.375732 -292.400024
v -128.469543 -62.228081 -295.475830
v -128.222626 -62.127296 -297.958374
v -128.038147 -62.088997 -299.650024
v -127.931732 -62.128815 -300.353027
v -127.891907 -62.179550 -300.811523
v -127.891510 -62.171440 -301.827637
v -127.922638 -62.116249 -303.289917
v -127.977417 -62.025757 -305.086670
v -128.047943 -61.911728 -307.106567
v -128.126373 -61.785927 -309.237915
v -128.204803 -61.660126 -311.369263
v -128.275330 -61.546097 -313.389160
v -128.330109 -61.455605 -315.185913
v -128.361237 -61.400414 -316.648193
v -128.360840 -61.392303 -317.664307
v -128.320984 -61.443024 -318.122925
v -128.352997 -61.487633 -318.785400
v -128.551208 -61.462601 -320.365234
v -128.882385 -61.381851 -322.678955
v -129.313293 -61.259308 -325.543213
v -129.810699 -61.108910 -328.774414
v -130.341339 -60.944580 -332.189087
v -130.871979 -60.780251 -335.603760
v -131.369385 -60.629852 -338.834961
v -131.800293 -60.507309 -341.699219
v -132.131470 -60.426559 -344.012939
v -132.819885 -60.443451 -348.348999
v -133.403900 -60.338005 -350.498047
v -134.151733 -60.184509 -353.155762
v -135.008759 -59.998978 -356.152588
v -135.920410 -59.797432 -359.318970
v -136.832062 -59.595886 -362.485352
v -137.689087 -59.410355 -365.482178
v -138.436920 -59.256859 -368.139893
v -139.020935 -59.151413 -370.288940
v -139.479065 -59.148712 -372.382812
v -139.832825 -59.215279 -373.248413
v -140.920532 -59.250946 -375.390015
v -142.595398 -59.261887 -378.552368
v -144.710663 -59.254288 -382.480225
v -147.119507 -59.234329 -386.918457
v -149.675140 -59.208191 -391.611816
v -152.230774 -59.182053 -396.305176
v -154.639618 -59.162094 -400.743408
v -156.754883 -59.154495 -404.671265
v -158.429749 -59.165436 -407.833496
v -159.517456 -59.201103 -409.975098
v -161.081299 -59.310822 -412.666016
v -162.499573 -59.256218 -414.517212
v -164.293182 -59.166458 -416.801514
v -166.337006 -59.053261 -419.374634
v -168.505920 -58.928345 -422.092163
v -170.674866 -58.803429 -424.809692
v -172.718689 -58.690231 -427.382812
v -174.512299 -58.600471 -429.667114
v -175.930573 -58.545868 -431.518311
v -178.166901 -58.690536 -434.633545
v -179.381012 -58.700684 -435.890747
v -180.918701 -58.692093 -437.430542
v -182.672089 -58.671005 -439.158813
v -184.533325 -58.643669 -440.981201
v -186.394562 -58.616333 -442.803589
v -188.147949 -58.595245 -444.531860
v -189.685638 -58.586655 -446.071655
v -192.483185 -58.817184 -449.497681
v -193.175690 -58.844597 -450.298340
v -194.057617 -58.855072 -451.265259
v -195.064056 -58.851921 -452.342529
v -196.130157 -58.838455 -453.474243
v -197.191010 -58.817986 -454.604492
v -198.181763 -58.793816 -455.677368
v -199.037506 -58.769257 -456.636963
v -199.693359 -58.747620 -457.427368
v -200.084442 -58.732208 -457.992554
v 94.448410 -67.960144 275.857422
v 90.721466 -67.962669 269.320068
v 88.142227 -67.964333 265.132446
v 85.198364 -67.966217 260.397095
v 82.072189 -67.968216 255.387817
v 78.946014 -67.970215 250.378540
v 76.002151 -67.972099 245.643188
v 73.422913 -67.973763 241.455566
v 71.390594 -67.975090 238.089600
v 70.087509 -67.975967 235.819214
v 69.695984 -67.976288 234.918213
v 69.336182 -67.978447 234.106079
v 68.120834 -67.984406 232.081421
v 66.221054 -67.993408 229.086670
v 63.807953 -68.004692 225.364380
v 61.052643 -68.017502 221.157104
v 58.126221 -68.031067 216.707275
v 55.199799 -68.044632 212.257446
v 52.444489 -68.057442 208.050171
v 50.031403 -68.068726 204.327881
v 48.131622 -68.077728 201.333130
v 46.916290 -68.083687 199.308472
v 46.556458 -68.085846 198.496582
v 46.281952 -68.087364 197.935303
v 45.302460 -68.091560 196.604126
v 43.759003 -68.097900 194.657104
v 41.792542 -68.105850 192.248169
v 39.544098 -68.114868 189.531250
v 37.154633 -68.124420 186.660400
v 34.765167 -68.133972 183.789551
v 32.516724 -68.142990 181.072632
v 30.550262 -68.150940 178.663696
v 29.006805 -68.157280 176.716675
v 28.027313 -68.161476 175.385498
v 27.752838 -68.162994 174.824097
v 27.202576 -68.165504 174.046021
v 25.460632 -68.172440 172.115601
v 22.765381 -68.182915 169.263184
v 19.355133 -68.196045 165.719360
v 15.468201 -68.210953 161.714478
v 11.342957 -68.226746 157.479126
v 7.217712 -68.242538 153.243774
v 3.330780 -68.257446 149.238892
v -0.079468 -68.270576 145.695068
v -2.774719 -68.281052 142.842651
v -4.516663 -68.287987 140.912231
v -5.066925 -68.290497 140.134277
v -5.498596 -68.319336 139.589600
v -6.912628 -68.399078 138.304443
v -9.112549 -68.519539 136.426880
v -11.901855 -68.670540 134.104980
v -15.084106 -68.841896 131.486938
v -18.462830 -69.023438 128.720703
v -21.841553 -69.204979 125.954468
v -25.023804 -69.376335 123.336426
v -27.813110 -69.527336 121.014526
v -30.013031 -69.647797 119.136963
v -31.427063 -69.727539 117.851807
v -31.858734 -69.756378 117.307373
v -32.659821 -69.761513 116.563843
v -35.095154 -69.775719 114.728882
v -38.837860 -69.797173 112.020752
v -43.561127 -69.824066 108.657715
v -48.938080 -69.854591 104.858154
v -54.641907 -69.886925 100.840332
v -60.345734 -69.919258 96.822510
v -65.722687 -69.949783 93.022949
v -70.445953 -69.976677 89.659912
v -74.188660 -69.998131 86.951782
v -76.623993 -70.012337 85.116821
v -77.425049 -70.017487 84.373413
v -78.077759 -70.055504 83.838501
v -80.102936 -70.160606 82.580200
v -83.226074 -70.319374 80.743164
v -87.172668 -70.518394 78.472046
v -91.668243 -70.744247 75.911621
v -96.438324 -70.983521 73.206421
v -101.208405 -71.222794 70.501221
v -105.703979 -71.448647 67.940796
v -109.650574 -71.647667 65.669678
v -112.773712 -71.806435 63.832642
v -114.798889 -71.911537 62.574341
v -115.451630 -71.949554 62.039185
v -115.808807 -71.951942 61.661987
v -117.016937 -71.958534 60.839844
v -118.905792 -71.968498 59.661621
v -121.305206 -71.980988 58.216431
v -124.044983 -71.995155 56.593262
v -126.954956 -72.010170 54.880981
v -129.864929 -72.025185 53.168701
v -132.604706 -72.039352 51.545532
v -135.004120 -72.051842 50.100342
v -136.892975 -72.061806 48.922119
v -138.101074 -72.068398 48.099976
v -138.458252 -72.070770 47.722656
v -137.792969 -72.065125 47.882202
v -136.174194 -72.049515 48.543945
v -133.792664 -72.025940 49.607422
v -130.839050 -71.996384 50.972168
v -127.504059 -71.962845 52.537720
v -123.978363 -71.927315 54.203735
v -120.452667 -71.891785 55.869751
v -117.117676 -71.858246 57.435303
v -114.164062 -71.828690 58.800049
v -111.782532 -71.805115 59.863525
v -110.163757 -71.789505 60.525269
v -109.498474 -71.783844 60.684814
v -108.717529 -71.748779 60.769043
v -106.778992 -71.651848 61.222534
v -103.914398 -71.505417 61.971436
v -100.355255 -71.321861 62.941895
v -96.333069 -71.113556 64.060181
v -92.079376 -70.892876 65.252319
v -87.825684 -70.672195 66.444458
v -83.803497 -70.463890 67.562744
v -80.244354 -70.280334 68.533203
v -77.379761 -70.133904 69.282104
v -75.441223 -70.036972 69.735596
v -74.660278 -70.001923 69.819946
v -74.021301 -70.000999 69.775879
v -72.475311 -69.998459 69.874634
v -70.203735 -69.994614 70.087646
v -67.387939 -69.989799 70.386353
v -64.209351 -69.984337 70.742188
v -60.849365 -69.978546 71.126587
v -57.489380 -69.972755 71.510986
v -54.310791 -69.967293 71.866821
v -51.494995 -69.962479 72.165527
v -49.223419 -69.958633 72.378540
v -47.677429 -69.956093 72.477295
v -47.038483 -69.955170 72.433594
v -46.255768 -69.927170 72.324219
v -44.312347 -69.849754 72.242554
v -41.440369 -69.732811 72.182983
v -37.871979 -69.586220 72.140015
v -33.839325 -69.419861 72.108032
v -29.574524 -69.243622 72.081543
v -25.309723 -69.067383 72.055054
v -21.277069 -68.901024 72.023071
v -17.708679 -68.754433 71.980103
v -14.836700 -68.637489 71.920532
v -12.893280 -68.560074 71.838867
v -12.110596 -68.532074 71.729370
v -11.645874 -68.532242 71.541992
v -10.581665 -68.532700 71.244629
v -9.037872 -68.533386 70.859131
v -7.134399 -68.534248 70.407715
v -4.991119 -68.535225 69.912231
v -2.727936 -68.536263 69.394775
v -0.464752 -68.537300 68.877319
v 1.678528 -68.538277 68.381836
v 3.582001 -68.539139 67.930420
v 5.125793 -68.539825 67.544922
v 6.190002 -68.540283 67.247559
v 6.654694 -68.540436 67.060059
v 7.564789 -68.512772 66.710571
v 9.860321 -68.436279 65.964966
v 13.264221 -68.320732 64.902466
v 17.499420 -68.175888 63.602295
v 22.288788 -68.011513 62.143677
v 27.355255 -67.837372 60.605835
v 32.421722 -67.663231 59.067993
v 37.211090 -67.498856 57.609375
v 41.446289 -67.354012 56.309204
v 44.850189 -67.238464 55.246704
v 47.145721 -67.161972 54.501099
v 48.055817 -67.134308 54.151367
v 48.548553 -67.131714 53.838745
v 49.690247 -67.124542 53.195068
v 51.351105 -67.113716 52.286499
v 53.401337 -67.100143 51.179321
v 55.711136 -67.084740 49.939697
v 58.150726 -67.068420 48.633911
v 60.590317 -67.052101 47.328125
v 62.900116 -67.036697 46.088501
v 64.950348 -67.023125 44.981323
v 66.611206 -67.012299 44.072754
v 67.752899 -67.005127 43.429077
v 68.245636 -67.002533 43.116455
v 68.596283 -66.973267 42.860718
v 69.345108 -66.892365 42.374390
v 70.412491 -66.770149 41.703613
v 71.718781 -66.616951 40.894409
v 73.184357 -66.443092 39.992920
v 74.729568 -66.258911 39.045410
v 76.274780 -66.074730 38.097900
v 77.740341 -65.900871 37.196411
v 79.046631 -65.747673 36.387207
v 80.114014 -65.625458 35.716431
v 80.862839 -65.544556 35.230103
v 81.213470 -65.515289 34.974487
v 81.788956 -65.513664 34.488892
v 83.159424 -65.509178 33.367065
v 85.165863 -65.502403 31.736206
v 87.649292 -65.493912 29.723633
v 90.450714 -65.484276 27.456543
v 93.411133 -65.474068 25.062256
v 96.371552 -65.463860 22.667969
v 99.172974 -65.454224 20.400879
v 101.656403 -65.445732 18.388306
v 103.662842 -65.438957 16.757446
v 105.033310 -65.434471 15.635620
v 105.608780 -65.432831 15.150269
v 106.118668 -65.430550 14.607788
v 107.307755 -65.424248 13.328491
v 109.040207 -65.414734 11.459839
v 111.180191 -65.402809 9.149048
v 113.591858 -65.389275 6.543579
v 116.139359 -65.374939 3.790771
v 118.686859 -65.360603 1.037964
v 121.098526 -65.347069 -1.567505
v 123.238510 -65.335144 -3.878296
v 124.970963 -65.325630 -5.746948
v 126.160049 -65.319328 -7.026245
v 126.669952 -65.317047 -7.568726
v 127.028946 -65.291466 -8.009155
v 127.800858 -65.220741 -9.006226
v 128.903107 -65.113907 -10.448608
v 130.253113 -64.979980 -12.225098
v 131.768295 -64.828003 -14.224243
v 133.366058 -64.666992 -16.334717
v 134.963821 -64.505981 -18.445190
v 136.479004 -64.354004 -20.444336
v 137.829010 -64.220078 -22.220825
v 138.931259 -64.113243 -23.663208
v 139.703171 -64.042519 -24.660278
v 140.062164 -64.016937 -25.100586
v 140.370361 -64.005135 -25.601440
v 141.001831 -63.972496 -26.765381
v 141.891922 -63.923195 -28.459839
v 142.975983 -63.861389 -30.552246
v 144.189346 -63.791252 -32.909912
v 145.467377 -63.716949 -35.400269
v 146.745407 -63.642647 -37.890625
v 147.958771 -63.572510 -40.248291
v 149.042831 -63.510704 -42.340698
v 149.932922 -63.461403 -44.035156
v 150.564392 -63.428764 -45.199097
v 150.872559 -63.416962 -45.700073
v 151.142166 -63.403503 -46.177002
v 151.666977 -63.366302 -47.275146
v 152.395950 -63.310104 -48.870117
v 153.278046 -63.239655 -50.837769
v 154.262222 -63.159706 -53.053955
v 155.297440 -63.075012 -55.394409
v 156.332657 -62.990318 -57.734863
v 157.316833 -62.910370 -59.951050
v 158.198929 -62.839920 -61.918701
v 158.927902 -62.783722 -63.513672
v 159.452713 -62.746521 -64.611816
v 159.722290 -62.733063 -65.088867
v 160.048508 -62.707458 -65.878052
v 160.729797 -62.636665 -67.839233
v 161.695160 -62.529724 -70.738037
v 162.873566 -62.395668 -74.340088
v 164.194000 -62.243538 -78.411011
v 165.585449 -62.082367 -82.716309
v 166.976898 -61.921196 -87.021606
v 168.297333 -61.769066 -91.092529
v 169.475739 -61.635010 -94.694580
v 170.441101 -61.528069 -97.593384
v 171.850632 -61.327843 -104.058228
v 172.144272 -61.212662 -108.026611
v 172.480667 -61.068283 -112.969360
v 172.845566 -60.904434 -118.561768
v 173.224716 -60.730858 -124.479004
v 173.603867 -60.557281 -130.396240
v 173.968765 -60.393433 -135.988647
v 174.305161 -60.249054 -140.931396
v 174.598801 -60.133873 -144.899780
v 174.835434 -60.057625 -147.568970
v 175.000870 -60.030060 -148.614258
v 174.966339 -60.005127 -149.573486
v 174.650299 -59.936203 -152.005005
v 174.109039 -59.832085 -155.614258
v 173.398880 -59.701569 -160.106812
v 172.576111 -59.553452 -165.188354
v 171.697037 -59.396538 -170.564331
v 170.817963 -59.239624 -175.940308
v 169.995193 -59.091507 -181.021851
v 169.285034 -58.960991 -185.514404
v 168.743774 -58.856873 -189.123657
v 168.427734 -58.787949 -191.555176
v 168.393234 -58.763031 -192.514282
v 168.361252 -58.761459 -193.020264
v 168.052231 -58.757103 -194.198730
v 167.521576 -58.750526 -195.915039
v 166.824692 -58.742287 -198.034790
v 166.016998 -58.732933 -200.423462
v 165.153900 -58.723022 -202.946655
v 164.290802 -58.713112 -205.469849
v 163.483109 -58.703758 -207.858521
v 162.786224 -58.695518 -209.978271
v 162.255569 -58.688942 -211.694580
v 160.860367 -58.686760 -215.847778
v 159.538574 -58.690918 -218.434204
v 157.849976 -58.696129 -221.644653
v 155.916855 -58.702042 -225.271118
v 153.861465 -58.708305 -229.105591
v 151.806076 -58.714569 -232.940063
v 149.872955 -58.720482 -236.566528
v 148.184357 -58.725693 -239.776978
v 146.862564 -58.729851 -242.363403
v 143.851379 -58.548752 -247.782837
v 142.438980 -58.426880 -249.605835
v 140.819290 -58.288574 -251.657837
v 139.095947 -58.142052 -253.824341
v 137.372604 -57.995529 -255.990845
v 135.752914 -57.857224 -258.042847
v 134.340515 -57.735352 -259.865845
v 133.239044 -57.638130 -261.345459
v 129.433289 -57.404091 -265.747803
v 127.366119 -57.307564 -267.558228
v 125.003372 -57.198021 -269.595825
v 122.492844 -57.081970 -271.747070
v 119.982315 -56.965919 -273.898315
v 117.619568 -56.856377 -275.935913
v 115.552399 -56.759850 -277.746338
v 113.928589 -56.682846 -279.215820
v 112.895920 -56.631874 -280.230835
v 112.602203 -56.613434 -280.677734
v 113.046432 -56.623413 -280.568481
v 114.054001 -56.651009 -280.045898
v 115.512253 -56.692696 -279.192505
v 117.308517 -56.744957 -278.091187
v 119.330109 -56.804260 -276.824463
v 121.464371 -56.867088 -275.475098
v 123.598633 -56.929916 -274.125732
v 125.620224 -56.989220 -272.859009
v 127.416489 -57.041481 -271.757690
v 128.874741 -57.083168 -270.904297
v 134.795654 -57.188606 -267.317627
v 137.619736 -57.233330 -265.247559
v 140.807739 -57.284088 -262.881470
v 144.177704 -57.337860 -260.367432
v 147.547668 -57.391632 -257.853394
v 150.735672 -57.442390 -255.487305
v 153.559753 -57.487114 -253.417236
v 155.837952 -57.522797 -251.791138
v 161.490799 -57.643143 -248.148682
v 165.179077 -57.740974 -245.429199
v 169.770721 -57.863609 -241.988647
v 174.964600 -58.002777 -238.067261
v 180.459595 -58.150208 -233.905518
v 185.954605 -58.297638 -229.743774
v 191.148483 -58.436806 -225.822388
v 195.740112 -58.559441 -222.381836
v 199.428391 -58.657272 -219.662354
v 206.495010 -58.958382 -214.350342
v 210.341583 -59.194603 -210.872070
v 215.131653 -59.490707 -206.480225
v 220.550735 -59.826736 -201.479370
v 226.284302 -60.182732 -196.174072
v 232.017883 -60.538727 -190.868774
v 237.436951 -60.874756 -185.867920
v 242.227036 -61.170860 -181.476074
v 246.073608 -61.407082 -177.997803
v 248.662186 -61.563454 -175.737549
v 255.019958 -61.919876 -169.937378
v 258.419312 -62.117561 -166.477783
v 262.260132 -62.341896 -162.534790
v 266.321716 -62.579559 -158.350098
v 270.383270 -62.817223 -154.165405
v 274.224091 -63.041557 -150.222412
v 277.623444 -63.239243 -146.762817
v 280.360565 -63.396942 -144.028198
v 286.311829 -63.661972 -138.676025
v 288.395935 -63.742981 -136.559937
v 290.744202 -63.834915 -134.141724
v 293.224518 -63.932312 -131.572388
v 295.704834 -64.029709 -129.003052
v 298.053101 -64.121643 -126.584839
v 300.137207 -64.202652 -124.468750
v 301.825073 -64.267281 -122.805908
v 305.691437 -64.440422 -119.022827
v 307.988068 -64.567879 -116.183838
v 310.835266 -64.727646 -112.593384
v 314.049500 -64.908958 -108.502075
v 317.447266 -65.101044 -104.160278
v 320.845032 -65.293129 -99.818481
v 324.059265 -65.474442 -95.727173
v 326.906464 -65.634209 -92.136719
v 329.203094 -65.761665 -89.297729
v 330.765686 -65.846039 -87.460693
v 331.410645 -65.876556 -86.875854
v 331.410645 -65.876556 -86.875854
v 331.410645 -65.876556 -86.875854
v 332.314697 -65.919815 -86.047729
v 334.593597 -66.039421 -83.537598
v 337.972321 -66.220100 -79.681763
v 342.175934 -66.446587 -74.816772
v 346.929504 -66.703613 -69.278931
v 351.958008 -66.975906 -63.404663
v 356.986511 -67.248199 -57.530396
v 361.740082 -67.505226 -51.992554
v 365.943695 -67.731712 -47.127563
v 369.322449 -67.912392 -43.271729
v 371.601318 -68.031998 -40.761597
v 372.505371 -68.075287 -39.933594
v 373.179688 -68.112724 -39.388794
v 374.823334 -68.216232 -37.661987
v 377.242493 -68.372597 -34.989624
v 380.243256 -68.568604 -31.608154
v 383.631775 -68.791039 -27.753784
v 387.214142 -69.026688 -23.663086
v 390.796539 -69.262337 -19.572388
v 394.185059 -69.484772 -15.718018
v 397.185791 -69.680779 -12.336548
v 399.604950 -69.837143 -9.664185
v 401.248627 -69.940651 -7.937378
v 401.922943 -69.978119 -7.392700
v 402.553131 -70.007980 -6.993042
v 404.074799 -70.090546 -5.667358
v 406.309692 -70.215271 -3.600952
v 409.079468 -70.371613 -0.979004
v 412.205841 -70.549034 2.013306
v 415.510529 -70.737000 5.190796
v 418.815216 -70.924965 8.368286
v 421.941589 -71.102386 11.360596
v 424.805847 -71.253181 13.783081
v 427.072968 -71.377907 15.806030
v 428.594666 -71.460472 17.131714
v 429.098114 -71.495880 17.774536
v 428.367310 -71.454857 17.293945
v 426.518646 -71.352928 15.806030
v 423.804138 -71.203110 13.484863
v 420.191803 -71.010101 10.779053
v 416.075562 -70.791069 7.725220
v 411.707367 -70.559021 4.497437
v 407.339172 -70.326973 1.269653
v 403.222931 -70.107941 -1.784180
v 399.610596 -69.914932 -4.489990
v 396.754120 -69.760956 -6.673828
v 394.905487 -69.659027 -8.161743
v 394.316620 -69.622162 -8.779663
v 394.019958 -69.609840 -9.194336
v 392.979187 -69.575783 -10.119995
v 391.343140 -69.524330 -11.454590
v 389.260590 -69.459839 -13.095825
v 386.880432 -69.386650 -14.941528
v 384.351440 -69.309113 -16.889404
v 381.822449 -69.231575 -18.837280
v 379.442261 -69.158386 -20.682983
v 377.359741 -69.093895 -22.324219
v 375.723694 -69.042442 -23.658813
v 374.682922 -69.008385 -24.584473
v 374.386261 -68.996063 -24.999268
v 374.006287 -68.975807 -25.386719
v 372.735138 -68.919800 -26.237305
v 370.751068 -68.835197 -27.458374
v 368.232300 -68.729149 -28.957275
v 365.357117 -68.608795 -30.641479
v 362.303650 -68.481293 -32.418213
v 359.250214 -68.353790 -34.194946
v 356.375000 -68.233437 -35.879150
v 353.856262 -68.127388 -37.378052
v 351.872192 -68.042786 -38.599121
v 350.601044 -67.986778 -39.449707
v 350.221069 -67.966522 -39.837036
v 349.707123 -67.951347 -40.152710
v 348.065613 -67.909386 -40.804810
v 345.522034 -67.846001 -41.726074
v 342.301941 -67.766541 -42.849243
v 338.630798 -67.676369 -44.106934
v 334.734161 -67.580841 -45.431885
v 330.837524 -67.485313 -46.756836
v 327.166412 -67.395142 -48.014526
v 323.946320 -67.315681 -49.137695
v 321.402740 -67.252296 -50.058960
v 319.761230 -67.210335 -50.711060
v 319.247284 -67.195160 -51.026855
v 318.730713 -67.196716 -51.218384
v 317.081970 -67.201027 -51.527222
v 314.527496 -67.207542 -51.929932
v 311.293701 -67.215706 -52.403076
v 307.607056 -67.224976 -52.923218
v 303.693970 -67.234795 -53.466797
v 299.780853 -67.244614 -54.010376
v 296.094208 -67.253883 -54.530518
v 292.860413 -67.262047 -55.003662
v 290.305939 -67.268562 -55.406372
v 288.657196 -67.272873 -55.715210
v 288.140625 -67.274445 -55.906616
v 288.036377 -67.265701 -56.046021
v 287.527527 -67.241539 -56.210938
v 286.695007 -67.205032 -56.396240
v 285.619751 -67.159271 -56.596924
v 284.382660 -67.107346 -56.807739
v 283.064667 -67.052330 -57.023682
v 281.746674 -66.997314 -57.239624
v 280.509583 -66.945389 -57.450439
v 279.434326 -66.899628 -57.651123
v 278.601807 -66.863121 -57.836426
v 278.092957 -66.838959 -58.001343
v 277.988708 -66.830231 -58.140869
v 277.590729 -66.827118 -58.218262
v 276.269836 -66.818504 -58.211792
v 274.210602 -66.805496 -58.138184
v 271.597626 -66.789185 -58.014160
v 268.615509 -66.770676 -57.856567
v 265.448792 -66.751068 -57.682129
v 262.282074 -66.731461 -57.507690
v 259.299927 -66.712952 -57.350098
v 256.686951 -66.696640 -57.226074
v 254.627731 -66.683632 -57.152466
v 253.306839 -66.675018 -57.145996
v 252.908859 -66.671906 -57.223267
v 252.596771 -66.654503 -57.263550
v 251.513367 -66.606400 -57.154297
v 249.812881 -66.533730 -56.925415
v 247.649612 -66.442642 -56.606812
v 245.177795 -66.339272 -56.228394
v 242.551727 -66.229759 -55.820068
v 239.925659 -66.120247 -55.411743
v 237.453857 -66.016876 -55.033325
v 235.290588 -65.925789 -54.714722
v 233.590118 -65.853119 -54.485840
v 232.506699 -65.805016 -54.376587
v 232.194611 -65.787628 -54.417114
v 231.729645 -65.786392 -54.348022
v 230.223602 -65.782967 -53.936279
v 227.884659 -65.777794 -53.250366
v 224.921066 -65.771309 -52.358887
v 221.541031 -65.763954 -51.330444
v 217.952789 -65.756165 -50.233398
v 214.364532 -65.748375 -49.136353
v 210.984497 -65.741020 -48.107910
v 208.020905 -65.734535 -47.216431
v 205.681976 -65.729362 -46.530518
v 204.175903 -65.725937 -46.118774
v 203.710968 -65.724701 -46.049683
v 203.195129 -65.722603 -45.915161
v 201.548370 -65.716789 -45.322632
v 198.996887 -65.708015 -44.363647
v 195.766846 -65.697014 -43.129883
v 192.084473 -65.684525 -41.712891
v 188.175903 -65.671295 -40.204346
v 184.267334 -65.658066 -38.695801
v 180.584930 -65.645576 -37.278809
v 177.354904 -65.634575 -36.045044
v 174.803421 -65.625801 -35.086060
v 173.156662 -65.619987 -34.493530
v 172.640808 -65.617889 -34.359131
v 172.254135 -65.616035 -34.184814
v 170.964523 -65.610916 -33.482178
v 168.952560 -65.603180 -32.356934
v 166.398834 -65.593475 -30.914795
v 163.483932 -65.582466 -29.261353
v 160.388443 -65.570801 -27.502197
v 157.292953 -65.559135 -25.743042
v 154.378052 -65.548126 -24.089600
v 151.824326 -65.538422 -22.647461
v 149.812363 -65.530685 -21.522217
v 148.522751 -65.525566 -20.819580
v 148.136108 -65.523712 -20.645142
v 147.795547 -65.522408 -20.424194
v 146.633408 -65.518806 -19.592773
v 144.813995 -65.513367 -18.272949
v 142.501633 -65.506546 -16.586792
v 139.860641 -65.498802 -14.656494
v 137.055328 -65.490601 -12.604004
v 134.250015 -65.482399 -10.551514
v 131.609024 -65.474655 -8.621216
v 129.296661 -65.467834 -6.935059
v 127.477249 -65.462395 -5.615234
v 124.609695 -65.455170 -3.102783
v 122.943237 -65.452599 -1.330811
v 120.822601 -65.449371 0.921997
v 118.399185 -65.445709 3.495483
v 115.824371 -65.441833 6.229248
v 113.249557 -65.437958 8.963013
v 110.826141 -65.434296 11.536499
v 108.705505 -65.431068 13.789307
v 107.039047 -65.428497 15.561279
v 104.710083 -65.425949 18.434082
v 103.488190 -65.425690 20.153809
v 101.924835 -65.425369 22.341309
v 100.133835 -65.425003 24.840576
v 98.229004 -65.424614 27.495728
v 96.324173 -65.424225 30.150879
v 94.533173 -65.423859 32.650146
v 92.969818 -65.423538 34.837646
v 91.747925 -65.423279 36.557373
v 89.801117 -65.432030 39.679688
v 88.558563 -65.441971 41.728516
v 86.969315 -65.454430 44.328491
v 85.148926 -65.468575 47.295776
v 83.212967 -65.483559 50.446777
v 81.277008 -65.498543 53.597778
v 79.456619 -65.512688 56.565063
v 77.867371 -65.525146 59.165039
v 76.624817 -65.535088 61.213867
v 74.669678 -65.533066 65.437012
v 73.438522 -65.520889 68.377930
v 71.863556 -65.505630 72.096191
v 70.059387 -65.488312 76.332642
v 68.140610 -65.469963 80.828247
v 66.221832 -65.451614 85.323853
v 64.417664 -65.434296 89.560303
v 62.842697 -65.419037 93.278564
v 61.611542 -65.406860 96.219482
v 59.826416 -65.431763 103.087524
v 59.168427 -65.455406 106.080322
v 58.404861 -65.482231 109.493530
v 57.588501 -65.510651 113.116943
v 56.772141 -65.539070 116.740356
v 56.008575 -65.565895 120.153564
v 55.350586 -65.589539 123.146362
v 54.850952 -65.608398 125.508667
v 54.701782 -65.684937 130.358398
v 54.731232 -65.750984 133.680908
v 54.736465 -65.833771 137.877441
v 54.725555 -65.927727 142.656738
v 54.706558 -66.027260 147.727295
v 54.687561 -66.126793 152.797852
v 54.676651 -66.220749 157.577148
v 54.681885 -66.303535 161.773682
v 54.711334 -66.369583 165.096191
v 56.051743 -66.530205 172.235840
v 56.705154 -66.596848 175.181030
v 57.429810 -66.672478 178.540161
v 58.190094 -66.752602 182.106323
v 58.950378 -66.832726 185.672485
v 59.675034 -66.908356 189.031616
v 60.328445 -66.974998 191.976807
v 60.874985 -67.028168 194.301025
v 62.798859 -67.219086 199.574097
v 63.529648 -67.313362 201.881836
v 64.342117 -67.420349 204.517578
v 65.195435 -67.533691 207.317383
v 66.048752 -67.647034 210.117188
v 66.861221 -67.754021 212.752930
v 67.592010 -67.848297 215.060669
v 68.200287 -67.923508 216.876465
v 70.147675 -67.986389 220.699829
v 71.395111 -67.980934 223.430176
v 72.927109 -67.974091 226.884399
v 74.648804 -67.966331 230.821167
v 76.465363 -67.958107 234.999268
v 78.281921 -67.949883 239.177368
v 80.003616 -67.942123 243.114136
v 81.535614 -67.935280 246.568359
v 82.783051 -67.929825 249.298706
v 86.853165 -67.934036 257.794434
v 88.018982 -67.938156 260.677856
v 89.246628 -67.942520 263.739990
v 90.474274 -67.946884 266.802124
v 91.640091 -67.951004 269.685547
v 92.682251 -67.954636 272.211548
v -1313.208862 -89.474045 -229.002686
v -1313.017944 -89.474045 -229.002686
v -1312.931152 -89.474045 -229.002686
v -1312.927734 -89.474045 -229.002686
v -1312.986816 -89.474045 -229.002686
v -1313.087524 -89.474045 -229.002686
v -1313.209106 -89.474045 -229.002686
v -1313.330688 -89.474045 -229.002686
v -1313.431396 -89.474045 -229.002686
v -1313.490479 -89.474045 -229.002686
v -1313.487061 -89.474045 -229.002686
v -1313.400269 -89.474045 -229.002686
v -1313.208862 -89.474045 -229.002686
v -1312.168945 -89.473503 -228.764404
v -1309.735107 -89.472008 -228.105713
v -1306.186157 -89.469749 -227.110596
v -1301.800781 -89.466919 -225.863281
v -1296.857910 -89.463707 -224.447754
v -1291.636230 -89.460304 -222.948120
v -1286.414551 -89.456902 -221.448486
v -1281.471680 -89.453690 -220.032959
v -1277.086304 -89.450859 -218.785645
v -1273.537354 -89.448601 -217.790527
v -1271.103516 -89.447105 -217.131836
v -1270.063477 -89.446564 -216.893433
v -1268.463989 -89.413177 -216.521362
v -1264.483154 -89.320877 -215.492798
v -1258.597168 -89.181442 -213.938965
v -1251.282349 -89.006660 -211.991211
v -1243.015015 -88.808311 -209.780762
v -1234.271362 -88.598175 -207.439087
v -1225.527710 -88.388039 -205.097412
v -1217.260376 -88.189690 -202.886963
v -1209.945557 -88.014908 -200.939209
v -1204.059570 -87.875473 -199.385376
v -1200.078735 -87.783173 -198.356812
v -1198.479126 -87.749786 -197.984497
v -1196.730469 -87.717659 -197.600952
v -1192.337280 -87.628838 -196.540405
v -1185.828369 -87.494667 -194.938354
v -1177.732666 -87.326477 -192.930054
v -1168.579102 -87.135612 -190.651001
v -1158.896606 -86.933411 -188.236572
v -1149.214111 -86.731209 -185.822144
v -1140.060547 -86.540344 -183.543091
v -1131.964844 -86.372154 -181.534790
v -1125.455933 -86.237984 -179.932739
v -1121.062744 -86.149162 -178.872192
v -1119.314331 -86.117035 -178.488525
v -1117.640625 -86.112595 -178.190918
v -1113.454468 -86.100319 -177.368164
v -1107.258423 -86.081779 -176.125244
v -1099.554932 -86.058533 -174.567139
v -1090.846436 -86.032158 -172.798950
v -1081.635498 -86.004211 -170.925781
v -1072.424561 -85.976265 -169.052612
v -1063.716064 -85.949890 -167.284424
v -1056.012573 -85.926643 -165.726318
v -1049.816528 -85.908104 -164.483398
v -1045.630371 -85.895828 -163.660645
v -1043.956909 -85.891388 -163.362793
v -1042.119019 -85.858994 -163.158203
v -1037.478882 -85.769432 -162.592407
v -1030.597046 -85.634132 -161.737793
v -1022.033813 -85.464539 -160.666504
v -1012.349731 -85.272072 -159.450684
v -1002.105225 -85.068176 -158.162720
v -991.860718 -84.864281 -156.874756
v -982.176636 -84.671814 -155.658936
v -973.613403 -84.502220 -154.587646
v -966.731567 -84.366920 -153.733032
v -962.091431 -84.277359 -153.167236
v -960.253540 -84.244965 -152.962402
v -958.512451 -84.224258 -152.797729
v -954.140015 -84.167015 -152.342407
v -947.662598 -84.080544 -151.654541
v -939.606323 -83.972153 -150.792236
v -930.497559 -83.849144 -149.813721
v -920.862549 -83.718834 -148.777100
v -911.227539 -83.588524 -147.740479
v -902.118774 -83.465515 -146.761963
v -894.062500 -83.357124 -145.899658
v -887.585083 -83.270653 -145.211792
v -883.212646 -83.213409 -144.756470
v -881.471558 -83.192719 -144.591675
v -879.957642 -83.149704 -144.471924
v -876.213257 -83.030785 -144.140747
v -870.684448 -82.851143 -143.640503
v -863.817383 -82.625961 -143.013428
v -856.058105 -82.370415 -142.301880
v -847.852661 -82.099693 -141.547974
v -839.647217 -81.828972 -140.794067
v -831.887939 -81.573425 -140.082520
v -825.020874 -81.348244 -139.455444
v -819.492065 -81.168602 -138.955200
v -815.747681 -81.049683 -138.624023
v -814.233521 -81.006683 -138.504272
v -812.694946 -80.984619 -138.370605
v -808.882324 -80.923607 -138.001221
v -803.250488 -80.831444 -137.443115
v -796.254272 -80.715919 -136.743530
v -788.348511 -80.584816 -135.949707
v -779.987915 -80.445923 -135.108643
v -771.627319 -80.307030 -134.267578
v -763.721558 -80.175926 -133.473755
v -756.725342 -80.060402 -132.774170
v -751.093506 -79.968239 -132.216064
v -747.280884 -79.907227 -131.846680
v -745.742310 -79.885162 -131.713135
v -744.737305 -79.884079 -131.626221
v -742.399902 -79.881096 -131.386108
v -738.996582 -79.876587 -131.023315
v -734.793823 -79.870934 -130.568604
v -730.058228 -79.864517 -130.052490
v -725.056152 -79.857719 -129.505737
v -720.054077 -79.850922 -128.958984
v -715.318420 -79.844505 -128.442871
v -711.115723 -79.838852 -127.988159
v -707.712463 -79.834343 -127.625366
v -705.375061 -79.831360 -127.385254
v -704.369995 -79.830292 -127.298340
v -702.321594 -79.799606 -127.203247
v -697.099548 -79.714775 -126.940308
v -689.338623 -79.586624 -126.543091
v -679.673523 -79.425987 -126.045166
v -668.738953 -79.243690 -125.480103
v -657.169678 -79.050568 -124.881470
v -645.600403 -78.857445 -124.282837
v -634.665833 -78.675148 -123.717773
v -625.000732 -78.514511 -123.219849
v -617.239807 -78.386360 -122.822632
v -612.017761 -78.301529 -122.559692
v -609.969360 -78.270844 -122.464600
v -607.914368 -78.270981 -122.396118
v -602.674011 -78.271355 -122.206665
v -594.885437 -78.271919 -121.920532
v -585.185669 -78.272621 -121.561768
v -574.211792 -78.273422 -121.154663
v -562.600830 -78.274269 -120.723389
v -550.989868 -78.275116 -120.292114
v -540.015991 -78.275917 -119.885010
v -530.316223 -78.276619 -119.526245
v -522.527649 -78.277184 -119.240112
v -517.287292 -78.277557 -119.050659
v -515.232239 -78.277679 -118.982300
v -513.512146 -78.249199 -118.948120
v -509.197815 -78.170464 -118.853638
v -502.808105 -78.051521 -118.710815
v -494.861877 -77.902420 -118.531738
v -485.877930 -77.733215 -118.328613
v -476.375183 -77.553963 -118.113403
v -466.872437 -77.374710 -117.898193
v -457.888489 -77.205505 -117.695068
v -449.942261 -77.056404 -117.515991
v -443.552551 -76.937462 -117.373169
v -439.238220 -76.858727 -117.278687
v -437.518250 -76.830231 -117.244385
v -435.741638 -76.797188 -117.223633
v -431.271057 -76.705833 -117.166138
v -424.645325 -76.567825 -117.079224
v -416.403198 -76.394836 -116.970337
v -407.083496 -76.198517 -116.846680
v -397.224976 -75.990540 -116.715698
v -387.366455 -75.782562 -116.584717
v -378.046753 -75.586243 -116.461060
v -369.804626 -75.413254 -116.352173
v -363.178894 -75.275246 -116.265259
v -358.708313 -75.183891 -116.207764
v -356.931885 -75.150848 -116.186768
v -356.010193 -75.112434 -116.203979
v -353.903076 -75.006218 -116.251709
v -350.847656 -74.845772 -116.323730
v -347.080994 -74.644646 -116.414062
v -342.840210 -74.416397 -116.516479
v -338.362305 -74.174591 -116.625000
v -333.884399 -73.932785 -116.733521
v -329.643616 -73.704536 -116.835938
v -325.876953 -73.503410 -116.926270
v -322.821533 -73.342964 -116.998291
v -320.714417 -73.236748 -117.046021
v -319.792786 -73.198334 -117.063232
v -318.779053 -73.173386 -117.200439
v -316.417542 -73.104416 -117.579712
v -312.977783 -73.000229 -118.152710
v -308.729370 -72.869629 -118.870972
v -303.941833 -72.721420 -119.686035
v -298.884705 -72.564407 -120.549561
v -293.827576 -72.407394 -121.413086
v -289.040039 -72.259186 -122.228149
v -284.791626 -72.128586 -122.946411
v -281.351868 -72.024399 -123.519409
v -278.990356 -71.955429 -123.898682
v -277.976562 -71.930511 -124.035767
v -277.115479 -71.912178 -124.283325
v -275.175964 -71.861496 -124.967773
v -272.373779 -71.784935 -126.001831
v -268.924561 -71.688965 -127.297974
v -265.043945 -71.580055 -128.768921
v -260.947632 -71.464676 -130.327148
v -256.851318 -71.349297 -131.885376
v -252.970703 -71.240387 -133.356323
v -249.521484 -71.144417 -134.652466
v -246.719299 -71.067856 -135.686523
v -244.779785 -71.017174 -136.370972
v -243.918701 -70.998871 -136.618530
v -243.257080 -70.977074 -136.901367
v -241.869141 -70.916817 -137.683228
v -239.900085 -70.825790 -138.864380
v -237.495239 -70.711693 -140.344971
v -234.799805 -70.582207 -142.025146
v -231.959106 -70.445030 -143.805176
v -229.118408 -70.307854 -145.585205
v -226.422974 -70.178368 -147.265381
v -224.018127 -70.064270 -148.745972
v -222.049072 -69.973244 -149.927124
v -220.661133 -69.912987 -150.708984
v -219.999512 -69.891205 -150.991699
v -218.999573 -69.849350 -151.702881
v -216.676147 -69.733635 -153.669189
v -213.294006 -69.558838 -156.639526
v -209.117798 -69.339722 -160.362915
v -204.412231 -69.091064 -164.588257
v -199.441956 -68.827637 -169.064575
v -194.471680 -68.564209 -173.540894
v -189.766083 -68.315552 -177.766235
v -185.589874 -68.096436 -181.489624
v -182.207733 -67.921638 -184.459961
v -177.071625 -67.649124 -189.818970
v -175.365326 -67.521614 -192.793945
v -173.289825 -67.361778 -196.523071
v -170.968201 -67.180389 -200.755005
v -168.523499 -66.988220 -205.238403
v -166.078796 -66.796051 -209.721802
v -163.757172 -66.614662 -213.953735
v -161.681671 -66.454826 -217.682861
v -159.975372 -66.327316 -220.657837
v -156.549561 -66.049431 -226.496216
v -155.730591 -65.942009 -228.577271
v -154.834900 -65.820099 -230.938843
v -153.900848 -65.690948 -233.440674
v -152.966797 -65.561798 -235.942505
v -152.071106 -65.439888 -238.304077
v -151.252136 -65.332466 -240.385132
v -150.548248 -65.246773 -242.045288
v -148.949860 -65.004189 -245.656006
v -148.489929 -64.820770 -248.001587
v -147.976807 -64.590851 -250.941772
v -147.428192 -64.329926 -254.278442
v -146.861847 -64.053505 -257.813354
v -146.295502 -63.777084 -261.348267
v -145.746887 -63.516159 -264.684937
v -145.233765 -63.286240 -267.625122
v -144.773834 -63.102821 -269.970703
v -143.574677 -62.925743 -274.703979
v -143.313660 -62.912727 -277.609619
v -143.049866 -62.896416 -281.251831
v -142.784210 -62.877899 -285.385132
v -142.517639 -62.858284 -289.763916
v -142.251068 -62.838669 -294.142700
v -141.985413 -62.820152 -298.276001
v -141.721619 -62.803841 -301.918213
v -141.460602 -62.790825 -304.823853
v -140.885895 -62.718803 -309.856812
v -141.118683 -62.651932 -312.534790
v -141.473877 -62.568108 -315.891724
v -141.910675 -62.472984 -319.701294
v -142.388275 -62.372208 -323.737183
v -142.865875 -62.271431 -327.773071
v -143.302673 -62.176308 -331.582642
v -143.657867 -62.092484 -334.939575
v -143.890656 -62.025612 -337.617554
v -144.193359 -61.856804 -342.532715
v -144.905823 -61.736374 -345.307861
v -145.862305 -61.585411 -348.786499
v -146.981445 -61.414093 -352.734253
v -148.181915 -61.232597 -356.916504
v -149.382385 -61.051102 -361.098755
v -150.501526 -60.879784 -365.046509
v -151.458008 -60.728821 -368.525146
v -152.170471 -60.608391 -371.300293
v -152.557587 -60.528671 -373.137329
v -153.519897 -60.404434 -376.399780
v -154.913818 -60.298584 -379.282104
v -156.724518 -60.165901 -382.895142
v -158.813049 -60.015327 -386.995361
v -161.040497 -59.855804 -391.339111
v -163.267944 -59.696281 -395.682861
v -165.356476 -59.545708 -399.783081
v -167.167175 -59.413025 -403.396118
v -168.561096 -59.307175 -406.278442
v -170.861481 -59.212555 -410.842407
v -172.628937 -59.213432 -413.023315
v -174.907867 -59.214531 -415.757202
v -177.527771 -59.215782 -418.859741
v -180.318176 -59.217102 -422.146484
v -183.108582 -59.218422 -425.433228
v -185.728485 -59.219673 -428.535767
v -188.007416 -59.220772 -431.269653
v -189.774872 -59.221649 -433.450562
v -190.860382 -59.222229 -434.894287
v -193.176544 -59.240456 -437.939941
v -195.792206 -59.260445 -440.739258
v -199.134369 -59.285500 -444.248169
v -202.960876 -59.313934 -448.230225
v -207.029541 -59.344055 -452.448853
v -211.098206 -59.374176 -456.667480
v -214.924744 -59.402611 -460.649536
v -218.266907 -59.427666 -464.158447
v -225.180603 -59.359993 -471.621582
v -227.942444 -59.242752 -473.996460
v -231.467896 -59.095787 -476.973511
v -235.502380 -58.929008 -480.351929
v -239.791382 -58.752319 -483.931030
v -244.080383 -58.575630 -487.510132
v -248.114868 -58.408852 -490.888550
v -251.640320 -58.261887 -493.865601
v -254.402161 -58.144646 -496.240479
v -259.048096 -58.089439 -500.466553
v -262.049683 -58.145424 -502.779663
v -265.875671 -58.215599 -505.679199
v -270.251221 -58.295242 -508.969727
v -274.901550 -58.379616 -512.455688
v -279.551880 -58.463989 -515.941650
v -283.927429 -58.543633 -519.232178
v -287.753418 -58.613808 -522.131714
v -290.755005 -58.669792 -524.444824
v -296.754639 -58.801735 -529.145142
v -301.018250 -58.892143 -532.046631
v -306.426147 -59.005470 -535.683716
v -312.596924 -59.134079 -539.811157
v -319.149109 -59.270325 -544.183716
v -325.701294 -59.406570 -548.556274
v -331.872070 -59.535179 -552.683716
v -337.279968 -59.648506 -556.320801
v -341.543579 -59.738914 -559.222290
v -346.813843 -59.824448 -562.969971
v -349.006470 -59.828934 -564.226196
v -351.818359 -59.834557 -565.800903
v -355.043091 -59.840935 -567.587891
v -358.474182 -59.847694 -569.481079
v -361.905273 -59.854454 -571.374268
v -365.130005 -59.860832 -573.161255
v -367.941895 -59.866455 -574.735962
v -370.134521 -59.870941 -575.992188
v -371.501465 -59.873909 -576.823730
v -371.836243 -59.874969 -577.124390
v -372.456238 -59.876129 -577.566040
v -374.611450 -59.879326 -578.787109
v -377.994873 -59.884155 -580.631592
v -382.299438 -59.890213 -582.943726
v -387.218140 -59.897087 -585.567627
v -392.443848 -59.904366 -588.347412
v -397.669556 -59.911644 -591.127197
v -402.588257 -59.918518 -593.751099
v -406.892822 -59.924576 -596.063232
v -410.276245 -59.929405 -597.907715
v -412.431458 -59.932602 -599.128784
v -413.051514 -59.933746 -599.570435
v -413.893555 -59.935371 -600.062134
v -416.662781 -59.939873 -601.421509
v -420.973755 -59.946671 -603.475098
v -426.441040 -59.955193 -606.049316
v -432.679199 -59.964867 -608.970581
v -439.302795 -59.975113 -612.065308
v -445.926392 -59.985359 -615.160034
v -452.164551 -59.995033 -618.081299
v -457.631836 -60.003555 -620.655518
v -461.942810 -60.010353 -622.709106
v -464.712036 -60.014854 -624.068481
v -465.554077 -60.016510 -624.560059
v -466.224792 -60.017525 -624.863770
v -468.520264 -60.020325 -625.703247
v -472.115601 -60.024551 -626.971436
v -476.685791 -60.029854 -628.561157
v -481.905884 -60.035866 -630.365234
v -487.450928 -60.042236 -632.276489
v -492.995972 -60.048607 -634.187744
v -498.216064 -60.054619 -635.991821
v -502.786255 -60.059921 -637.581543
v -506.381592 -60.064148 -638.849731
v -508.677063 -60.066948 -639.689209
v -509.347778 -60.067963 -639.992920
v -510.648743 -60.069328 -640.403564
v -514.686646 -60.073097 -641.538940
v -520.914062 -60.078796 -643.254028
v -528.783691 -60.085938 -645.403931
v -537.748108 -60.094040 -647.843750
v -547.259888 -60.102623 -650.428467
v -556.771667 -60.111206 -653.013184
v -565.736084 -60.119308 -655.453003
v -573.605713 -60.126450 -657.602905
v -579.833130 -60.132149 -659.317993
v -583.871033 -60.135918 -660.453369
v -585.171875 -60.137299 -660.864136
v -585.937073 -60.137970 -661.083130
v -588.493774 -60.139839 -661.688599
v -592.483704 -60.142654 -662.603149
v -597.548584 -60.146187 -663.749634
v -603.330078 -60.150200 -665.050659
v -609.469849 -60.154449 -666.428955
v -615.609619 -60.158699 -667.807251
v -621.391113 -60.162712 -669.108276
v -626.455994 -60.166245 -670.254761
v -630.445923 -60.169060 -671.169312
v -633.002625 -60.170929 -671.774780
v -633.767761 -60.171600 -671.993530
v -634.962219 -60.172340 -672.250000
v -638.705688 -60.174385 -672.959229
v -644.488403 -60.177475 -674.030518
v -651.800537 -60.181351 -675.373291
v -660.132263 -60.185745 -676.897217
v -668.973816 -60.190399 -678.511719
v -677.815369 -60.195053 -680.126221
v -686.147095 -60.199448 -681.650146
v -693.459229 -60.203323 -682.992920
v -699.241943 -60.206413 -684.064209
v -702.985413 -60.208458 -684.773438
v -704.179993 -60.209198 -685.029297
v -705.599060 -60.210182 -685.238525
v -709.963623 -60.212914 -685.817383
v -716.684570 -60.217033 -686.691650
v -725.172729 -60.222198 -687.787598
v -734.839111 -60.228065 -689.031494
v -745.094604 -60.234276 -690.349121
v -755.350098 -60.240486 -691.666748
v -765.016479 -60.246353 -692.910645
v -773.504639 -60.251518 -694.006592
v -780.225586 -60.255638 -694.880859
v -784.590088 -60.258369 -695.459717
v -786.008911 -60.259369 -695.669189
v -787.335327 -60.258682 -695.926270
v -791.443604 -60.256790 -696.636963
v -797.777466 -60.253929 -697.710693
v -805.780518 -60.250343 -699.056641
v -814.896240 -60.246277 -700.584229
v -824.568359 -60.241966 -702.202393
v -834.240479 -60.237656 -703.820557
v -843.356201 -60.233589 -705.348145
v -851.359253 -60.230003 -706.694092
v -857.693115 -60.227142 -707.767822
v -861.801392 -60.225250 -708.478516
v -863.128052 -60.224579 -708.736084
v -864.226318 -60.227455 -708.982422
v -867.703979 -60.235413 -709.663330
v -873.085205 -60.247437 -710.691895
v -879.894043 -60.262505 -711.981201
v -887.654663 -60.279610 -713.444336
v -895.891113 -60.297729 -714.994385
v -904.127563 -60.315849 -716.544434
v -911.888184 -60.332954 -718.007568
v -918.697021 -60.348022 -719.296875
v -924.078247 -60.360046 -720.325439
v -927.555908 -60.368004 -721.006348
v -928.654175 -60.370880 -721.251953
v -929.662598 -60.371506 -721.576660
v -932.891846 -60.373222 -722.474365
v -937.897827 -60.375824 -723.830566
v -944.236328 -60.379082 -725.530762
v -951.463135 -60.382774 -727.459961
v -959.134155 -60.386688 -729.503906
v -966.805176 -60.390602 -731.547852
v -974.031982 -60.394295 -733.477051
v -980.370483 -60.397552 -735.177246
v -985.376465 -60.400154 -736.533447
v -988.605713 -60.401871 -737.431152
v -989.614136 -60.402496 -737.756104
v -990.413330 -60.403000 -738.076416
v -993.064209 -60.404396 -738.961914
v -997.196289 -60.406502 -740.299805
v -1002.439331 -60.409142 -741.976807
v -1008.422974 -60.412140 -743.879883
v -1014.776978 -60.415314 -745.895996
v -1021.130981 -60.418488 -747.912109
v -1027.114624 -60.421486 -749.815186
v -1032.357666 -60.424126 -751.492188
v -1036.489746 -60.426231 -752.830078
v -1039.140625 -60.427628 -753.715576
v -1039.940063 -60.428131 -754.035645
v -1040.489990 -60.429794 -754.278076
v -1042.451416 -60.434395 -754.948242
v -1045.542114 -60.441345 -755.960449
v -1049.479736 -60.450050 -757.229248
v -1053.982056 -60.459930 -758.669189
v -1058.766724 -60.470398 -760.194824
v -1063.551392 -60.480865 -761.720459
v -1068.053711 -60.490746 -763.160400
v -1071.991333 -60.499451 -764.429199
v -1075.082031 -60.506401 -765.441406
v -1077.043457 -60.511002 -766.111572
v -1077.593506 -60.512665 -766.354004
v -1078.369873 -60.514221 -766.713867
v -1080.957275 -60.518524 -767.708984
v -1084.993652 -60.525032 -769.212158
v -1090.116699 -60.533188 -771.096436
v -1095.964233 -60.542442 -773.234863
v -1102.173950 -60.552246 -775.500244
v -1108.383667 -60.562050 -777.765625
v -1114.231201 -60.571304 -779.904053
v -1119.354248 -60.579460 -781.788330
v -1123.390625 -60.585968 -783.291504
v -1125.978027 -60.590271 -784.286621
v -1126.754517 -60.591827 -784.647217
v -1127.168701 -60.593620 -784.924072
v -1128.754761 -60.598572 -785.689453
v -1131.278442 -60.606049 -786.845459
v -1134.505371 -60.615425 -788.294678
v -1138.201050 -60.626060 -789.939209
v -1142.131104 -60.637329 -791.681396
v -1146.061157 -60.648598 -793.423584
v -1149.756836 -60.659233 -795.068115
v -1152.983765 -60.668610 -796.517334
v -1155.507446 -60.676086 -797.673340
v -1157.093506 -60.681038 -798.438721
v -1157.507812 -60.682831 -798.715332
v -1158.846313 -60.713348 -799.556396
v -1162.987915 -60.797714 -801.881348
v -1169.372070 -60.925163 -805.393555
v -1177.438110 -61.084923 -809.796143
v -1186.625366 -61.266220 -814.792236
v -1196.373291 -61.458290 -820.085205
v -1206.121216 -61.650360 -825.378174
v -1215.308472 -61.831657 -830.374268
v -1223.374512 -61.991417 -834.776855
v -1229.758667 -62.118866 -838.289062
v -1233.900269 -62.203232 -840.614014
v -1235.238403 -62.233734 -841.455078
v -1236.033569 -62.239075 -842.055664
v -1238.673218 -62.253838 -843.716064
v -1242.788452 -62.276138 -846.224365
v -1248.010254 -62.304100 -849.368652
v -1253.969849 -62.335831 -852.937012
v -1260.298340 -62.369446 -856.717285
v -1266.626831 -62.403061 -860.497559
v -1272.586426 -62.434792 -864.065918
v -1277.808228 -62.462753 -867.210205
v -1281.923462 -62.485054 -869.718506
v -1284.563110 -62.499817 -871.378906
v -1285.358398 -62.505157 -871.979492
v -1285.777344 -62.506165 -872.402588
v -1287.376953 -62.508942 -873.572510
v -1289.921021 -62.513138 -875.340088
v -1293.173462 -62.518402 -877.555664
v -1296.898071 -62.524376 -880.070068
v -1300.858887 -62.530701 -882.733887
v -1304.819702 -62.537025 -885.397705
v -1308.544312 -62.542999 -887.912109
v -1311.796753 -62.548264 -890.127686
v -1314.340820 -62.552460 -891.895264
v -1315.940430 -62.555237 -893.065186
v -1317.441406 -64.176788 -943.584961
v -1316.654297 -64.175362 -943.160156
v -1314.919556 -64.171417 -941.985596
v -1312.426636 -64.165466 -940.211426
v -1309.364990 -64.158005 -937.987305
v -1305.924316 -64.149536 -935.463379
v -1302.294067 -64.140564 -932.789551
v -1298.663818 -64.131592 -930.115723
v -1295.223145 -64.123123 -927.591797
v -1292.161499 -64.115662 -925.367676
v -1289.668579 -64.109711 -923.593506
v -1287.933838 -64.105766 -922.418945
v -1287.146606 -64.104340 -921.994629
v -1285.727783 -64.101982 -921.191650
v -1282.246338 -64.095467 -918.971924
v -1277.114868 -64.085625 -915.618652
v -1270.745850 -64.073280 -911.415283
v -1263.551758 -64.059273 -906.645264
v -1255.945190 -64.044434 -901.591797
v -1248.338623 -64.029594 -896.538330
v -1241.144531 -64.015587 -891.768311
v -1234.775513 -64.003242 -887.564941
v -1229.644043 -63.993401 -884.211670
v -1226.162598 -63.986885 -881.991943
v -1224.743896 -63.984528 -881.189209
v -1223.002563 -63.979256 -880.372070
v -1218.629517 -63.964676 -878.112549
v -1212.151001 -63.942650 -874.699463
v -1204.093384 -63.915039 -870.420898
v -1194.983154 -63.883713 -865.565674
v -1185.346558 -63.850525 -860.421875
v -1175.709961 -63.817337 -855.278076
v -1166.599731 -63.786011 -850.422852
v -1158.542114 -63.758400 -846.144287
v -1152.063599 -63.736374 -842.731201
v -1147.690552 -63.721794 -840.471680
v -1145.949097 -63.716522 -839.654541
v -1143.648560 -63.683105 -838.764404
v -1137.729370 -63.590721 -836.303711
v -1128.915161 -63.451164 -832.586426
v -1117.929810 -63.276230 -827.926758
v -1105.496948 -63.077705 -822.638916
v -1092.340454 -62.867393 -817.036865
v -1079.183960 -62.657082 -811.434814
v -1066.751099 -62.458557 -806.146973
v -1055.765747 -62.283623 -801.487305
v -1046.951538 -62.144066 -797.770020
v -1041.032349 -62.051682 -795.309326
v -1038.731689 -62.018280 -794.419922
v -1036.302856 -62.018822 -793.792480
v -1030.029175 -62.020309 -792.057861
v -1020.679565 -62.022560 -789.437744
v -1009.023071 -62.025375 -786.153320
v -995.828613 -62.028572 -782.426025
v -981.865112 -62.031960 -778.477295
v -967.901611 -62.035347 -774.528564
v -954.707153 -62.038544 -770.801270
v -943.050659 -62.041359 -767.516846
v -933.701050 -62.043610 -764.896729
v -927.427368 -62.045097 -763.162109
v -924.998657 -62.045624 -762.534668
v -922.906250 -62.029488 -762.203613
v -917.562622 -61.984886 -761.288330
v -909.617920 -61.917503 -759.905762
v -899.722534 -61.833038 -758.172607
v -888.526611 -61.737190 -756.205811
v -876.680420 -61.635643 -754.122070
v -864.834229 -61.534096 -752.038330
v -853.638306 -61.438248 -750.071533
v -843.742920 -61.353783 -748.338379
v -835.798218 -61.286400 -746.955811
v -830.454590 -61.241798 -746.040527
v -828.362427 -61.225677 -745.709473
v -825.979004 -61.208527 -745.380371
v -819.830688 -61.161118 -744.470459
v -810.670410 -61.089500 -743.095703
v -799.251221 -60.999725 -741.372559
v -786.326050 -60.897842 -739.416992
v -772.647949 -60.789909 -737.345215
v -758.969849 -60.681976 -735.273438
v -746.044678 -60.580093 -733.317871
v -734.625488 -60.490318 -731.594727
v -725.465210 -60.418701 -730.219971
v -719.316895 -60.371292 -729.310059
v -716.933716 -60.354156 -728.980957
v -715.287231 -60.323029 -728.735352
v -711.176392 -60.236969 -728.056152
v -705.094116 -60.106964 -727.030273
v -697.533203 -59.944000 -725.744141
v -688.986572 -59.759064 -724.284668
v -679.947021 -59.563141 -722.738525
v -670.907471 -59.367218 -721.192383
v -662.360840 -59.182281 -719.732910
v -654.799927 -59.019318 -718.446777
v -648.717651 -58.889313 -717.420898
v -644.606812 -58.803253 -716.741699
v -642.960327 -58.772125 -716.496094
v -641.335999 -58.771713 -716.235107
v -637.286377 -58.770576 -715.513428
v -631.296509 -58.768860 -714.423340
v -623.851440 -58.766701 -713.056885
v -615.436279 -58.764252 -711.506348
v -606.536072 -58.761658 -709.863525
v -597.635864 -58.759064 -708.220703
v -589.220703 -58.756615 -706.670166
v -581.775635 -58.754456 -705.303711
v -575.785767 -58.752739 -704.213623
v -571.736145 -58.751602 -703.491943
v -570.111816 -58.751190 -703.231445
v -567.921631 -58.749443 -702.693359
v -562.307556 -58.744606 -701.205566
v -553.954346 -58.737305 -698.958008
v -543.546814 -58.728149 -696.140625
v -531.769775 -58.717758 -692.943359
v -519.307922 -58.706749 -689.556152
v -506.846069 -58.695740 -686.168945
v -495.068970 -58.685349 -682.971680
v -484.661438 -58.676193 -680.154297
v -476.308228 -58.668892 -677.906738
v -470.694153 -58.664055 -676.418945
v -468.504028 -58.662323 -675.881348
v -467.059265 -58.660393 -675.404053
v -463.506165 -58.655060 -674.084717
v -458.266357 -58.647003 -672.091675
v -451.761536 -58.636902 -669.593384
v -444.413391 -58.625435 -666.758301
v -436.643555 -58.613289 -663.754761
v -428.873718 -58.601143 -660.751221
v -421.525574 -58.589676 -657.916138
v -415.020752 -58.579575 -655.417847
v -409.780945 -58.571518 -653.424805
v -406.227844 -58.566185 -652.105469
v -404.783203 -58.564240 -651.628662
v -403.278442 -58.562050 -651.026855
v -399.559448 -58.556007 -649.363037
v -394.069031 -58.546875 -646.849609
v -387.250061 -58.535423 -643.698975
v -379.545349 -58.522430 -640.123535
v -371.397766 -58.508667 -636.335693
v -363.250183 -58.494904 -632.547852
v -355.545471 -58.481911 -628.972412
v -348.726501 -58.470459 -625.821777
v -343.236084 -58.461327 -623.308350
v -339.517090 -58.455284 -621.644531
v -338.012268 -58.453094 -621.042480
v -336.264465 -58.423492 -620.175781
v -331.873474 -58.341652 -617.779663
v -325.367920 -58.218018 -614.159912
v -317.276428 -58.063042 -609.622437
v -308.127686 -57.887169 -604.473267
v -298.450317 -57.700844 -599.018188
v -288.772949 -57.514519 -593.563110
v -279.624207 -57.338646 -588.413940
v -271.532715 -57.183670 -583.876465
v -265.027161 -57.060036 -580.256714
v -260.636169 -56.978195 -577.860596
v -258.888245 -56.948578 -576.993652
v -257.432251 -56.941574 -576.119141
v -253.847961 -56.922211 -573.701294
v -248.561035 -56.892960 -570.048828
v -241.997131 -56.856293 -565.470337
v -234.581970 -56.814682 -560.274536
v -226.741150 -56.770599 -554.770020
v -218.900330 -56.726517 -549.265503
v -211.485168 -56.684906 -544.069702
v -204.921265 -56.648239 -539.491211
v -199.634338 -56.618988 -535.838745
v -196.050049 -56.599625 -533.420898
v -194.593994 -56.592621 -532.546387
v -192.862366 -56.588676 -531.257690
v -188.516083 -56.577766 -527.694702
v -182.078094 -56.561287 -522.312256
v -174.071320 -56.540634 -515.565308
v -165.018677 -56.517197 -507.908569
v -155.443115 -56.492363 -499.796997
v -145.867554 -56.467529 -491.685425
v -136.814911 -56.444092 -484.028687
v -128.808136 -56.423439 -477.281738
v -122.370148 -56.406960 -471.899292
v -118.023865 -56.396049 -468.336304
v -116.292297 -56.392120 -467.047607
v -115.415009 -56.390640 -466.432373
v -113.430756 -56.386551 -464.731567
v -110.560944 -56.380379 -462.162354
v -107.026947 -56.372643 -458.941772
v -103.050171 -56.363861 -455.286865
v -98.851990 -56.354553 -451.414917
v -94.653809 -56.345245 -447.542969
v -90.677032 -56.336464 -443.888062
v -87.143036 -56.328728 -440.667480
v -84.273224 -56.322556 -438.098267
v -82.288971 -56.318466 -436.397461
v -81.411713 -56.316986 -435.782227
v -80.373962 -56.312637 -435.034424
v -77.946045 -56.300621 -432.967163
v -74.406006 -56.282471 -429.844238
v -70.031860 -56.259720 -425.929565
v -65.101654 -56.233902 -421.487061
v -59.893402 -56.206551 -416.780640
v -54.685150 -56.179199 -412.074219
v -49.754944 -56.153381 -407.631714
v -45.380798 -56.130630 -403.717041
v -41.840759 -56.112480 -400.594116
v -39.412842 -56.100464 -398.526855
v -38.375000 -56.096100 -397.779297
v -36.812500 -56.094139 -396.726562
v -32.933868 -56.088722 -393.816162
v -27.202301 -56.080536 -389.419678
v -20.081024 -56.070274 -383.908569
v -12.033295 -56.058632 -377.654297
v -3.522339 -56.046295 -371.028564
v 4.988617 -56.033958 -364.402832
v 13.036346 -56.022316 -358.148560
v 20.157623 -56.012054 -352.637451
v 25.889191 -56.003868 -348.240967
v 29.767853 -55.998451 -345.330566
v 31.330322 -55.996490 -344.277832
v 32.851349 -55.993942 -343.494141
v 36.615326 -55.986893 -341.327515
v 42.173706 -55.976242 -338.054565
v 49.077850 -55.962891 -333.951904
v 56.879181 -55.947739 -329.296021
v 65.129120 -55.931686 -324.363525
v 73.379059 -55.915634 -319.431030
v 81.180389 -55.900482 -314.775146
v 88.084534 -55.887131 -310.672485
v 93.642899 -55.876480 -307.399536
v 97.406891 -55.869431 -305.232910
v 98.927902 -55.866852 -304.449341
v 99.566055 -55.881027 -304.185791
v 100.889160 -55.920212 -303.457275
v 102.760239 -55.979408 -302.356812
v 105.042297 -56.053612 -300.977295
v 107.598343 -56.137817 -299.411865
v 110.291382 -56.227028 -297.753418
v 112.984421 -56.316238 -296.094971
v 115.540466 -56.400444 -294.529541
v 117.822525 -56.474648 -293.150024
v 119.693604 -56.533844 -292.049561
v 121.016708 -56.573029 -291.321045
v 121.654846 -56.587189 -291.057739
v 123.235184 -56.628922 -290.068848
v 127.163177 -56.744293 -287.334961
v 132.969299 -56.918579 -283.205078
v 140.184021 -57.137047 -278.028076
v 148.337799 -57.384972 -272.153076
v 156.961105 -57.647621 -265.929077
v 165.584412 -57.910271 -259.705078
v 173.738190 -58.158195 -253.830078
v 180.952911 -58.376663 -248.653076
v 186.759033 -58.550949 -244.523193
v 197.528015 -58.917793 -236.547729
v 203.059387 -59.150482 -231.830078
v 209.929703 -59.442162 -225.916382
v 217.692642 -59.773170 -219.205322
v 225.901886 -60.123840 -212.095581
v 234.111145 -60.474510 -204.985840
v 241.874084 -60.805519 -198.274780
v 248.744400 -61.097198 -192.361084
v 254.275772 -61.329887 -187.643433
v 258.021881 -61.483925 -184.520386
v 265.831665 -61.799149 -177.473877
v 269.737427 -61.970238 -173.573242
v 274.136078 -62.164391 -169.146729
v 278.781189 -62.370079 -164.457153
v 283.426300 -62.575768 -159.767578
v 287.824951 -62.769920 -155.341064
v 291.730713 -62.941010 -151.440430
v 294.897095 -63.077492 -148.328735
v 300.477234 -63.348167 -142.900269
v 302.891937 -63.511955 -139.989746
v 305.855408 -63.717262 -136.341309
v 309.184784 -63.950249 -132.200928
v 312.697083 -64.197083 -127.814697
v 316.209381 -64.443916 -123.428467
v 319.538757 -64.676903 -119.288086
v 322.502258 -64.882210 -115.639648
v 324.916962 -65.045998 -112.729126
v 328.108673 -65.226707 -109.436890
v 329.714600 -65.318153 -107.588013
v 332.012939 -65.456299 -104.795044
v 334.830566 -65.629463 -101.294067
v 337.994354 -65.825981 -97.321045
v 341.331299 -66.034172 -93.111938
v 344.668213 -66.242363 -88.902832
v 347.832001 -66.438881 -84.929810
v 350.649628 -66.612045 -81.428833
v 352.947968 -66.750191 -78.635864
v 354.553894 -66.841637 -76.786987
v 355.294342 -66.874725 -76.118530
v 355.908020 -66.892548 -75.692017
v 357.163513 -66.941818 -74.512695
v 358.932404 -67.016243 -72.731201
v 361.086395 -67.109535 -70.498047
v 363.497070 -67.215408 -67.963867
v 366.036133 -67.327576 -65.279175
v 368.575195 -67.439743 -62.594482
v 370.985901 -67.545616 -60.060303
v 373.139862 -67.638908 -57.827148
v 374.908783 -67.713333 -56.045654
v 376.164246 -67.762604 -54.866333
v 376.777924 -67.780426 -54.439819
v 377.559326 -67.826614 -53.757935
v 379.278564 -67.954315 -51.872925
v 381.747986 -68.147224 -49.025269
v 384.780121 -68.389038 -45.455688
v 388.187347 -68.663452 -41.404785
v 391.782135 -68.954170 -37.113281
v 395.376953 -69.244888 -32.821777
v 398.784180 -69.519302 -28.770874
v 401.816284 -69.761116 -25.201294
v 404.285736 -69.954025 -22.353638
v 406.004944 -70.081726 -20.468628
v 406.786346 -70.127899 -19.786865
v 407.761841 -70.161797 -18.986572
v 410.017609 -70.255501 -16.774048
v 413.297607 -70.397057 -13.431641
v 417.345764 -70.574501 -9.241943
v 421.906067 -70.775871 -4.487305
v 426.722412 -70.989204 0.549805
v 431.538727 -71.202538 5.586914
v 436.098999 -71.403908 10.341553
v 440.147156 -71.581352 14.531250
v 443.427185 -71.722908 17.873657
v 445.682922 -71.816612 20.086182
v 446.658417 -71.850494 20.886230
v 447.640930 -71.875694 21.558716
v 449.916199 -71.945358 23.417847
v 453.225586 -72.050598 26.226318
v 457.310577 -72.182518 29.746704
v 461.912659 -72.332222 33.741821
v 466.773315 -72.490822 37.974243
v 471.633911 -72.649422 42.206665
v 476.236023 -72.799126 46.201782
v 480.321045 -72.931046 49.722168
v 483.630432 -73.036285 52.530640
v 485.905640 -73.105949 54.389771
v 486.888184 -73.131134 55.062012
v 487.885712 -73.129776 55.732056
v 490.202393 -73.126030 57.584473
v 493.574463 -73.120369 60.382812
v 497.737976 -73.113274 63.890625
v 502.429199 -73.105225 67.871338
v 507.384216 -73.096695 72.088501
v 512.339233 -73.088165 76.305664
v 517.030457 -73.080116 80.286377
v 521.193970 -73.073021 83.794189
v 524.566040 -73.067360 86.592529
v 526.882690 -73.063614 88.444946
v 527.880249 -73.062286 89.114868
v 528.904297 -73.061356 89.707153
v 531.294312 -73.058784 91.344604
v 534.777100 -73.054901 93.818237
v 539.079407 -73.050026 96.918945
v 543.928162 -73.044495 100.437744
v 549.050110 -73.038635 104.165649
v 554.171997 -73.032776 107.893555
v 559.020752 -73.027245 111.412354
v 563.323120 -73.022369 114.513062
v 566.805908 -73.018486 116.986694
v 569.195923 -73.015915 118.624146
v 570.219910 -73.014984 119.216675
v 572.461853 -73.010269 120.425049
v 578.218994 -72.997246 123.765869
v 586.788208 -72.977570 128.812744
v 597.466553 -72.952904 135.139038
v 609.550964 -72.924911 142.318359
v 622.338379 -72.895256 149.924194
v 635.125854 -72.865601 157.530029
v 647.210266 -72.837608 164.709351
v 657.888611 -72.812943 171.035645
v 666.457886 -72.793266 176.082520
v 672.214966 -72.780243 179.423340
v 674.456787 -72.775543 180.631958
v 676.229431 -72.769753 181.397949
v 680.689087 -72.753731 183.515625
v 687.298462 -72.729530 186.714600
v 695.519958 -72.699196 190.724609
v 704.816284 -72.664772 195.275269
v 714.650085 -72.628304 200.096313
v 724.483887 -72.591835 204.917358
v 733.780212 -72.557411 209.468018
v 742.001770 -72.527077 213.478027
v 748.611084 -72.502876 216.677002
v 753.070801 -72.486855 218.794678
v 757.043823 -72.452797 220.526123
v 762.685974 -72.374687 223.196167
v 771.081604 -72.256691 227.229614
v 781.542297 -72.108788 232.285645
v 793.379761 -71.940941 238.023315
v 805.905518 -71.763123 244.101929
v 818.431274 -71.585304 250.180542
v 830.268738 -71.417458 255.918213
v 840.729431 -71.269554 260.974243
v 849.125061 -71.151558 265.007690
v 854.767212 -71.073448 267.677734
v 856.967590 -71.045197 268.643433
v 860.398254 -71.040573 270.129639
v 869.441895 -71.027786 274.238647
v 882.975952 -71.008469 280.445923
v 899.877747 -70.984253 288.226807
v 919.024719 -70.956779 297.056763
v 939.294312 -70.927673 306.411255
v 959.563904 -70.898567 315.765747
v 978.710876 -70.871094 324.595703
v 995.612671 -70.846878 332.376587
v 1009.146729 -70.827560 338.583862
v 1018.190369 -70.814774 342.692871
v 1021.621094 -70.810150 344.179199
v 1025.415283 -70.777145 345.661011
v 1035.464111 -70.685898 349.757812
v 1050.516602 -70.548050 355.946533
v 1069.321655 -70.375259 363.704224
v 1090.628662 -70.179169 372.507935
v 1113.186523 -69.971428 381.834595
v 1135.744385 -69.763687 391.161255
v 1157.051270 -69.567596 399.964966
v 1175.856445 -69.394806 407.722656
v 1190.908813 -69.256958 413.911377
v 1200.957520 -69.165710 418.008118
v 1204.751709 -69.132721 419.489990
v 1208.112305 -69.096138 420.561768
v 1216.962402 -68.994995 423.524963
v 1230.203857 -68.842201 428.001343
v 1246.739014 -68.650673 433.612549
v 1265.469849 -68.433319 439.980347
v 1285.298584 -68.203056 446.726379
v 1305.127319 -67.972794 453.472412
v 1323.858154 -67.755440 459.840210
v 1340.393311 -67.563911 465.451416
v 1353.634766 -67.411118 469.927795
v 1362.484741 -67.309975 472.890991
v 1365.845459 -67.273407 473.962830
v 1365.845215 -67.273407 473.962830
v 1364.658081 -65.846466 510.286499
v 1361.750366 -65.944008 509.819092
v 1358.219971 -66.052223 509.300476
v 1353.731079 -66.187866 508.650391
v 1348.603271 -66.341805 507.912659
v 1343.156006 -66.504883 507.131104
v 1337.708740 -66.667961 506.349548
v 1332.580933 -66.821899 505.611816
v 1328.092041 -66.957542 504.961731
v 1324.561768 -67.065758 504.443115
v 1322.309082 -67.137390 504.099854
v 1321.654053 -67.163300 503.975769
v 1320.962280 -67.165855 503.664185
v 1318.608643 -67.172920 502.802795
v 1314.925537 -67.183586 501.501526
v 1310.245117 -67.196960 499.870361
v 1304.900146 -67.212135 498.019226
v 1299.222656 -67.228210 496.058167
v 1293.545166 -67.244286 494.097107
v 1288.200195 -67.259460 492.245972
v 1283.519775 -67.272835 490.614807
v 1279.836670 -67.283501 489.313538
v 1277.483032 -67.290565 488.452148
v 1276.791260 -67.293121 488.140503
v 1276.090576 -67.306252 487.837891
v 1273.712402 -67.342552 487.001343
v 1269.992065 -67.397385 485.737610
v 1265.265137 -67.466125 484.153442
v 1259.867188 -67.544128 482.355713
v 1254.133789 -67.626770 480.451172
v 1248.400269 -67.709412 478.546631
v 1243.002319 -67.787415 476.748901
v 1238.275391 -67.856155 475.164734
v 1234.555054 -67.910988 473.901001
v 1232.176758 -67.947289 473.064453
v 1231.476074 -67.960419 472.761841
v 1230.399170 -67.986534 472.305115
v 1226.980835 -68.058731 471.042358
v 1221.689209 -68.167793 469.134766
v 1214.992676 -68.304504 466.743591
v 1207.359497 -68.459648 464.029968
v 1199.258057 -68.624008 461.155151
v 1191.156494 -68.788368 458.280334
v 1183.523315 -68.943512 455.566711
v 1176.826782 -69.080223 453.175537
v 1171.535156 -69.189285 451.267944
v 1168.116699 -69.261482 450.005188
v 1165.330811 -69.312500 448.812744
v 1160.164551 -69.381439 446.778564
v 1152.232666 -69.485580 443.705688
v 1142.226318 -69.616127 439.853760
v 1130.837280 -69.764275 435.482422
v 1118.756836 -69.921227 430.851440
v 1106.676270 -70.078178 426.220459
v 1095.287109 -70.226326 421.849121
v 1085.281006 -70.356873 417.997192
v 1077.348999 -70.461014 414.924316
v 1072.182861 -70.529953 412.890137
v 1070.473755 -70.554901 412.154297
v 1069.004639 -70.558266 411.497559
v 1064.502075 -70.567574 409.681824
v 1057.572510 -70.581635 406.938904
v 1048.822754 -70.599266 403.500610
v 1038.859619 -70.619270 399.598694
v 1028.289795 -70.640465 395.464966
v 1017.719910 -70.661659 391.331238
v 1007.756775 -70.681664 387.429321
v 999.007080 -70.699295 383.991028
v 992.077515 -70.713356 381.248108
v 987.574829 -70.722664 379.432373
v 986.105835 -70.726044 378.775635
v 984.731201 -70.728096 378.135010
v 980.489502 -70.733757 376.363770
v 973.954224 -70.742317 373.688110
v 965.698730 -70.753044 370.334106
v 956.296387 -70.765213 366.527893
v 946.320679 -70.778107 362.495544
v 936.344971 -70.791000 358.463196
v 926.942627 -70.803169 354.656982
v 918.687134 -70.813896 351.302979
v 912.151855 -70.822456 348.627319
v 907.910156 -70.828117 346.856079
v 906.535400 -70.830170 346.215332
v 904.642090 -70.859848 345.343018
v 898.966492 -70.941895 342.931396
v 890.265076 -71.065834 339.288208
v 879.294312 -71.221199 334.721436
v 866.810608 -71.397507 329.538940
v 853.570496 -71.584290 324.048584
v 840.330383 -71.771072 318.558228
v 827.846680 -71.947380 313.375732
v 816.875916 -72.102745 308.808960
v 808.174561 -72.226685 305.165771
v 802.498962 -72.308731 302.754150
v 800.605713 -72.338409 301.881592
v 799.460693 -72.337997 301.334961
v 795.853882 -72.336868 299.823608
v 790.277649 -72.335159 297.540405
v 783.224365 -72.333023 294.678467
v 775.186279 -72.330597 291.430542
v 766.655884 -72.328026 287.989746
v 758.125488 -72.325455 284.548950
v 750.087524 -72.323029 281.301025
v 743.034180 -72.320892 278.439087
v 737.457947 -72.319183 276.155884
v 733.851135 -72.318054 274.644531
v 732.706177 -72.317657 274.097778
v 731.552673 -72.318680 273.568848
v 727.922363 -72.321495 272.106445
v 722.310669 -72.325752 269.897339
v 715.212830 -72.331093 267.128174
v 707.124268 -72.337151 263.985718
v 698.540405 -72.343567 260.656494
v 689.956543 -72.349983 257.327271
v 681.868042 -72.356041 254.184814
v 674.770264 -72.361382 251.415649
v 669.158508 -72.365639 249.206543
v 665.528198 -72.368454 247.744141
v 664.374695 -72.369476 247.215332
v 663.376831 -72.369934 246.727295
v 660.177002 -72.371208 245.378052
v 655.215515 -72.373131 243.339844
v 648.932861 -72.375542 240.784790
v 641.769287 -72.378281 237.885254
v 634.165405 -72.381180 234.813477
v 626.561523 -72.384079 231.741699
v 619.397949 -72.386818 228.842163
v 613.115295 -72.389229 226.287109
v 608.153809 -72.391151 224.248901
v 604.953979 -72.392426 222.899658
v 603.956177 -72.392914 222.411743
v 603.279785 -72.372337 222.102051
v 600.968506 -72.315445 221.245728
v 597.349304 -72.229500 219.952148
v 592.749207 -72.121765 218.330688
v 587.495178 -71.999504 216.490601
v 581.914185 -71.869980 214.541260
v 576.333191 -71.740456 212.591919
v 571.079163 -71.618195 210.751831
v 566.479065 -71.510460 209.130371
v 562.859863 -71.424515 207.836792
v 558.120850 -71.332596 206.169800
v 555.873291 -71.316597 205.613892
v 552.992493 -71.296539 204.916992
v 549.689575 -71.273781 204.126099
v 546.175659 -71.249672 203.288208
v 542.661682 -71.225563 202.450317
v 539.358765 -71.202805 201.659424
v 536.478027 -71.182747 200.962524
v 534.230408 -71.166748 200.406616
v 530.064819 -71.128777 199.661011
v 527.081848 -71.102669 199.389771
v 523.279236 -71.069939 199.049805
v 518.930176 -71.032791 198.664062
v 514.307983 -70.993439 198.255371
v 509.685730 -70.954086 197.846680
v 505.336670 -70.916939 197.460938
v 501.534058 -70.884209 197.120972
v 498.551086 -70.858101 196.849731
v 493.675354 -70.716309 196.680176
v 490.639923 -70.585121 196.763062
v 486.771606 -70.420677 196.866943
v 482.347961 -70.234055 196.984741
v 477.646729 -70.036346 197.109619
v 472.945496 -69.838638 197.234497
v 468.521851 -69.652016 197.352295
v 464.653534 -69.487572 197.456177
v 461.618103 -69.356384 197.539062
v 457.513123 -69.261978 198.095093
v 455.385193 -69.288437 198.629150
v 452.654358 -69.321609 199.298706
v 449.521606 -69.359253 200.058472
v 446.187927 -69.399132 200.863403
v 442.854248 -69.439011 201.668335
v 439.721497 -69.476654 202.428101
v 436.990662 -69.509827 203.097656
v 434.862732 -69.536285 203.631714
v 431.288361 -69.439049 205.016113
v 428.841644 -69.304695 206.017700
v 425.711243 -69.136284 207.273193
v 422.125061 -68.945160 208.697998
v 418.310974 -68.742683 210.207397
v 414.496918 -68.540207 211.716797
v 410.910736 -68.349083 213.141602
v 407.780334 -68.180672 214.397095
v 401.742462 -67.907372 217.437622
v 399.595886 -67.887596 218.697754
v 396.841675 -67.862808 220.277344
v 393.682434 -67.834679 222.069946
v 390.320679 -67.804878 223.968994
v 386.958923 -67.775078 225.868042
v 383.799683 -67.746948 227.660645
v 381.045471 -67.722160 229.240234
v 378.898895 -67.702385 230.500366
v 376.265930 -67.668808 232.660278
v 374.882202 -67.651291 233.796143
v 373.084259 -67.629333 235.220093
v 371.010223 -67.604408 236.835938
v 368.798096 -67.578003 238.547852
v 366.585999 -67.551598 240.259766
v 364.511963 -67.526672 241.875610
v 362.714050 -67.504715 243.299561
v 358.533661 -67.465111 247.607666
v 357.086761 -67.460960 249.024048
v 355.411041 -67.456253 250.631348
v 353.620911 -67.451263 252.334106
v 351.830811 -67.446274 254.036865
v 350.155090 -67.441566 255.644165
v 348.708191 -67.437416 257.060547
v 345.396667 -67.437447 261.512939
v 343.441711 -67.444466 264.068726
v 340.927734 -67.453270 267.272461
v 338.041138 -67.463257 270.908081
v 334.968170 -67.473839 274.759644
v 331.895203 -67.484421 278.611206
v 329.008606 -67.494408 282.246826
v 326.494629 -67.503212 285.450562
v 324.539673 -67.510231 288.006348
v 322.151428 -67.528282 292.756348
v 320.847534 -67.541267 295.470215
v 319.149719 -67.557549 298.872070
v 317.189240 -67.576019 302.732666
v 315.097473 -67.595589 306.822632
v 313.005707 -67.615158 310.912598
v 311.045227 -67.633629 314.773193
v 309.347412 -67.649910 318.175049
v 308.043518 -67.662895 320.888916
v 306.736572 -67.781090 325.635254
v 305.981201 -67.899239 328.187134
v 304.970917 -68.047340 331.385986
v 303.790741 -68.215408 335.016113
v 302.525574 -68.393463 338.861816
v 301.260437 -68.571518 342.707520
v 300.080261 -68.739586 346.337646
v 299.069977 -68.887688 349.536499
v 298.314606 -69.005836 352.088318
v 297.970428 -69.122253 355.151611
v 297.700836 -69.149681 357.261230
v 297.165924 -69.191116 360.448059
v 296.432007 -69.243057 364.442871
v 295.565460 -69.302002 368.976257
v 294.632568 -69.364449 373.778992
v 293.699677 -69.426895 378.581726
v 292.833099 -69.485840 383.115112
v 292.099213 -69.537781 387.109924
v 291.564301 -69.579216 390.296753
v 290.988373 -69.740936 401.606018
v 290.501038 -69.822937 407.167908
v 289.914307 -69.916000 413.479736
v 289.277893 -70.014587 420.166504
v 288.641449 -70.113174 426.853271
v 288.054688 -70.206238 433.165100
v 287.567383 -70.288239 438.726990
v 287.229187 -70.353661 443.164001
v 287.235840 -70.511436 452.082947
v 286.972046 -70.621056 457.540405
v 286.577972 -70.758461 464.381409
v 286.097107 -70.914391 472.144836
v 285.572784 -71.079590 480.369446
v 285.048462 -71.244789 488.594055
v 284.567566 -71.400719 496.357483
v 284.173523 -71.538124 503.198486
v 283.909729 -71.647743 508.655945
v 284.497192 -71.850037 518.347473
v 284.803314 -71.964836 523.641541
v 285.123657 -72.108734 530.277710
v 285.453491 -72.272041 537.808655
v 285.788055 -72.445045 545.786987
v 286.122620 -72.618050 553.765320
v 286.452454 -72.781357 561.296265
v 286.772797 -72.925255 567.932434
v 287.078918 -73.040054 573.226501
v 288.671906 -73.212837 582.856689
v 289.523621 -73.289734 588.246155
v 290.527863 -73.386131 595.001953
v 291.633820 -73.495522 602.668640
v 292.790619 -73.611412 610.790771
v 293.947418 -73.727303 618.912903
v 295.053375 -73.836693 626.579590
v 296.057617 -73.933090 633.335388
v 296.909332 -74.009987 638.724854
v 298.420319 -74.093979 644.844788
v 299.274628 -74.134514 648.333313
v 300.437561 -74.195747 653.603210
v 301.831909 -74.272507 660.209106
v 303.380554 -74.359619 667.705688
v 305.006348 -74.451904 675.647583
v 306.632172 -74.544189 683.589478
v 308.180817 -74.631302 691.086060
v 309.575165 -74.708061 697.691956
v 310.738098 -74.769295 702.961853
v 312.673248 -74.837479 709.419128
v 313.924805 -74.873383 714.138550
v 315.687744 -74.927620 721.267883
v 317.834259 -74.995613 730.204651
v 320.236481 -75.072769 740.346313
v 322.766571 -75.154510 751.090454
v 325.296661 -75.236252 761.834595
v 327.698883 -75.313408 771.976257
v 329.845398 -75.381401 780.913025
v 331.608337 -75.435638 788.042358
v 332.859894 -75.471542 792.761780
v 333.472137 -75.484528 794.468750
v 334.149536 -75.511024 796.015076
v 335.581238 -75.584282 800.290283
v 337.616302 -75.694954 806.748535
v 340.103943 -75.833679 814.844116
v 342.893280 -75.991112 824.031189
v 345.833466 -76.157898 833.764038
v 348.773651 -76.324684 843.496887
v 351.562988 -76.482117 852.683960
v 354.050629 -76.620842 860.779480
v 356.085693 -76.731514 867.237732
v 357.517395 -76.804771 871.512939
v 358.194794 -76.831268 873.059265
v 358.856293 -76.849281 874.542908
v 360.243988 -76.899071 878.644714
v 362.212616 -76.974289 884.841064
v 364.616943 -77.068581 892.608337
v 367.311768 -77.175583 901.422852
v 370.151794 -77.288940 910.761047
v 372.991852 -77.402298 920.099243
v 375.686646 -77.509300 928.913818
v 378.091003 -77.603592 936.681030
v 380.059631 -77.678810 942.877441
v 381.447296 -77.728600 946.979248
v 382.108795 -77.746613 948.462891
v 382.755920 -77.743698 949.928101
v 384.103821 -77.735649 953.978882
v 386.012360 -77.723488 960.098206
v 388.341370 -77.708244 967.768921
v 390.950684 -77.690941 976.473816
v 393.700195 -77.672607 985.695862
v 396.449677 -77.654274 994.917908
v 399.059021 -77.636971 1003.622803
v 401.388000 -77.621727 1011.293518
v 403.296570 -77.609566 1017.412842
v 404.644470 -77.601517 1021.463623
v 405.291565 -77.598602 1022.928833
v 405.802368 -77.570457 1023.894104
v 406.773468 -77.492653 1026.562866
v 408.112762 -77.375122 1030.594238
v 409.728241 -77.227791 1035.647827
v 411.527802 -77.060600 1041.382690
v 413.419434 -76.883476 1047.458252
v 415.311035 -76.706352 1053.533936
v 417.110626 -76.539162 1059.268799
v 418.726074 -76.391830 1064.322266
v 420.065369 -76.274300 1068.353760
v 421.036469 -76.196495 1071.022461
v 421.547302 -76.168365 1071.987793
v 422.245758 -76.164581 1073.511230
v 423.735626 -76.154114 1077.723022
v 425.858643 -76.138306 1084.085571
v 428.456482 -76.118492 1092.061035
v 431.370880 -76.096001 1101.112061
v 434.443542 -76.072174 1110.700562
v 437.516235 -76.048347 1120.289185
v 440.430634 -76.025856 1129.340088
v 443.028473 -76.006042 1137.315674
v 445.151489 -75.990234 1143.678223
v 446.641357 -75.979767 1147.890015
v 447.339813 -75.975983 1149.413452
v 448.045837 -75.967926 1150.770264
v 449.556641 -75.945648 1154.521484
v 451.711273 -75.911995 1160.188232
v 454.348755 -75.869804 1167.291748
v 457.308136 -75.821930 1175.352905
v 460.428467 -75.771210 1183.892944
v 463.548798 -75.720490 1192.432983
v 466.508179 -75.672615 1200.494141
v 469.145660 -75.630424 1207.597534
v 471.300293 -75.596771 1213.264282
v 472.811096 -75.574493 1217.015503
v 473.517120 -75.566437 1218.372437
v 474.612640 -75.512222 1220.643311
v 477.200256 -75.362335 1226.921753
v 480.981567 -75.135918 1236.406128
v 485.658142 -74.852097 1248.295044
v 490.931580 -74.530006 1261.786987
v 496.503418 -74.188782 1276.080322
v 502.075256 -73.847557 1290.373779
v 507.348694 -73.525467 1303.865723
v 512.025269 -73.241646 1315.754639
v 515.806580 -73.015228 1325.239014
v 518.394165 -72.865341 1331.517456
v 520.159485 -72.782997 1334.942627
v 521.569946 -72.705231 1338.133789
v 523.572998 -72.587753 1342.954346
v 526.020447 -72.440491 1348.997192
v 528.764160 -72.273369 1355.854736
v 531.656067 -72.096321 1363.119751
v 534.547974 -71.919273 1370.384766
v 537.291748 -71.752151 1377.242310
v 539.739197 -71.604889 1383.285156
v 541.742188 -71.487411 1388.105835
v 543.152710 -71.409645 1391.296875
v 543.822388 -71.381500 1392.451172
v 544.295715 -71.365936 1393.119507
v 545.163086 -71.322906 1394.967163
v 546.345764 -71.257896 1397.758423
v 547.764893 -71.176407 1401.257324
v 549.341675 -71.083931 1405.227905
v 550.997192 -70.985962 1409.434448
v 552.652832 -70.887993 1413.640991
v 554.229553 -70.795517 1417.611572
v 555.648682 -70.714027 1421.110474
v 556.831360 -70.649017 1423.901733
v 557.698730 -70.605988 1425.749390
v 558.172058 -70.590424 1426.417725
v 522.614075 -70.597015 1424.596802
v 522.200806 -70.631912 1423.182495
v 520.617004 -70.728401 1419.272217
v 518.096802 -70.874161 1413.365234
v 514.874329 -71.056870 1405.960693
v 511.183655 -71.264214 1397.557861
v 507.258850 -71.483879 1388.655762
v 503.334045 -71.703545 1379.753662
v 499.643372 -71.910889 1371.350830
v 496.420898 -72.093597 1363.946289
v 493.900696 -72.239357 1358.039307
v 492.316895 -72.335846 1354.129028
v 491.903687 -72.370758 1352.714722
v 491.519043 -72.404266 1351.331787
v 490.014526 -72.496895 1347.508545
v 487.614014 -72.636826 1341.732910
v 484.541565 -72.812233 1334.493164
v 481.021149 -73.011292 1326.277222
v 477.276733 -73.222176 1317.573120
v 473.532349 -73.433060 1308.869019
v 470.011932 -73.632118 1300.653076
v 466.939484 -73.807526 1293.413330
v 464.539001 -73.947456 1287.637695
v 463.034454 -74.040085 1283.814453
v 462.649841 -74.073578 1282.431519
v 462.464417 -74.102676 1281.392456
v 461.510559 -74.183128 1278.519775
v 459.942017 -74.304665 1274.180176
v 457.912415 -74.457008 1268.740356
v 455.575439 -74.629890 1262.567017
v 453.084808 -74.813049 1256.027100
v 450.594177 -74.996208 1249.487061
v 448.257202 -75.169090 1243.313721
v 446.227600 -75.321434 1237.873901
v 444.659058 -75.442970 1233.534302
v 443.705200 -75.523422 1230.661621
v 443.519745 -75.552521 1229.622559
v 443.146606 -75.560310 1228.125122
v 441.673767 -75.581848 1223.985107
v 439.321198 -75.614388 1217.731079
v 436.308838 -75.655174 1209.891602
v 432.856567 -75.701462 1200.994995
v 429.184387 -75.750496 1191.569946
v 425.512207 -75.799530 1182.144897
v 422.059967 -75.845818 1173.248291
v 419.047607 -75.886604 1165.408813
v 416.695007 -75.919144 1159.154785
v 415.222198 -75.940681 1155.014771
v 414.849030 -75.948456 1153.517334
v 414.538757 -75.951996 1152.136841
v 413.239807 -75.961777 1148.320068
v 411.149872 -75.976547 1142.554321
v 408.466736 -75.995064 1135.326782
v 405.388092 -76.016075 1127.124878
v 402.111694 -76.038338 1118.435547
v 398.835327 -76.060600 1109.746338
v 395.756714 -76.081612 1101.544434
v 393.073547 -76.100128 1094.316895
v 390.983612 -76.114899 1088.551270
v 389.684662 -76.124680 1084.734375
v 389.374390 -76.128204 1083.353882
v 389.022552 -76.132675 1081.853760
v 387.608643 -76.145035 1077.706543
v 385.345062 -76.163704 1071.441650
v 382.444244 -76.187103 1063.588501
v 379.118591 -76.213661 1054.676392
v 375.580536 -76.241798 1045.234863
v 372.042480 -76.269936 1035.793335
v 368.716827 -76.296494 1026.881226
v 365.816010 -76.319893 1019.028076
v 363.552429 -76.338562 1012.763123
v 362.138519 -76.350922 1008.615906
v 361.786682 -76.355377 1007.115845
v 361.977661 -76.355377 1007.115845
v 362.064453 -76.355377 1007.115845
v 362.067932 -76.355377 1007.115845
v 362.008911 -76.355377 1007.115845
v 361.908203 -76.355377 1007.115845
v 361.786682 -76.355377 1007.115845
v 361.665161 -76.355377 1007.115845
v 361.564453 -76.355377 1007.115845
v 361.505432 -76.355377 1007.115845
v 361.508911 -76.355377 1007.115845
v 361.595703 -76.355377 1007.115845
v 361.786682 -76.355377 1007.115845
v 361.512238 -76.360420 1005.671875
v 360.312286 -76.374374 1001.679565
v 358.371918 -76.395447 995.648804
v 355.876282 -76.421867 988.088989
v 353.010437 -76.451851 979.509888
v 349.959473 -76.483612 970.421204
v 346.908508 -76.515373 961.332520
v 344.042664 -76.545357 952.753418
v 341.546997 -76.571777 945.193604
v 339.606659 -76.592850 939.162842
v 338.406708 -76.606804 935.170532
v 338.132263 -76.611847 933.726624
v 337.815796 -76.611847 932.167603
v 336.499695 -76.611847 927.857239
v 334.383850 -76.611847 921.345886
v 331.668243 -76.611847 913.183777
v 328.552765 -76.611847 903.921143
v 325.237366 -76.611847 894.108276
v 321.921967 -76.611847 884.295410
v 318.806488 -76.611847 875.032837
v 316.090881 -76.611847 866.870728
v 313.975037 -76.611847 860.359375
v 312.658936 -76.611847 856.049072
v 312.342468 -76.611847 854.489990
v 311.925781 -76.586678 852.698547
v 310.332642 -76.517090 847.745728
v 307.798279 -76.411964 840.263794
v 304.558044 -76.280190 830.885010
v 300.847198 -76.130646 820.241638
v 296.901062 -75.972221 808.966003
v 292.954926 -75.813797 797.690369
v 289.244080 -75.664253 787.046997
v 286.003845 -75.532478 777.668213
v 283.469482 -75.427353 770.186279
v 281.876343 -75.357765 765.233459
v 281.459656 -75.332611 763.441895
v 281.110077 -75.312958 761.781189
v 279.702454 -75.258629 757.189880
v 277.448364 -75.176559 750.254028
v 274.559448 -75.073685 741.559814
v 271.247284 -74.956940 731.693359
v 267.723541 -74.833260 721.240784
v 264.199768 -74.709579 710.788208
v 260.887634 -74.592834 700.921753
v 257.998688 -74.489960 692.227539
v 255.744614 -74.407890 685.291687
v 254.336975 -74.353561 680.700378
v 253.987396 -74.333954 679.039551
v 253.670807 -74.292831 677.467651
v 252.354324 -74.179138 673.121765
v 250.237961 -74.007393 666.556702
v 247.521667 -73.792107 658.327271
v 244.405426 -73.547791 648.988220
v 241.089203 -73.288963 639.094360
v 237.772980 -73.030136 629.200500
v 234.656738 -72.785820 619.861450
v 231.940445 -72.570534 611.631958
v 229.824066 -72.398788 605.066895
v 228.507599 -72.285095 600.721008
v 228.191010 -72.243988 599.149048
v 227.693954 -72.197792 597.256470
v 225.878571 -72.070076 592.024109
v 223.008514 -71.877144 584.119934
v 219.347443 -71.635292 574.211853
v 215.159058 -71.360832 562.967834
v 210.707001 -71.070068 551.055847
v 206.254944 -70.779305 539.143860
v 202.066559 -70.504845 527.899841
v 198.405518 -70.262993 517.991760
v 195.535461 -70.070061 510.087585
v 193.720062 -69.942345 504.855225
v 193.223022 -69.896149 502.962769
v 192.709137 -69.863022 501.293884
v 190.847214 -69.771439 496.679810
v 187.906860 -69.633095 489.709656
v 184.157684 -69.459679 480.972412
v 179.869293 -69.262878 471.057129
v 175.311295 -69.054382 460.552795
v 170.753296 -68.845886 450.048462
v 166.464905 -68.649086 440.133179
v 162.715729 -68.475670 431.395935
v 159.775375 -68.337326 424.425781
v 157.913452 -68.245743 419.811707
v 157.399567 -68.212616 418.142761
v 156.776779 -68.201965 416.525269
v 154.613770 -68.172516 412.053467
v 151.218597 -68.128029 405.298157
v 146.899292 -68.072258 396.830261
v 141.963898 -68.008972 387.220642
v 136.720459 -67.941925 377.040100
v 131.477020 -67.874878 366.859558
v 126.541626 -67.811592 357.249939
v 122.222321 -67.755821 348.781982
v 118.827148 -67.711334 342.026733
v 116.664154 -67.681885 337.554932
v 116.041382 -67.671234 335.937500
v 115.739151 -67.674301 334.996826
v 114.462387 -67.682777 332.396240
v 112.406006 -67.695587 328.467773
v 109.764908 -67.711647 323.543335
v 106.734009 -67.729866 317.954956
v 103.508194 -67.749168 312.034668
v 100.282379 -67.768471 306.114380
v 97.251480 -67.786690 300.526001
v 94.610382 -67.802750 295.601562
v 92.554001 -67.815559 291.673096
v 91.277237 -67.824036 289.072510
v 90.975021 -67.827118 288.132080
v 90.542770 -67.838097 287.100220
v 88.906555 -67.868439 284.247314
v 86.307175 -67.914276 279.937622
v 82.985413 -67.971733 274.535400
v 79.182068 -68.036942 268.404785
v 75.137924 -68.106018 261.909912
v 71.093781 -68.175095 255.415039
v 67.290436 -68.240303 249.284424
v 63.968674 -68.297760 243.882202
v 61.369293 -68.343597 239.572510
v 59.733078 -68.373940 236.719604
v 59.300842 -68.384918 235.687500
v 58.891510 -68.385201 234.829712
v 57.318634 -68.385986 232.458252
v 54.814926 -68.387169 228.875732
v 51.613098 -68.388649 224.385010
v 47.945862 -68.390335 219.288818
v 44.045898 -68.392120 213.889893
v 40.145935 -68.393906 208.490967
v 36.478699 -68.395592 203.394775
v 33.276855 -68.397072 198.904053
v 30.773132 -68.398254 195.321533
v 29.200256 -68.399040 192.950073
v 28.790894 -68.399323 192.092285
v 28.230530 -68.424805 191.327515
v 26.240143 -68.495262 189.213013
v 23.105743 -68.601692 186.018799
v 19.113312 -68.735107 182.014771
v 14.548859 -68.886513 177.470825
v 9.698395 -69.046913 172.656982
v 4.847931 -69.207314 167.843140
v 0.283478 -69.358719 163.299194
v -3.708954 -69.492134 159.295166
v -6.843353 -69.598564 156.100952
v -8.833740 -69.669022 153.986450
v -9.394073 -69.694489 153.221313
v -10.025238 -69.698357 152.502686
v -12.211426 -69.709045 150.515991
v -15.641632 -69.725189 147.514771
v -20.004852 -69.745430 143.752686
v -24.990082 -69.768394 139.483398
v -30.286316 -69.792725 134.960449
v -35.582550 -69.817055 130.437500
v -40.567780 -69.840019 126.168213
v -44.931000 -69.860260 122.406128
v -48.361206 -69.876404 119.404907
v -50.547394 -69.887093 117.418213
v -51.178589 -69.890961 116.699707
v -52.210114 -69.915154 115.895020
v -55.503174 -69.982048 113.670288
v -60.605469 -70.083099 110.309570
v -67.064697 -70.209770 106.096924
v -74.428528 -70.353523 101.316284
v -82.244690 -70.505814 96.251587
v -90.060852 -70.658104 91.186890
v -97.424683 -70.801857 86.406250
v -103.883911 -70.928528 82.193604
v -108.986206 -71.029579 78.832886
v -112.279266 -71.096474 76.608154
v -113.310852 -71.120697 75.803467
v -114.531189 -71.162071 75.025024
v -118.346252 -71.276466 72.872803
v -124.237091 -71.449280 69.621582
v -131.684784 -71.665901 65.546143
v -140.170349 -71.911736 60.921143
v -149.174866 -72.172173 56.021484
v -158.179382 -72.432610 51.121826
v -166.664948 -72.678444 46.496826
v -174.112640 -72.895065 42.421387
v -180.003479 -73.067879 39.170166
v -183.818542 -73.182274 37.017944
v -185.038971 -73.223663 36.239502
v -186.072083 -73.283936 35.730591
v -189.369507 -73.450577 34.323486
v -194.478394 -73.702309 32.197876
v -200.945862 -74.017860 29.533325
v -208.319092 -74.375961 26.509521
v -216.145142 -74.755333 23.306152
v -223.971191 -75.134705 20.102783
v -231.344421 -75.492805 17.078979
v -237.811890 -75.808357 14.414429
v -242.920776 -76.060089 12.288818
v -246.218201 -76.226730 10.881714
v -247.251343 -76.287018 10.372803
v -248.276428 -76.308937 9.949341
v -251.551697 -76.369537 8.778687
v -256.627136 -76.461090 7.010254
v -263.052673 -76.575851 4.793457
v -270.378296 -76.706085 2.277832
v -278.153931 -76.844055 -0.387329
v -285.929565 -76.982025 -3.052490
v -293.255188 -77.112259 -5.568115
v -299.680725 -77.227020 -7.784912
v -304.756165 -77.318573 -9.553345
v -308.031433 -77.379173 -10.723999
v -309.056641 -77.401093 -11.147461
v -310.661133 -77.412743 -11.639893
v -315.538208 -77.444946 -13.001343
v -323.033386 -77.493599 -15.058105
v -332.492188 -77.554588 -17.636230
v -343.260010 -77.623795 -20.562012
v -354.682373 -77.697113 -23.661621
v -366.104736 -77.770432 -26.761230
v -376.872559 -77.839638 -29.687012
v -386.331360 -77.900627 -32.265137
v -393.826538 -77.949280 -34.321899
v -398.703613 -77.981483 -35.683350
v -400.308105 -77.993134 -36.175659
v -401.818542 -77.994438 -36.467896
v -406.435669 -77.998047 -37.275635
v -413.538086 -78.003494 -38.495850
v -422.504517 -78.010323 -40.025513
v -432.713623 -78.018074 -41.761353
v -443.544067 -78.026283 -43.600342
v -454.374512 -78.034492 -45.439331
v -464.583618 -78.042244 -47.175171
v -473.550049 -78.049072 -48.704834
v -480.652466 -78.054520 -49.925049
v -485.269592 -78.058128 -50.732788
v -486.780090 -78.059418 -51.025146
v -489.245361 -78.080917 -51.383545
v -496.502319 -78.140366 -52.374390
v -507.592590 -78.230164 -53.871216
v -521.557861 -78.342728 -55.747559
v -537.439758 -78.470474 -57.876831
v -554.280029 -78.605804 -60.132568
v -571.120300 -78.741135 -62.388306
v -587.002197 -78.868881 -64.517578
v -600.967468 -78.981445 -66.393921
v -612.057739 -79.071243 -67.890747
v -619.314697 -79.130692 -68.881592
v -621.779785 -79.152191 -69.239868
v -623.272156 -79.162834 -69.435425
v -627.839294 -79.192261 -69.975952
v -634.866272 -79.236717 -70.792480
v -643.738098 -79.292442 -71.816040
v -653.839844 -79.355682 -72.977539
v -664.556519 -79.422676 -74.208130
v -675.273193 -79.489670 -75.438721
v -685.374939 -79.552910 -76.600220
v -694.246765 -79.608635 -77.623779
v -701.273743 -79.653091 -78.440308
v -705.840881 -79.682518 -78.980835
v -707.333069 -79.693146 -79.176270
v -709.771545 -79.723885 -79.539307
v -716.954346 -79.808868 -80.543091
v -727.932617 -79.937248 -82.059448
v -741.757568 -80.098175 -83.960205
v -757.480225 -80.280800 -86.117310
v -774.151733 -80.474274 -88.402466
v -790.823242 -80.667747 -90.687622
v -806.545898 -80.850372 -92.844727
v -820.370850 -81.011299 -94.745483
v -831.349121 -81.139679 -96.261841
v -838.531982 -81.224663 -97.265625
v -840.970581 -81.255402 -97.628784
v -843.742676 -81.287361 -97.955933
v -851.847778 -81.375710 -98.860474
v -864.219238 -81.509178 -100.226929
v -879.790527 -81.676483 -101.939819
v -897.494995 -81.866341 -103.883667
v -916.265991 -82.067482 -105.942993
v -935.036987 -82.268623 -108.002319
v -952.741455 -82.458481 -109.946167
v -968.312744 -82.625786 -111.659058
v -980.684204 -82.759254 -113.025513
v -988.789307 -82.847603 -113.930054
v -991.561157 -82.879547 -114.257324
v -993.217163 -82.913162 -114.599976
v -998.236816 -83.006088 -115.547363
v -1005.947388 -83.146469 -116.978638
v -1015.676025 -83.322441 -118.772705
v -1026.750122 -83.522141 -120.808716
v -1038.496948 -83.733704 -122.965698
v -1050.243774 -83.945267 -125.122681
v -1061.317871 -84.144966 -127.158691
v -1071.046509 -84.320938 -128.952759
v -1078.757080 -84.461319 -130.384033
v -1083.776733 -84.554245 -131.331421
v -1085.432983 -84.587860 -131.674072
v -1087.010254 -84.629837 -132.065308
v -1091.812256 -84.745903 -133.146973
v -1099.193970 -84.921234 -134.780884
v -1108.510376 -85.141014 -136.828979
v -1119.116699 -85.390427 -139.153320
v -1130.367920 -85.654655 -141.615723
v -1141.619141 -85.918884 -144.078125
v -1152.225464 -86.168297 -146.402466
v -1161.541870 -86.388077 -148.450562
v -1168.923584 -86.563408 -150.084473
v -1173.725586 -86.679474 -151.166138
v -1175.302856 -86.721466 -151.557251
v -1176.333740 -86.742882 -151.872803
v -1179.625122 -86.802094 -152.745117
v -1184.724854 -86.891541 -154.062866
v -1191.180786 -87.003670 -155.714722
v -1198.540894 -87.130913 -157.589355
v -1206.353149 -87.265717 -159.575317
v -1214.165405 -87.400520 -161.561279
v -1221.525635 -87.527763 -163.435913
v -1227.981567 -87.639893 -165.087769
v -1233.081299 -87.729340 -166.405518
v -1236.372681 -87.788551 -167.277832
v -1237.403687 -87.809967 -167.593628
v -1238.774780 -87.841141 -168.086792
v -1243.006592 -87.927322 -169.450317
v -1249.526978 -88.057510 -171.510254
v -1257.763794 -88.220703 -174.092407
v -1267.144775 -88.405907 -177.022705
v -1277.097900 -88.602112 -180.127075
v -1287.051025 -88.798317 -183.231445
v -1296.432007 -88.983521 -186.161743
v -1304.668823 -89.146713 -188.743896
v -1311.189209 -89.276901 -190.803833
v -1315.421021 -89.363083 -192.167358
v -1316.791992 -89.394257 -192.660400
v -1316.530518 -89.395828 -193.375488
v -1316.248779 -89.400169 -195.352417
v -1315.950806 -89.406723 -198.338867
v -1315.640747 -89.414940 -202.082520
v -1315.322632 -89.424271 -206.330811
v -1315.000366 -89.434151 -210.831543
v -1314.678101 -89.444031 -215.332275
v -1314.359985 -89.453362 -219.580566
v -1314.049927 -89.461578 -223.324219
v -1313.751953 -89.468132 -226.310669
v -1313.470215 -89.472473 -228.287598
v 40.057617 -67.619576 45.327515
v 54.642975 -75.917831 22.096680
v 48.684509 -73.159592 -27.659058
v 56.475739 -71.889641 -35.979004
v 52.062866 -73.413933 -24.463501
v 55.019028 -73.433243 -21.528198
v 59.397400 -73.425171 -17.181519
v 64.843994 -73.395096 -11.779907
v 71.004868 -73.348396 -5.679443
v 77.526047 -73.290459 0.763428
v 84.053558 -73.226662 7.192627
v 90.233444 -73.162399 13.251709
v 98.258896 -71.693558 5.329224
v 97.686554 -71.667938 4.636719
v 97.169571 -71.669167 3.944702
v 95.519073 -71.673393 2.251831
v 92.960709 -71.681419 -0.241943
v 89.720139 -71.694046 -3.336792
v 86.023010 -71.712074 -6.832764
v 82.094986 -71.736305 -10.530151
v 78.161728 -71.767540 -14.229004
v 74.448883 -71.806587 -17.729370
v 71.182129 -71.854240 -20.831543
v 68.587097 -71.911308 -23.335571
v 66.889465 -71.978592 -25.041504
v 65.611435 -72.102753 -26.625000
v 63.556961 -72.081169 -28.794312
v 60.421661 -72.005638 -31.998535
v 90.673843 -80.078102 20.379028
v 90.673843 -80.078102 20.379028
v 90.673843 -80.078102 20.379028
v 99.993927 -80.143028 22.129028
v 165.971664 -72.722977 -16.411133
v 81.665771 -74.334381 -30.374756
v 36.454010 -75.610985 -32.669189
v 123.992859 -74.008835 -24.547363
v 59.059891 -74.972687 -31.521973
v 28.644775 -73.778275 -42.148926
v 121.648972 -63.137169 -172.708984
v 102.829315 -74.171608 -27.461060
v 156.471069 -60.948471 -176.978638
v 156.628128 -60.964790 -176.298584
v 156.785187 -60.981110 -175.618652
v 156.942245 -60.997429 -174.938599
v 157.099304 -61.013748 -174.258545
v 157.256363 -61.030075 -173.578613
v 157.413422 -61.046402 -172.898682
v 157.709427 -61.077171 -171.615601
v 157.848389 -61.091621 -171.012573
v 157.987335 -61.106071 -170.409668
v 158.126297 -61.120522 -169.806641
v 158.265259 -61.134972 -169.203613
v 158.404205 -61.149422 -168.600708
v 158.543152 -61.163879 -167.997803
v 158.794250 -61.190186 -166.907471
v 158.906387 -61.202034 -166.420288
v 159.018524 -61.213882 -165.933105
v 159.130661 -61.225739 -165.445801
v 159.242798 -61.237595 -164.958496
v 159.354935 -61.249443 -164.471313
v 159.467072 -61.261292 -163.984131
v 159.655823 -61.281677 -163.163940
v 159.732422 -61.290199 -162.831055
v 159.809021 -61.298721 -162.498291
v 159.885635 -61.307251 -162.165405
v 159.962250 -61.315781 -161.832520
v 160.038849 -61.324303 -161.499756
v 160.115448 -61.332825 -161.166992
v 160.224426 -61.345825 -160.694336
v 160.256775 -61.350296 -160.554565
v 160.289124 -61.354767 -160.414795
v 160.321487 -61.359230 -160.275146
v 160.353851 -61.363693 -160.135498
v 160.386200 -61.368164 -159.995728
v 160.418549 -61.372635 -159.855957
v 160.456375 -61.379219 -159.603638
v 160.461838 -61.381340 -159.490967
v 160.467300 -61.383461 -159.378296
v 160.472763 -61.385582 -159.265625
v 160.478241 -61.387703 -159.152954
v 160.483704 -61.389824 -159.040283
v 160.489166 -61.391945 -158.927734
v 160.496796 -61.396034 -158.557129
v 160.498947 -61.398003 -158.299072
v 160.501099 -61.399963 -158.041016
v 160.503250 -61.401932 -157.783081
v 160.505402 -61.403900 -157.525146
v 160.507568 -61.405861 -157.267090
v 160.509735 -61.407822 -157.009033
v 160.511337 -61.411598 -156.376831
v 160.510788 -61.413406 -156.002563
v 160.510239 -61.415215 -155.628296
v 160.509689 -61.417023 -155.254028
v 160.509140 -61.418831 -154.879761
v 160.508591 -61.420639 -154.505493
v 160.508026 -61.422447 -154.131104
v 160.504822 -61.425903 -153.295288
v 160.502167 -61.427551 -152.833740
v 160.499512 -61.429199 -152.372314
v 160.496857 -61.430855 -151.910767
v 160.494202 -61.432510 -151.449219
v 160.491562 -61.434158 -150.987793
v 160.488922 -61.435806 -150.526367
v 160.482117 -61.438950 -149.545166
v 160.477966 -61.440445 -149.025513
v 160.473816 -61.441940 -148.505859
v 160.469666 -61.443428 -147.986206
v 160.465515 -61.444916 -147.466553
v 160.461380 -61.446411 -146.946899
v 160.457245 -61.447906 -146.427246
v 160.448059 -61.450729 -145.358643
v 160.443024 -61.452057 -144.809814
v 160.437988 -61.453384 -144.260986
v 160.432953 -61.454720 -143.712280
v 160.427917 -61.456055 -143.163574
v 160.422882 -61.457382 -142.614746
v 160.417847 -61.458710 -142.065918
v 160.407471 -61.461212 -140.968384
v 160.402145 -61.462379 -140.419556
v 160.396820 -61.463547 -139.870728
v 160.391495 -61.464722 -139.321899
v 160.386169 -61.465897 -138.773071
v 160.380859 -61.467064 -138.224243
v 160.375549 -61.468231 -137.675293
v 160.365219 -61.470413 -136.606567
v 160.360214 -61.471420 -136.086670
v 160.355225 -61.472427 -135.566895
v 160.350220 -61.473434 -135.046997
v 160.345215 -61.474442 -134.527100
v 160.340225 -61.475449 -134.007324
v 160.335236 -61.476456 -133.487549
v 160.326157 -61.478317 -132.505859
v 160.322083 -61.479164 -132.044067
v 160.318008 -61.480011 -131.582275
v 160.313934 -61.480858 -131.120483
v 160.309860 -61.481705 -130.658691
v 160.305786 -61.482544 -130.196899
v 160.301727 -61.483383 -129.735107
v 160.295105 -61.484909 -128.898682
v 160.292572 -61.485588 -128.524048
v 160.290039 -61.486267 -128.149414
v 160.287491 -61.486946 -127.774658
v 160.284943 -61.487625 -127.399902
v 160.282410 -61.488312 -127.025269
v 160.279877 -61.488998 -126.650635
v 160.276932 -61.490189 -126.017334
v 160.276535 -61.490707 -125.758789
v 160.276123 -61.491226 -125.500244
v 160.275726 -61.491737 -125.241699
v 160.275330 -61.492249 -124.983154
v 160.274918 -61.492767 -124.724731
v 160.274506 -61.493286 -124.466309
v 160.276459 -61.494141 -124.094482
v 160.278793 -61.494492 -123.981201
v 160.281128 -61.494843 -123.867920
v 160.283478 -61.495186 -123.754517
v 160.285828 -61.495529 -123.641113
v 160.288162 -61.495880 -123.527832
v 160.290497 -61.496231 -123.414551
v 160.286270 -61.501450 -123.204224
v 160.279694 -61.506317 -123.107300
v 160.273102 -61.511185 -123.010254
v 160.266525 -61.516060 -122.913330
v 160.259949 -61.520935 -122.816406
v 160.253357 -61.525803 -122.719360
v 160.246765 -61.530670 -122.622314
v 160.214996 -61.548492 -122.312012
v 160.189804 -61.561440 -122.098633
v 160.164612 -61.574387 -121.885254
v 160.139420 -61.587341 -121.671875
v 160.114227 -61.600296 -121.458496
v 160.089050 -61.613243 -121.245117
v 160.063873 -61.626190 -121.031738
v 159.998459 -61.658470 -120.511963
v 159.958237 -61.677795 -120.205444
v 159.918030 -61.697128 -119.898926
v 159.877808 -61.716454 -119.592407
v 159.837585 -61.735779 -119.285889
v 159.797379 -61.755112 -118.979492
v 159.757172 -61.774445 -118.673096
v 159.665283 -61.817780 -117.990234
v 159.613617 -61.841782 -117.613892
v 159.561951 -61.865784 -117.237549
v 159.510284 -61.889793 -116.861206
v 159.458618 -61.913803 -116.484863
v 159.406952 -61.937805 -116.108643
v 159.355286 -61.961807 -115.732422
v 159.244080 -62.012802 -114.933228
v 159.184540 -62.039787 -114.510376
v 159.125000 -62.066772 -114.087524
v 159.065460 -62.093758 -113.664673
v 159.005920 -62.120743 -113.241821
v 158.946396 -62.147728 -112.818970
v 158.886871 -62.174713 -112.396118
v 158.763504 -62.229950 -111.527222
v 158.699677 -62.258209 -111.081177
v 158.635849 -62.286469 -110.635010
v 158.572021 -62.314735 -110.188965
v 158.508194 -62.343002 -109.742920
v 158.444366 -62.371262 -109.296753
v 158.380539 -62.399521 -108.850586
v 158.252167 -62.455627 -107.958496
v 158.187622 -62.483467 -107.512451
v 158.123077 -62.511307 -107.066406
v 158.058533 -62.539146 -106.620361
v 157.993988 -62.566986 -106.174316
v 157.929459 -62.594826 -105.728271
v 157.864929 -62.622665 -105.282227
v 157.738708 -62.676224 -104.413330
v 157.677032 -62.701942 -103.990601
v 157.615356 -62.727661 -103.567871
v 157.553680 -62.753380 -103.145142
v 157.492004 -62.779099 -102.722412
v 157.430328 -62.804817 -102.299683
v 157.368652 -62.830536 -101.876953
v 157.251770 -62.878143 -101.078125
v 157.196533 -62.900040 -100.702026
v 157.141296 -62.921936 -100.325928
v 157.086075 -62.943832 -99.949829
v 157.030853 -62.965729 -99.573730
v 156.975616 -62.987625 -99.197632
v 156.920380 -63.009521 -98.821533
v 156.819946 -63.047783 -98.139160
v 156.774750 -63.064156 -97.832886
v 156.729553 -63.080528 -97.526611
v 156.684341 -63.096901 -97.220459
v 156.639130 -63.113274 -96.914307
v 156.593933 -63.129646 -96.608032
v 156.548737 -63.146019 -96.301758
v 156.471924 -63.171539 -95.782593
v 156.440323 -63.180687 -95.569580
v 156.408722 -63.189835 -95.356567
v 156.377121 -63.198982 -95.143555
v 156.345520 -63.208130 -94.930542
v 156.313919 -63.217285 -94.717529
v 156.282318 -63.226440 -94.504517
v 156.236298 -63.235809 -94.194946
v 156.221878 -63.236038 -94.098389
v 156.207458 -63.236267 -94.001953
v 156.193039 -63.236488 -93.905396
v 156.178619 -63.236710 -93.808838
v 156.164200 -63.236938 -93.712402
v 156.149780 -63.237167 -93.615967
v 156.102142 -63.236305 -93.402954
v 156.068924 -63.235222 -93.286499
v 156.035706 -63.234138 -93.170044
v 156.002502 -63.233055 -93.053589
v 155.969299 -63.231972 -92.937256
v 155.936081 -63.230888 -92.820801
v 155.902863 -63.229805 -92.704346
v 155.785965 -63.234161 -92.320068
v 155.702271 -63.239601 -92.052124
v 155.618576 -63.245041 -91.784180
v 155.534882 -63.250481 -91.516113
v 155.451172 -63.255920 -91.248047
v 155.367477 -63.261360 -90.980103
v 155.283783 -63.266800 -90.712158
v 155.075882 -63.282845 -90.054932
v 154.951691 -63.293442 -89.665771
v 154.827484 -63.304039 -89.276611
v 154.703293 -63.314636 -88.887329
v 154.579102 -63.325233 -88.498047
v 154.454895 -63.335831 -88.108887
v 154.330688 -63.346420 -87.719727
v 154.051788 -63.371399 -86.850342
v 153.897079 -63.385788 -86.370239
v 153.742371 -63.400177 -85.890137
v 153.587662 -63.414558 -85.410156
v 153.432953 -63.428940 -84.930176
v 153.278259 -63.443329 -84.450073
v 153.123566 -63.457718 -83.969971
v 152.793640 -63.488907 -82.949463
v 152.618408 -63.505714 -82.408936
v 152.443176 -63.522522 -81.868408
v 152.267960 -63.539330 -81.327881
v 152.092743 -63.556137 -80.787354
v 151.917511 -63.572937 -80.246704
v 151.742279 -63.589737 -79.706055
v 151.381317 -63.624405 -78.594849
v 151.195557 -63.642265 -78.024170
v 151.009796 -63.660126 -77.453491
v 150.824051 -63.677986 -76.882812
v 150.638306 -63.695847 -76.312134
v 150.452545 -63.713707 -75.741455
v 150.266785 -63.731567 -75.170654
v 149.894745 -63.766968 -74.029541
v 149.708450 -63.784508 -73.459106
v 149.522156 -63.802048 -72.888672
v 149.335861 -63.819595 -72.318115
v 149.149567 -63.837143 -71.747559
v 148.963287 -63.854683 -71.177124
v 148.777008 -63.872223 -70.606689
v 148.413879 -63.905632 -69.496216
v 148.237045 -63.921494 -68.956299
v 148.060211 -63.937355 -68.416382
v 147.883362 -63.953217 -67.876465
v 147.706512 -63.969078 -67.336548
v 147.529678 -63.984940 -66.796631
v 147.352844 -64.000801 -66.256836
v 142.280563 -65.414116 -54.504150
v 139.668030 -66.641930 -50.224609
v 137.055496 -67.869751 -45.945068
v 134.442963 -69.097565 -41.665527
v 131.830444 -70.325378 -37.385986
v 129.217911 -71.553200 -33.106445
v 126.605377 -72.781021 -28.826904
v 121.941956 -64.496124 -154.188721
v 122.234940 -65.855080 -135.668579
v 122.527924 -67.214035 -117.148438
v 122.820908 -68.572998 -98.628174
v 123.113892 -69.931961 -80.107910
v 123.406876 -71.290916 -61.587769
v 123.699860 -72.649872 -43.067627
v 151.980881 -61.207779 -177.040039
v 147.647751 -61.483406 -176.421265
v 143.314621 -61.759033 -175.802490
v 138.981491 -62.034660 -175.183838
v 134.648361 -62.310287 -174.565186
v 130.315231 -62.585915 -173.946411
v 125.982101 -62.861542 -173.327637
v 146.890625 -64.037865 -64.850220
v 146.605270 -64.059067 -63.983521
v 146.319916 -64.080276 -63.116943
v 146.034546 -64.101479 -62.250244
v 145.749176 -64.122681 -61.383545
v 145.463821 -64.143890 -60.516968
v 145.178467 -64.165100 -59.650391
v 113.987518 -71.730408 -49.200195
v 123.846359 -73.329353 -33.807495
v 107.815582 -59.294571 -145.281006
v 121.795471 -63.816650 -163.448853
v 122.088440 -65.175598 -144.928711
v 122.381439 -66.534561 -126.408447
v 122.674408 -67.893517 -107.888306
v 122.967407 -69.252480 -89.368042
v 123.260376 -70.611435 -70.847900
v 123.553375 -71.970398 -52.327637
v 110.147705 -75.020592 40.646118
vn -0.0070 1.0000 0.0063
vn -0.0067 1.0000 0.0040
vn -0.0207 0.9997 -0.0151
vn 0.0042 0.9998 -0.0172
vn -0.0088 0.9991 -0.0409
vn -0.0015 1.0000 0.0016
vn -0.0062 1.0000 -0.0018
vn -0.0068 1.0000 -0.0029
vn -0.0163 0.9999 -0.0008
vn -0.0010 1.0000 -0.0023
vn -0.0128 0.9998 -0.0182
vn -0.0013 1.0000 -0.0008
vn -0.0145 0.9998 -0.0130
vn -0.0135 0.9986 -0.0503
vn -0.0130 0.9997 -0.0218
vn -0.0181 0.9995 -0.0245
vn -0.0017 1.0000 0.0046
vn -0.0015 1.0000 0.0046
vn -0.0148 0.9999 0.0049
vn -0.0083 0.9997 -0.0221
vn -0.0168 0.9998 0.0045
vn -0.0170 0.9998 0.0044
vn -0.0094 0.9999 -0.0135
vn -0.0112 0.9999 -0.0038
vn -0.0130 0.9998 -0.0170
vn -0.0164 0.9999 -0.0008
vn -0.0158 0.9999 -0.0022
vn -0.0099 0.9999 -0.0136
vn -0.0281 0.9996 -0.0038
vn -0.0314 0.9995 -0.0042
vn 0.0007 0.9998 -0.0185
vn -0.0319 0.9994 -0.0095
vn -0.0316 0.9994 -0.0142
vn -0.0164 0.9995 -0.0262
vn 0.0030 0.9999 -0.0126
vn -0.0305 0.9992 -0.0264
vn -0.0304 0.9992 -0.0264
vn -0.0287 0.9990 -0.0345
vn -0.0091 0.9992 -0.0400
vn 0.0018 0.9997 -0.0239
vn -0.0062 0.9991 -0.0416
vn -0.0093 0.9993 -0.0362
vn -0.0095 0.9993 -0.0362
vn -0.0096 0.9993 -0.0362
vn -0.0193 0.9996 -0.0192
vn -0.0173 0.9997 -0.0143
vn -0.0093 0.9992 -0.0388
vn -0.0128 0.9985 -0.0530
vn 0.0002 1.0000 -0.0030
vn -0.0095 0.9993 -0.0375
vn -0.0142 0.9999 -0.0019
vn -0.0108 0.9989 -0.0457
vn -0.0167 0.9999 0.0009
vn -0.0141 0.9989 -0.0443
vn -0.0142 0.9989 -0.0443
vn -0.0149 0.9996 -0.0258
vn -0.0139 0.9988 -0.0479
vn -0.0137 0.9987 -0.0490
vn -0.0169 0.9999 0.0027
vn -0.0061 1.0000 -0.0018
vn -0.0132 0.9986 -0.0516
vn -0.0108 0.9991 -0.0409
vn -0.0140 0.9997 -0.0198
vn 0.0062 0.9987 -0.0498
vn 0.0068 0.9987 -0.0497
vn -0.0120 0.9996 -0.0248
vn -0.0111 0.9999 -0.0099
vn 0.0048 0.9993 -0.0384
vn 0.0040 0.9994 -0.0348
vn -0.0091 0.9988 -0.0486
vn -0.0093 0.9988 -0.0474
vn -0.0161 0.9999 -0.0036
vn 0.0061 0.9990 -0.0453
vn -0.0080 0.9991 -0.0407
vn -0.0140 0.9988 -0.0465
vn -0.0096 0.9989 -0.0464
vn -0.0124 0.9999 0.0055
vn -0.0165 0.9999 -0.0012
vn -0.0119 0.9999 0.0021
vn -0.0115 0.9999 -0.0010
vn -0.0148 0.9999 -0.0038
vn -0.0172 0.9995 -0.0250
vn -0.0171 0.9997 -0.0148
vn -0.0168 0.9997 -0.0155
vn -0.0163 0.9997 -0.0160
vn -0.0149 0.9998 -0.0157
vn -0.0171 0.9997 -0.0161
vn -0.0019 1.0000 0.0046
vn -0.0093 0.9988 -0.0475
vn -0.0142 0.9990 -0.0419
vn -0.0185 0.9996 -0.0206
vn -0.0146 0.9997 -0.0200
vn -0.0114 0.9999 -0.0028
vn -0.0182 0.9996 -0.0218
vn -0.0166 0.9999 0.0006
vn -0.0068 0.9994 -0.0353
vn -0.0120 0.9996 -0.0246
vn -0.0173 0.9994 -0.0284
vn -0.0097 0.9989 -0.0464
vn -0.0126 0.9997 -0.0229
vn -0.0135 0.9997 -0.0199
vn -0.0160 0.9997 -0.0173
vn -0.0151 0.9998 -0.0149
vn -0.0161 0.9998 -0.0124
vn -0.0000 1.0000 -0.0022
vn -0.0130 0.9990 -0.0417
vn -0.0012 1.0000 -0.0008
vn -0.0169 0.9998 0.0049
vn -0.0065 1.0000 0.0018
vn -0.0063 1.0000 -0.0002
vn -0.0174 0.9998 -0.0138
vn -0.0189 0.9996 -0.0188
vn -0.0008 1.0000 -0.0023
vn -0.0117 0.9999 0.0003
vn -0.0115 0.9999 -0.0011
vn -0.0119 0.9999 0.0020
vn -0.0018 1.0000 0.0046
vn -0.0117 0.9991 -0.0412
vn 0.0008 1.0000 -0.0052
vn -0.0063 0.9992 -0.0401
vn 0.0045 0.9997 -0.0221
vn -0.0160 0.9990 -0.0427
vn -0.0105 0.9999 -0.0098
vn 0.0040 0.9998 -0.0172
vn -0.0136 0.9998 -0.0144
vn -0.0176 0.9996 -0.0237
vn -0.0180 0.9996 -0.0227
vn 0.0035 0.9995 -0.0323
vn -0.0066 0.9993 -0.0378
vn -0.0293 0.9990 -0.0345
vn -0.0311 0.9993 -0.0199
vn -0.0092 0.9992 -0.0400
vn -0.0257 0.9991 -0.0345
vn -0.0064 0.9992 -0.0391
vn -0.0059 0.9990 -0.0446
vn -0.0062 0.9990 -0.0447
vn -0.0196 0.9997 -0.0177
vn -0.0190 0.9997 -0.0176
vn -0.0134 0.9997 -0.0207
vn -0.0164 0.9999 0.0045
vn -0.0170 0.9997 -0.0156
vn -0.0187 0.9997 -0.0175
vn -0.0085 0.9986 -0.0515
vn -0.0088 0.9987 -0.0499
vn -0.0117 0.9985 -0.0527
vn -0.0100 0.9990 -0.0444
vn -0.0142 0.9998 -0.0129
vn -0.0166 0.9998 -0.0135
vn -0.0087 0.9987 -0.0507
vn -0.0157 0.9992 -0.0375
vn -0.0004 0.9999 -0.0127
vn -0.0316 0.9995 -0.0095
vn 0.0028 0.9996 -0.0286
vn 0.0054 0.9991 -0.0414
vn -0.0204 0.9997 -0.0151
vn -0.0067 0.9993 -0.0365
vn -0.0166 0.9997 -0.0164
vn -0.0230 0.9996 -0.0145
vn -0.0167 0.9997 -0.0164
vn -0.0147 0.9997 -0.0169
vn -0.0172 0.9997 -0.0148
vn -0.0139 0.9998 -0.0137
vn -0.0121 0.9999 -0.0036
vn -0.0135 0.9998 -0.0149
vn -0.0133 0.9998 -0.0155
vn -0.0085 0.9993 -0.0352
vn -0.0127 0.9998 -0.0181
vn -0.0199 0.9997 -0.0165
vn -0.0128 0.9997 -0.0195
vn -0.0154 0.9997 -0.0203
vn -0.0075 0.9995 -0.0298
vn -0.0165 0.9993 -0.0328
vn -0.0168 0.9999 0.0027
vn -0.0171 0.9995 -0.0250
vn -0.0201 0.9997 -0.0158
vn -0.0121 0.9999 0.0038
vn 0.0018 1.0000 -0.0085
vn -0.0171 0.9998 -0.0100
vn -0.0198 0.9998 -0.0083
vn -0.0108 0.9999 -0.0083
vn -0.0104 0.9999 -0.0128
vn -0.0100 0.9998 -0.0174
vn -0.0095 0.9997 -0.0217
vn -0.0061 0.9996 -0.0258
vn -0.0078 0.9996 -0.0256
vn -0.0054 0.9997 -0.0259
vn -0.0092 0.9997 -0.0217
vn 0.0002 1.0000 -0.0025
vn -0.0062 0.9996 -0.0293
vn -0.0063 0.9996 -0.0267
vn -0.0066 0.9997 -0.0228
vn -0.0069 0.9998 -0.0178
vn -0.0072 0.9999 -0.0120
vn -0.0074 1.0000 -0.0057
vn -0.0094 0.9998 0.0160
vn -0.0173 0.9998 0.0117
vn -0.0004 0.9999 0.0124
vn -0.0088 1.0000 0.0011
vn -0.0090 1.0000 0.0011
vn -0.0006 0.9998 0.0175
vn -0.0124 0.9999 0.0077
vn 0.0004 1.0000 -0.0085
vn -0.0095 0.9999 0.0143
vn -0.0096 0.9998 0.0202
vn -0.0097 0.9998 0.0192
vn -0.0161 0.9996 0.0247
vn -0.0092 0.9998 0.0160
vn -0.0081 0.9999 0.0105
vn -0.0186 0.9998 -0.0100
vn -0.0185 0.9997 -0.0164
vn -0.0183 0.9996 -0.0194
vn -0.0181 0.9996 -0.0237
vn -0.0173 0.9998 0.0126
vn -0.0159 0.9994 -0.0316
vn 0.0010 0.9996 -0.0293
vn -0.0061 0.9996 -0.0291
vn 0.0009 0.9997 -0.0229
vn 0.0008 0.9998 -0.0192
vn 0.0006 0.9999 -0.0154
vn -0.0094 0.9999 0.0081
vn -0.0176 0.9994 -0.0282
vn -0.0072 1.0000 -0.0057
vn -0.0097 0.9997 0.0229
vn -0.0077 1.0000 -0.0059
vn -0.0007 0.9997 0.0225
vn -0.0000 1.0000 0.0033
vn -0.0173 0.9996 0.0211
vn -0.0174 0.9997 0.0175
vn 0.0010 0.9997 -0.0264
vn -0.0064 1.0000 -0.0055
vn -0.0093 0.9999 0.0081
vn -0.0075 0.9999 0.0106
vn -0.0115 0.9999 0.0104
vn -0.0076 0.9999 0.0111
vn -0.0078 0.9999 0.0116
vn -0.0087 0.9999 0.0120
vn -0.0000 -0.9907 0.1360
vn -0.0098 0.9999 0.0121
vn -0.0028 0.9996 0.0276
vn -0.0051 1.0000 0.0072
vn -0.0098 0.9999 0.0124
vn -0.0052 1.0000 0.0063
vn -0.0099 0.9999 0.0136
vn -0.0064 0.9999 0.0135
vn -0.0057 0.9999 0.0135
vn -0.0056 0.9999 0.0135
vn -0.0115 0.9998 0.0130
vn -0.0091 0.9999 0.0078
vn -0.0053 0.9999 0.0101
vn -0.0150 0.9999 0.0075
vn -0.0027 0.9999 0.0112
vn -0.0095 0.9999 0.0106
vn -0.0113 0.9999 0.0124
vn -0.0026 1.0000 0.0087
vn -0.0114 0.9999 0.0130
vn -0.0152 0.9999 0.0057
vn -0.0150 0.9999 0.0067
vn -0.0054 0.9999 0.0117
vn -0.0054 0.9996 0.0269
vn -0.0155 0.9998 0.0133
vn -0.0158 0.9997 0.0160
vn -0.0059 0.9996 0.0261
vn -0.0169 0.9996 0.0241
vn -0.0172 0.9996 0.0241
vn -0.0097 0.9999 0.0124
vn -0.0055 0.9996 0.0268
vn -0.0026 0.9996 0.0276
vn -0.0025 0.9996 0.0269
vn -0.0134 0.9999 0.0103
vn -0.0113 0.9999 0.0112
vn -0.0112 0.9999 0.0116
vn -0.0104 0.9999 0.0118
vn -0.0112 0.9999 0.0120
vn -0.0112 0.9999 0.0124
vn -0.0098 0.9999 0.0129
vn -0.0118 0.9998 0.0129
vn -0.0138 0.9998 0.0138
vn -0.0031 0.9999 0.0139
vn -0.0193 0.9995 0.0262
vn -0.0168 0.9998 0.0056
vn -0.0165 0.9996 0.0216
vn -0.0090 0.9999 0.0065
vn -0.0091 0.9999 0.0069
vn -0.0092 0.9999 0.0087
vn -0.0098 0.9999 0.0077
vn -0.0036 0.9999 0.0167
vn -0.0161 0.9997 0.0189
vn -0.0041 0.9998 0.0195
vn -0.0153 0.9998 0.0108
vn -0.0045 0.9997 0.0220
vn -0.0049 0.9997 0.0242
vn -0.0112 0.9999 0.0118
vn -0.0057 1.0000 0.0062
vn -0.0054 0.9996 0.0270
vn -0.0147 0.9996 0.0243
vn -0.0052 1.0000 0.0085
vn -0.0000 0.9909 -0.1343
vn -0.0000 0.9906 -0.1370
vn -0.0114 0.9999 -0.0082
vn -0.0189 0.9998 0.0019
vn -0.0223 0.9997 -0.0039
vn -0.0188 0.9998 0.0019
vn -0.0186 0.9998 0.0009
vn -0.0183 0.9998 0.0010
vn -0.0165 0.9999 -0.0008
vn -0.0186 0.9998 -0.0008
vn -0.0204 0.9998 -0.0010
vn -0.0224 0.9997 -0.0016
vn -0.0209 0.9998 -0.0027
vn -0.0210 0.9998 -0.0027
vn -0.0342 0.9993 0.0174
vn -0.0210 0.9998 -0.0041
vn -0.0210 0.9998 -0.0034
vn -0.0170 0.9996 -0.0205
vn -0.0221 0.9998 0.0018
vn -0.0222 0.9997 -0.0045
vn -0.0224 0.9997 -0.0022
vn -0.0210 0.9998 -0.0046
vn -0.0224 0.9997 -0.0033
vn -0.0208 0.9998 -0.0019
vn -0.0070 0.9994 0.0343
vn -0.0344 0.9994 -0.0032
vn -0.0223 0.9998 -0.0003
vn 0.0292 0.9992 0.0275
vn 0.0211 0.9998 -0.0017
vn 0.0102 0.9997 0.0208
vn 0.0107 0.9997 0.0211
vn 0.0111 0.9997 0.0213
vn 0.0111 0.9997 0.0214
vn 0.0110 0.9997 0.0218
vn 0.0109 0.9997 0.0227
vn -0.0041 0.9995 0.0301
vn 0.0036 0.9994 0.0359
vn -0.0433 0.9988 0.0226
vn -0.0032 0.9994 0.0349
vn 0.0040 0.9993 0.0370
vn 0.0097 0.9992 0.0386
vn 0.0051 0.9997 0.0229
vn 0.0112 0.9999 0.0106
vn 0.0104 0.9998 0.0156
vn -0.0032 0.9995 0.0327
vn 0.0027 1.0000 -0.0051
vn -0.0758 0.9971 0.0097
vn -0.0015 1.0000 0.0025
vn 0.0115 0.9999 0.0085
vn 0.0039 0.9994 0.0341
vn -0.0065 0.9994 0.0349
vn -0.0722 0.9973 -0.0123
vn -0.0113 0.9999 -0.0022
vn 0.0077 0.9994 0.0342
vn 0.0052 1.0000 0.0025
vn 0.0078 0.9994 0.0330
vn 0.0010 0.9995 0.0307
vn -0.0030 0.9995 0.0312
vn -0.0012 1.0000 -0.0004
vn 0.0077 0.9994 0.0352
vn -0.0025 1.0000 0.0089
vn -0.0022 0.9999 0.0110
vn -0.0037 0.9997 0.0256
vn 0.0043 1.0000 0.0087
vn -0.0163 0.9996 0.0217
vn 0.0084 0.9995 0.0294
vn 0.0118 0.9999 0.0065
vn 0.0002 0.9994 0.0336
vn 0.0122 0.9999 0.0045
vn -0.0013 1.0000 0.0008
vn 0.0017 0.9991 0.0415
vn 0.0009 0.9995 0.0313
vn 0.0058 1.0000 0.0044
vn 0.0118 0.9998 0.0170
vn -0.0174 0.9994 0.0302
vn -0.0203 0.9992 0.0353
vn 0.0019 0.9999 0.0116
vn 0.0120 0.9999 0.0026
vn 0.0039 0.9994 0.0345
vn 0.0083 0.9993 0.0352
vn -0.0033 0.9994 0.0341
vn -0.0037 0.9994 0.0346
vn 0.0112 0.9997 0.0211
vn 0.0107 0.9997 0.0213
vn 0.0101 0.9997 0.0214
vn 0.0085 0.9997 0.0218
vn 0.0107 0.9996 0.0243
vn -0.0495 0.9985 0.0216
vn 0.0095 0.9994 0.0343
vn 0.0093 0.9993 0.0368
vn -0.0070 0.9994 0.0348
vn 0.0074 0.9994 0.0341
vn 0.0094 0.9995 0.0299
vn 0.0137 0.9999 0.0025
vn 0.0108 0.9997 0.0240
vn 0.0124 0.9999 0.0097
vn 0.0100 0.9999 -0.0033
vn -0.0002 1.0000 -0.0064
vn -0.0384 0.9992 -0.0083
vn -0.0008 1.0000 0.0009
vn 0.0035 1.0000 0.0008
vn -0.0041 0.9992 0.0404
vn -0.0007 1.0000 -0.0026
vn 0.0055 1.0000 0.0064
vn -0.0057 0.9995 0.0297
vn -0.0046 0.9997 0.0231
vn -0.0036 0.9999 0.0160
vn 0.0031 0.9992 0.0390
vn -0.0912 0.9958 0.0073
vn -0.0140 0.9998 0.0163
vn -0.0009 0.9992 0.0409
vn 0.0127 0.9999 0.0023
vn 0.0031 0.9995 0.0329
vn 0.0031 0.9994 0.0331
vn -0.0029 0.9995 0.0304
vn -0.0041 0.9995 0.0306
vn -0.0065 0.9992 0.0406
vn -0.1028 0.9945 0.0177
vn -0.0013 1.0000 0.0009
vn -0.0039 0.9992 0.0388
vn -0.0037 0.9993 0.0371
vn 0.0025 0.9994 0.0358
vn -0.0054 0.9994 0.0333
vn -0.0929 0.9955 0.0195
vn -0.0123 0.9995 0.0293
vn -0.0114 0.9996 0.0247
vn -0.0107 0.9997 0.0211
vn -0.0114 0.9998 0.0189
vn -0.0711 0.9974 0.0149
vn -0.0488 0.9987 0.0176
vn -0.0037 0.9997 0.0257
vn -0.0118 0.9998 0.0187
vn 0.0035 0.9996 0.0289
vn 0.0023 0.9997 0.0246
vn -0.0011 0.9998 0.0210
vn -0.0103 0.9998 0.0193
vn -0.0111 0.9997 0.0230
vn -0.0104 0.9998 0.0188
vn -0.0106 0.9998 0.0188
vn 0.0088 0.9998 0.0197
vn 0.0048 0.9997 0.0249
vn -0.0000 -0.0000 -1.0000
vn 0.0115 0.9997 0.0207
vn 0.0035 0.9994 0.0331
vn 0.0022 0.9992 0.0399
vn -0.0165 0.9991 0.0395
vn -0.0038 0.9991 0.0417
vn -0.0035 0.9990 0.0437
vn -0.0034 0.9991 0.0431
vn -0.0013 0.9990 0.0437
vn -0.0034 0.9991 0.0433
vn -0.0031 0.9991 0.0416
vn -0.0936 0.9955 0.0125
vn -0.0134 0.9993 0.0345
vn -0.0001 0.9997 0.0250
vn 0.0009 0.9998 0.0206
vn 0.0008 0.9998 0.0206
vn -0.0274 0.9995 0.0134
vn -0.0276 0.9995 0.0174
vn -0.0135 0.9993 0.0345
vn -0.0148 0.9991 0.0397
vn 0.0008 0.9991 0.0430
vn -0.0033 0.9991 0.0418
vn -0.0053 0.9991 0.0432
vn -0.0009 0.9996 0.0294
vn -0.0719 0.9972 0.0186
vn -0.0337 0.9991 0.0264
vn -0.0155 0.9991 0.0403
vn -0.0161 0.9997 0.0182
vn -0.0324 0.9994 0.0119
vn -0.0141 0.9997 0.0183
vn -0.0217 0.9995 0.0231
vn -0.0273 0.9995 0.0175
vn -0.0142 0.9997 0.0219
vn -0.0281 0.9994 0.0217
vn -0.0153 0.9995 0.0266
vn -0.0292 0.9992 0.0258
vn -0.0303 0.9991 0.0295
vn -0.0306 0.9991 0.0294
vn -0.0324 0.9990 0.0322
vn -0.0385 0.9988 0.0311
vn -0.0338 0.9989 0.0321
vn -0.0305 0.9990 0.0329
vn -0.0267 0.9995 0.0193
vn -0.0290 0.9991 0.0306
vn -0.0282 0.9994 0.0217
vn -0.0291 0.9992 0.0258
vn -0.0172 0.9994 0.0309
vn -0.0199 0.9992 0.0336
vn -0.0246 0.9991 0.0352
vn -0.0351 0.9989 0.0325
vn -0.0953 0.9953 0.0191
vn -0.0303 0.9990 0.0343
vn -0.0276 0.9994 0.0192
vn -0.0285 0.9994 0.0200
vn -0.0272 0.9993 0.0242
vn -0.0303 0.9993 0.0205
vn -0.0263 0.9994 0.0210
vn 0.4961 -0.0000 0.8682
vn -0.0266 0.9994 0.0223
vn -0.0874 0.9962 0.0050
vn -0.0310 0.9994 0.0172
vn -0.0276 0.9994 0.0191
vn -0.0294 0.9994 0.0180
vn -0.0262 0.9995 0.0194
vn -0.0262 0.9995 0.0201
vn -0.0261 0.9995 0.0201
vn -0.0430 0.9988 0.0214
vn -0.0284 0.9994 0.0190
vn -0.0339 0.9992 0.0210
vn -0.0233 0.9997 0.0090
vn -0.0601 0.9982 -0.0015
vn -0.0295 0.9994 0.0178
vn -0.0404 0.9991 0.0130
vn -0.0322 0.9994 0.0154
vn -0.0240 0.9997 0.0087
vn -0.0282 0.9994 0.0190
vn -0.0239 0.9997 0.0086
vn -0.0260 0.9996 0.0147
vn -0.0273 0.9995 0.0184
vn -0.0277 0.9994 0.0190
vn -0.0279 0.9994 0.0191
vn -0.0824 0.9966 -0.0096
vn -0.0174 0.9998 0.0131
vn -0.0250 0.9996 0.0110
vn -0.0192 0.9996 0.0190
vn -0.0233 0.9993 0.0277
vn -0.0191 0.9995 0.0245
vn -0.0296 0.9993 0.0249
vn -0.0167 0.9997 0.0202
vn -0.0126 0.9998 0.0123
vn 0.0002 1.0000 -0.0027
vn 0.0011 1.0000 -0.0007
vn 0.0067 0.9995 0.0307
vn 0.0116 0.9987 0.0500
vn 0.0016 0.9984 0.0566
vn 0.0188 0.9993 0.0334
vn 0.0190 0.9995 0.0250
vn 0.0064 1.0000 0.0073
vn 0.0199 0.9994 0.0299
vn 0.0224 0.9982 0.0563
vn 0.0445 0.9972 0.0596
vn 0.0359 0.9992 0.0199
vn 0.0294 0.9993 0.0235
vn -0.0156 0.9999 -0.0021
vn -0.0197 0.9993 -0.0332
vn -0.0043 0.9983 -0.0583
vn -0.0124 0.9946 -0.1029
vn -0.0085 0.9968 -0.0797
vn -0.0324 0.9940 -0.1044
vn -0.0174 0.9924 -0.1222
vn -0.0549 0.9950 -0.0832
vn -0.0480 0.9986 -0.0212
vn -0.0337 0.9994 -0.0074
vn -0.0917 0.9922 -0.0840
vn -0.1024 0.9906 -0.0903
vn -0.0723 0.9965 -0.0424
vn 0.0055 0.9992 0.0406
vn 0.0166 0.9987 0.0475
vn -0.0136 0.9997 0.0192
vn -0.0446 0.9990 -0.0063
vn -0.0396 0.9992 -0.0091
vn 0.0391 -0.9992 0.0118
vn -0.0645 0.9970 -0.0416
vn -0.1093 0.9915 -0.0712
vn -0.0413 0.9991 0.0131
vn -0.0373 0.9992 -0.0171
vn -0.0385 0.9991 -0.0202
vn -0.0051 1.0000 -0.0004
vn -0.0011 1.0000 -0.0073
vn -0.0009 1.0000 -0.0060
vn -0.0017 1.0000 0.0026
vn 0.0039 1.0000 -0.0031
vn -0.0020 1.0000 -0.0033
vn 0.0078 1.0000 0.0037
vn -0.0032 0.9969 0.0782
vn 0.0024 0.9994 -0.0357
vn -0.0260 0.9997 -0.0046
vn -0.0190 0.9998 0.0049
vn -0.0663 0.9967 0.0459
vn -0.0145 0.9997 0.0216
vn -0.0106 0.9996 0.0273
vn -0.0107 0.9998 0.0168
vn -0.0120 0.9995 0.0298
vn -0.0096 0.9995 0.0284
vn -0.0125 0.9994 0.0332
vn -0.0072 1.0000 0.0038
vn -0.0190 0.9998 0.0107
vn -0.0203 0.9996 0.0179
vn -0.0208 0.9995 0.0237
vn -0.0216 0.9995 0.0244
vn -0.0223 0.9995 0.0238
vn -0.0221 0.9995 0.0221
vn -0.0214 0.9996 0.0200
vn -0.0196 0.9996 0.0188
vn -0.0414 0.9991 -0.0001
vn 0.0314 0.9995 0.0016
vn -0.0144 0.9998 0.0141
vn -0.0140 0.9997 0.0174
vn -0.0056 0.9997 0.0229
vn -0.0017 0.9996 0.0280
vn -0.0041 0.9996 0.0278
vn -0.0066 0.9998 0.0197
vn 0.0131 0.9998 0.0141
vn 0.0083 0.9996 0.0254
vn 0.0034 0.9996 0.0272
vn -0.0320 0.9988 0.0365
vn -0.0367 0.9989 0.0296
vn -0.0489 0.9983 0.0328
vn -0.0407 0.9991 0.0118
vn -0.0352 0.9993 -0.0120
vn -0.0372 0.9992 0.0117
vn -0.0095 1.0000 0.0005
vn -0.0318 0.9994 0.0162
vn -0.0250 0.9996 0.0156
vn 0.0087 0.9999 -0.0082
vn 0.0107 0.9998 0.0150
vn 0.0153 0.9999 0.0061
vn 0.0095 0.9999 0.0042
vn 0.0059 0.9998 0.0202
vn -0.0302 0.9990 0.0324
vn -0.0058 0.9997 0.0222
vn 0.0301 0.9992 0.0272
vn 0.0366 0.9989 0.0307
vn 0.0381 0.9986 0.0373
vn 0.0492 0.9979 0.0431
vn -0.0233 0.9967 0.0773
vn 0.0182 0.9997 0.0181
vn -0.0221 0.9963 0.0835
vn 0.0172 0.9997 0.0186
vn -0.0049 0.9994 0.0354
vn -0.1211 0.9914 -0.0487
vn -0.1085 0.9938 -0.0258
vn -0.0887 0.9960 -0.0046
vn -0.0348 0.9982 0.0496
vn 0.0021 0.9996 0.0265
vn -0.0469 0.9988 0.0116
vn -0.0724 0.9969 0.0308
vn -0.0869 0.9952 0.0456
vn -0.1031 0.9922 0.0694
vn -0.0618 0.9970 0.0457
vn -0.0142 0.9994 0.0301
vn -0.0501 0.9979 0.0413
vn -0.0494 0.9981 0.0358
vn -0.0530 0.9977 0.0432
vn -0.0714 0.9971 0.0253
vn -0.0450 0.9969 0.0641
vn -0.0335 0.9983 0.0471
vn -0.0579 0.9965 0.0603
vn 0.0468 0.9989 0.0080
vn 0.0013 0.9994 0.0360
vn -0.0000 0.9997 0.0234
vn 0.0363 0.9991 0.0206
vn 0.0308 0.9993 0.0203
vn 0.0192 0.9992 0.0359
vn 0.0263 0.9997 -0.0003
vn 0.0361 0.9991 -0.0203
vn 0.0098 1.0000 -0.0005
vn 0.0058 0.9999 -0.0102
vn 0.0216 0.9985 -0.0501
vn -0.0037 0.9997 -0.0257
vn -0.0129 0.9999 -0.0042
vn -0.0288 0.9968 0.0747
vn 0.0141 0.9996 0.0241
vn 0.0206 0.9992 -0.0337
vn -0.0229 0.9938 0.1086
vn -0.0008 1.0000 -0.0046
vn 0.0032 1.0000 -0.0026
vn -0.0147 0.9999 -0.0070
vn -0.0447 0.9990 0.0027
vn -0.0822 0.9965 0.0119
vn -0.0783 0.9969 0.0125
vn -0.0688 0.9967 0.0422
vn -0.0263 0.9996 0.0094
vn 0.0084 0.9999 -0.0134
vn -0.0058 0.9999 0.0162
vn -0.0278 0.9962 0.0831
vn -0.0440 0.9966 0.0701
vn -0.0342 0.9974 0.0638
vn -0.0327 0.9974 0.0644
vn -0.0000 1.0000 -0.0000
vn -0.0611 0.9950 0.0796
vn 0.0326 0.9994 0.0143
vn 0.0036 1.0000 -0.0026
vn -0.0031 1.0000 -0.0032
vn -0.0086 0.9999 0.0052
vn 0.0663 0.9971 0.0369
vn 0.0753 0.9969 0.0207
vn 0.0803 0.9966 0.0163
vn 0.0433 0.9991 0.0044
vn -0.0123 0.9999 0.0029
vn -0.1051 0.9945 -0.0040
vn -0.1000 0.9944 0.0335
vn -0.0366 0.9981 0.0488
vn 0.0277 0.9996 -0.0025
vn 0.0474 0.9989 -0.0031
vn 0.0086 0.9991 0.0421
vn -0.0026 0.9988 0.0494
vn 0.0206 0.9993 0.0324
vn -0.0396 0.9985 0.0384
vn -0.0166 0.9998 0.0056
vn -0.0275 0.9986 0.0452
vn 0.0180 0.9996 -0.0201
vn 0.0304 0.9995 0.0041
vn 0.0440 0.9990 0.0101
vn 0.0554 0.9984 0.0119
vn 0.0424 0.9990 0.0130
vn 0.0033 0.9998 0.0175
vn 0.0109 0.9998 0.0188
vn 0.0300 0.9995 0.0110
vn 0.0384 0.9989 0.0286
vn 0.0319 0.9940 0.1048
vn 0.0367 0.9944 0.0987
vn 0.0100 0.9953 0.0966
vn 0.0038 0.9985 0.0546
vn -0.0006 1.0000 -0.0024
vn -0.0071 1.0000 0.0016
vn -0.0007 0.9998 -0.0205
vn 0.0171 0.9996 0.0225
vn -0.0215 0.9990 0.0397
vn -0.0054 1.0000 0.0012
vn -0.0083 0.9998 -0.0187
vn 0.0241 0.9994 0.0238
vn -0.0035 0.9997 0.0253
vn -0.0206 0.9996 0.0174
vn -0.0367 0.9991 0.0195
vn -0.0295 0.9992 0.0252
vn -0.0000 0.9999 -0.0139
vn 0.0185 0.9987 -0.0472
vn 0.0059 1.0000 -0.0072
vn -0.0943 0.9911 0.0935
vn -0.0064 0.8933 0.4494
vn -0.0437 0.9682 0.2462
vn -0.3153 0.9457 0.0789
vn -0.0828 0.9401 0.3307
vn -0.0086 0.9866 0.1631
vn -0.0580 0.9177 0.3931
vn -0.0387 0.9747 0.2203
vn -0.0399 0.9741 0.2225
vn -0.0388 0.9744 0.2215
vn 0.3182 0.9442 0.0854
vn -0.1578 0.9866 0.0425
vn -0.0603 0.9411 0.3327
vn -0.0321 0.9834 0.1783
vn 0.0510 0.9974 0.0508
vn 0.0535 0.9980 -0.0345
vn -0.2262 0.9350 0.2732
vn -0.0197 0.9240 -0.3818
vn 0.1925 0.9589 -0.2085
vn 0.0857 0.8794 -0.4684
vn 0.1060 0.8742 -0.4739
vn 0.0163 0.8884 -0.4588
vn 0.0867 0.9111 -0.4030
vn 0.0647 0.9165 -0.3947
vn 0.0490 0.9382 -0.3427
vn 0.0833 0.9335 -0.3487
vn -0.0284 0.9193 -0.3925
vn 0.1385 0.9869 -0.0829
vn 0.0387 0.9858 -0.1634
vn 0.0152 0.9758 -0.2183
vn -0.0604 0.9981 0.0155
vn 0.0809 0.9686 -0.2349
vn -0.0333 0.9624 0.2695
vn -0.0139 0.9996 0.0260
vn -0.0309 0.9686 0.2468
vn -0.0045 0.9804 0.1968
vn -0.0055 0.9925 0.1223
vn -0.0501 0.9881 0.1453
vn -0.0682 0.9676 0.2433
vn -0.0415 0.9119 0.4083
vn -0.0081 0.9991 0.0424
vn 0.0035 0.9989 0.0459
vn -0.0397 0.9986 -0.0343
vn 0.0004 0.9984 0.0558
vn -0.0380 0.9977 0.0556
vn 0.0107 0.9999 -0.0102
vn -0.0260 0.9991 0.0332
vn -0.0927 0.9930 0.0727
vn -0.1461 0.9849 0.0923
vn -0.1674 0.9797 0.1102
vn -0.2256 0.9558 0.1886
vn -0.0247 0.9997 -0.0049
vn -0.0365 0.9990 0.0272
vn -0.0402 0.9992 0.0047
vn -0.0461 0.9987 -0.0222
vn 0.2669 0.9532 -0.1422
vn 0.1334 0.9897 -0.0518
vn 0.0764 0.9971 -0.0063
vn 0.0556 0.9984 0.0124
vn 0.0115 0.9993 0.0369
vn 0.0572 0.9983 0.0105
vn 0.8692 -0.4040 -0.2850
vn -0.0910 0.9947 0.0484
vn -0.1109 0.9925 0.0508
vn -0.1194 0.9924 0.0304
vn -0.1432 0.9897 0.0083
vn -0.0665 0.9215 0.3827
vn 0.0122 0.9541 0.2993
vn -0.0208 0.9771 0.2117
vn -0.0324 0.9905 0.1335
vn -0.0337 0.9959 0.0843
vn -0.0183 0.9995 0.0261
vn 0.1240 -0.9923 -0.0000
vn -0.0034 0.9999 -0.0164
vn 0.0065 0.9991 -0.0429
vn -0.1115 0.9936 -0.0159
vn 0.0118 0.9959 -0.0897
vn 0.0179 0.9948 -0.1001
vn 0.0105 0.9920 -0.1259
vn -0.0613 0.9876 -0.1448
vn 0.0784 0.9803 -0.1812
vn 0.0267 0.9918 -0.1248
vn 0.0067 0.9895 -0.1446
vn 0.0658 0.9753 -0.2108
vn -0.0204 0.9991 0.0381
vn 0.0073 0.9991 0.0416
vn 0.0418 0.9973 0.0611
vn 0.0261 0.9989 0.0389
vn -0.0181 0.9995 -0.0262
vn 0.1092 0.9940 -0.0096
vn -0.0202 0.9983 0.0548
vn -0.0346 0.9727 0.2295
vn -0.0162 0.9945 0.1034
s 0
f 6370//1 6369//1 4773//1
f 6370//2 4772//2 6371//2
f 6423//3 6422//3 4689//3
f 6443//4 4669//4 4668//4
f 4720//5 6397//5 4721//5
f 6379//6 4761//6 4760//6
f 6374//7 4769//7 6375//7
f 6375//8 4768//8 6376//8
f 4745//9 6384//9 4746//9
f 4765//10 6377//10 4766//10
f 6433//11 4679//11 6434//11
f 4763//12 6378//12 4764//12
f 6426//13 6425//13 4688//13
f 4711//14 4710//14 6405//14
f 4676//15 6440//15 6439//15
f 6416//16 4698//16 6417//16
f 6380//17 4757//17 4756//17
f 4756//18 4755//18 6380//18
f 6381//19 4755//19 4754//19
f 6390//20 4736//20 6391//20
f 4753//21 4752//21 6381//21
f 4752//22 4751//22 6381//22
f 4712//14 4711//14 6405//14
f 6389//23 4738//23 6390//23
f 6385//24 4741//24 6386//24
f 6431//25 4680//25 6432//25
f 4747//26 4746//26 6384//26
f 4744//27 6385//27 4745//27
f 6388//28 4738//28 6389//28
f 4743//29 4742//29 6385//29
f 4742//30 4741//30 6385//30
f 4698//31 4697//31 6417//31
f 4740//32 4739//32 6386//32
f 4739//33 4738//33 6388//33
f 6442//34 4673//34 4672//34
f 6444//35 4667//35 4666//35
f 4736//36 4735//36 6391//36
f 4735//37 4734//37 6391//37
f 4733//38 4732//38 6392//38
f 4721//39 6396//39 4722//39
f 4699//40 4698//40 6416//40
f 6398//41 6397//41 4717//41
f 4730//42 4729//42 6393//42
f 4729//43 4728//43 6393//43
f 4728//44 4727//44 6393//44
f 6417//45 4696//45 6418//45
f 4687//46 6427//46 4688//46
f 4724//47 6395//47 4725//47
f 6379//6 4762//6 4761//6
f 4708//48 6407//48 4709//48
f 6447//49 4663//49 4662//49
f 4726//50 6394//50 4727//50
f 4743//51 6385//51 4744//51
f 6400//52 4715//52 6401//52
f 4749//53 4748//53 6383//53
f 4716//54 6398//54 4717//54
f 4715//55 6398//55 4716//55
f 4671//56 6442//56 4672//56
f 4714//57 4713//57 6403//57
f 4713//58 4712//58 6404//58
f 4750//59 4749//59 6382//59
f 6373//60 4769//60 6374//60
f 4709//61 6406//61 4710//61
f 6410//62 4702//62 6411//62
f 4678//63 6438//63 6437//63
f 4707//64 4706//64 6407//64
f 4706//65 4705//65 6407//65
f 6442//66 4670//66 6443//66
f 6387//67 4739//67 6388//67
f 4703//68 4702//68 6410//68
f 4702//69 4701//69 6413//69
f 6404//70 4712//70 6405//70
f 6408//71 4704//71 6409//71
f 6375//72 4769//72 4768//72
f 4705//73 4704//73 6408//73
f 4719//74 6397//74 4720//74
f 4715//75 4714//75 6401//75
f 6402//76 4714//76 6403//76
f 6380//77 4755//77 6381//77
f 6373//78 4770//78 4769//78
f 6382//79 4749//79 6383//79
f 6385//80 6384//80 4745//80
f 6379//6 4763//6 4762//6
f 6376//81 4768//81 4767//81
f 6441//82 4675//82 4674//82
f 4687//83 4686//83 6428//83
f 6429//84 4686//84 4685//84
f 6430//85 4685//85 4684//85
f 4684//86 4683//86 6430//86
f 4683//87 4682//87 6430//87
f 6380//88 4760//88 4759//88
f 6403//89 4713//89 6404//89
f 4717//90 6397//90 4718//90
f 6434//91 4679//91 4678//91
f 6436//92 6435//92 4678//92
f 4765//93 6378//93 6377//93
f 4677//94 6438//94 4678//94
f 6372//95 4771//95 4770//95
f 4748//53 4747//53 6383//53
f 6393//96 6392//96 4730//96
f 4723//47 6395//47 4724//47
f 6441//97 4673//97 6442//97
f 6415//98 4699//98 6416//98
f 6401//99 4714//99 6402//99
f 6440//100 4675//100 6441//100
f 6443//101 4667//101 6444//101
f 4694//102 4693//102 6418//102
f 6445//103 6444//103 4665//103
f 6445//104 4664//104 6446//104
f 6448//105 4662//105 4661//105
f 4718//106 6397//106 4719//106
f 4764//107 6378//107 4765//107
f 4725//50 6394//50 4726//50
f 6370//108 4773//108 4772//108
f 6371//109 4771//109 6372//109
f 6372//110 4770//110 6373//110
f 4688//111 6423//111 4689//111
f 4679//112 6432//112 4680//112
f 4766//113 6377//113 4767//113
f 6383//114 4747//114 6384//114
f 6378//115 4763//115 6379//115
f 6448//105 4661//105 4660//105
f 6379//116 4760//116 6380//116
f 6380//117 4758//117 4757//117
f 6411//118 4702//118 6412//118
f 6446//119 4664//119 4663//119
f 6397//120 6396//120 4721//120
f 6442//121 4671//121 4670//121
f 6412//122 4702//122 6413//122
f 4751//59 4750//59 6382//59
f 6386//123 4739//123 6387//123
f 6443//124 4670//124 4669//124
f 6428//125 4686//125 6429//125
f 4675//126 6440//126 4676//126
f 4676//127 6439//127 4677//127
f 4701//128 4700//128 6414//128
f 6395//129 6394//129 4725//129
f 4734//130 4733//130 6392//130
f 4737//131 4736//131 6390//131
f 4722//132 6396//132 4723//132
f 4732//133 4731//133 6392//133
f 6396//134 6395//134 4723//134
f 6399//135 6398//135 4715//135
f 6400//136 6399//136 4715//136
f 6418//137 4693//137 6419//137
f 4681//138 4680//138 6431//138
f 4677//139 6439//139 6438//139
f 4753//140 6381//140 4754//140
f 4690//141 6420//141 4691//141
f 4681//142 6431//142 4682//142
f 6407//143 6406//143 4709//143
f 6407//144 4705//144 6408//144
f 4707//145 6407//145 4708//145
f 6409//146 4703//146 6410//146
f 6426//147 4688//147 6427//147
f 6424//148 4688//148 6425//148
f 6405//149 4710//149 6406//149
f 6413//150 4701//150 6414//150
f 4696//151 4695//151 6418//151
f 4741//152 4740//152 6386//152
f 4700//153 4699//153 6415//153
f 4704//154 4703//154 6409//154
f 6422//155 6421//155 4689//155
f 4697//31 4696//31 6417//31
f 6380//117 4759//117 4758//117
f 6393//156 4727//156 6394//156
f 4693//157 4692//157 6419//157
f 6424//158 6423//158 4688//158
f 4691//159 6419//159 4692//159
f 4694//160 6418//160 4695//160
f 4689//161 6421//161 4690//161
f 6428//162 6427//162 4687//162
f 4767//163 6377//163 6376//163
f 6429//164 4685//164 6430//164
f 6430//165 4682//165 6431//165
f 4730//166 6392//166 4731//166
f 6433//167 6432//167 4679//167
f 6420//168 6419//168 4691//168
f 6434//169 4678//169 6435//169
f 6436//170 4678//170 6437//170
f 6391//171 4734//171 6392//171
f 6414//172 4700//172 6415//172
f 6371//173 4772//173 4771//173
f 6441//174 4674//174 4673//174
f 6421//175 6420//175 4690//175
f 6381//176 4751//176 6382//176
f 6443//4 4668//4 4667//4
f 6444//35 4666//35 4665//35
f 6445//177 4665//177 4664//177
f 6446//178 4663//178 6447//178
f 6447//179 4662//179 6448//179
f 6448//105 4660//105 4659//105
f 4738//131 4737//131 6390//131
f 4797//180 2524//180 2525//180
f 4796//181 2523//181 2524//181
f 4796//181 2522//181 2523//181
f 4795//182 2521//182 2522//182
f 4794//183 2520//183 2521//183
f 2516//184 2517//184 4793//184
f 2519//185 4793//185 2518//185
f 2518//186 4793//186 2517//186
f 2519//187 2520//187 4794//187
f 4785//188 4784//188 2505//188
f 2515//189 4790//189 2514//189
f 4789//190 2513//190 2514//190
f 4788//191 2512//191 2513//191
f 4787//192 2511//192 2512//192
f 4786//193 2510//193 2511//193
f 2510//193 4786//193 2509//193
f 4785//194 2508//194 2509//194
f 2496//195 2497//195 4776//195
f 4775//196 4774//196 2494//196
f 4782//197 2501//197 4783//197
f 2505//198 4784//198 2504//198
f 2504//199 4784//199 2503//199
f 4781//200 2500//200 4782//200
f 2494//201 4773//201 6369//201 6368//201
f 4786//202 4785//202 2509//202
f 2500//203 2501//203 4782//203
f 2497//204 2498//204 4777//204
f 2499//205 2500//205 4781//205
f 4779//206 4778//206 2499//206
f 2496//207 4776//207 2495//207
f 2495//208 4775//208 2494//208
f 4797//209 4796//209 2524//209
f 4796//210 4795//210 2522//210
f 4795//211 4794//211 2521//211
f 4793//212 2519//212 4794//212
f 4776//213 4775//213 2495//213
f 4791//214 2515//214 4792//214
f 4790//215 2515//215 4791//215
f 2515//216 2516//216 4792//216
f 4789//217 4788//217 2513//217
f 4788//218 4787//218 2512//218
f 4787//219 4786//219 2511//219
f 2501//220 2502//220 4783//220
f 4792//221 2516//221 4793//221
f 2507//222 2508//222 4785//222
f 2498//223 2499//223 4778//223
f 2506//224 4785//224 2505//224
f 4780//225 2499//225 4781//225
f 4779//225 2499//225 4780//225
f 4784//226 4783//226 2503//226
f 4777//227 2498//227 4778//227
f 4776//228 2497//228 4777//228
f 4790//229 4789//229 2514//229
f 2507//230 4785//230 2506//230
f 4774//196 4773//196 2494//196
f 2503//231 4783//231 2502//231
f 6367//232 2494//232 6368//232
f 6367//233 2492//233 2493//233
f 6366//234 2492//234 6367//234
f 6365//235 2491//235 6366//235
f 6364//236 2490//236 6365//236
f 2540//237 2529//237 2530//237
f 2489//238 6363//238 6362//238
f 2457//239 2458//239 6343//239
f 2472//240 2473//240 6355//240
f 2488//241 6362//241 6361//241
f 2471//242 2472//242 6354//242
f 6359//243 2483//243 6360//243
f 6359//244 2481//244 2482//244
f 2481//245 6359//245 2480//245
f 2480//246 6359//246 2479//246
f 6360//247 2484//247 2485//247
f 6355//248 2474//248 6356//248
f 2477//249 6357//249 2476//249
f 2476//249 6357//249 2475//249
f 2466//250 2467//250 6351//250
f 6350//251 2466//251 6351//251
f 6358//252 6357//252 2477//252
f 6361//253 2486//253 2487//253
f 6352//254 6351//254 2467//254
f 6360//255 2485//255 2486//255
f 2469//256 6354//256 2468//256
f 2468//257 6353//257 2467//257
f 2478//258 6358//258 2477//258
f 6343//259 6342//259 2456//259
f 2465//260 6348//260 2464//260
f 2464//261 6347//261 2463//261
f 2473//240 2474//240 6355//240
f 6341//262 6340//262 2455//262
f 2461//263 6344//263 2460//263
f 2460//264 6344//264 2459//264
f 6359//265 6358//265 2479//265
f 6342//266 6341//266 2456//266
f 2457//267 6343//267 2456//267
f 2456//268 6341//268 2455//268
f 6367//269 2493//269 2494//269
f 6366//270 2491//270 2492//270
f 6365//271 2490//271 2491//271
f 6364//272 6363//272 2490//272
f 2488//273 2489//273 6362//273
f 2487//274 2488//274 6361//274
f 6361//275 6360//275 2486//275
f 6360//276 2483//276 2484//276
f 6359//277 2482//277 2483//277
f 6349//278 6348//278 2465//278
f 2458//279 2459//279 6343//279
f 2470//280 6354//280 2469//280
f 2461//281 2462//281 6345//281
f 6354//282 2472//282 6355//282
f 6354//283 6353//283 2468//283
f 6357//284 6356//284 2475//284
f 6353//285 6352//285 2467//285
f 6348//286 6347//286 2464//286
f 2478//258 2479//258 6358//258
f 2462//287 2463//287 6346//287
f 6347//288 6346//288 2463//288
f 2466//289 6349//289 2465//289
f 6345//290 2462//290 6346//290
f 6344//291 2461//291 6345//291
f 6350//251 6349//251 2466//251
f 6363//292 2489//292 2490//292
f 2470//293 2471//293 6354//293
f 6344//294 6343//294 2459//294
f 6340//295 6339//295 2455//295
f 2474//296 2475//296 6356//296
f 2529//297 2541//297 2542//297
f 2529//298 2540//298 2541//298
f 2543//299 4797//299 2525//299
f 2543//300 4798//300 4797//300
f 2549//301 4809//301 2548//301
f 4799//302 2543//302 4800//302
f 4800//303 2544//303 4801//303
f 4801//304 2544//304 4802//304
f 4802//305 2545//305 4803//305
f 4803//306 2545//306 4804//306
f 4804//307 2545//307 4805//307
f 2545//308 2546//308 4805//308
f 4806//309 2547//309 4807//309
f 4807//310 2547//310 4808//310
f 3818//311 3819//311 2551//311 2552//311
f 4809//312 2549//312 4810//312
f 4809//313 4808//313 2548//313
f 4812//314 4811//314 3819//314 3820//314
f 2543//315 2544//315 4800//315
f 2549//316 2550//316 4810//316
f 4799//300 4798//300 2543//300
f 2546//317 2547//317 4806//317
f 4811//318 4810//318 2550//318
f 2547//319 2548//319 4808//319
f 4805//320 2546//320 4806//320
f 2849//321 2850//321 2454//321 2455//321
f 4811//322 2550//322 2551//322 3819//322
f 2544//323 2545//323 4802//323
f 6339//324 6338//324 2849//324 2455//324
f 6338//325 6337//325 2847//325 2848//325
f 2413//326 2903//326 2904//326
f 2414//327 2902//327 2903//327
f 2415//328 2902//328 2414//328
f 2416//329 2901//329 2415//329
f 2417//330 2900//330 2416//330
f 2417//331 2418//331 2899//331
f 2442//332 2869//332 2870//332
f 2453//333 2853//333 2854//333
f 2419//334 2895//334 2896//334
f 2420//335 2894//335 2895//335
f 2421//336 2893//336 2894//336
f 2422//337 2893//337 2421//337
f 2418//338 2898//338 2899//338
f 2439//339 2440//339 2876//339
f 2440//340 2441//340 2874//340
f 2447//341 2448//341 2865//341
f 2885//342 2886//342 2430//342
f 2441//343 2872//343 2873//343
f 2428//344 2429//344 2888//344
f 2877//345 2438//345 2439//345
f 2444//346 2866//346 2867//346
f 2893//347 2423//347 2424//347
f 2431//348 2883//348 2884//348
f 2431//349 2882//349 2883//349
f 2443//350 2444//350 2867//350
f 2879//351 2880//351 2436//351
f 2442//352 2443//352 2868//352
f 2442//353 2868//353 2869//353
f 2448//354 2449//354 2864//354
f 2880//355 2433//355 2434//355
f 2866//356 2444//356 2445//356
f 2427//357 2428//357 2889//357
f 2874//358 2875//358 2440//358
f 2419//359 2897//359 2898//359
f 2876//360 2877//360 2439//360
f 2441//361 2870//361 2871//361
f 2441//362 2442//362 2870//362
f 2878//363 2437//363 2438//363
f 2454//364 2851//364 2852//364
f 2879//365 2436//365 2437//365
f 2881//366 2432//366 2433//366
f 2451//367 2855//367 2856//367
f 2449//368 2863//368 2864//368
f 2878//369 2879//369 2437//369
f 2889//370 2890//370 2427//370
f 2450//371 2861//371 2862//371
f 2450//372 2858//372 2859//372
f 2440//373 2875//373 2876//373
f 2429//374 2887//374 2888//374
f 2865//375 2866//375 2447//375
f 2866//376 2445//376 2446//376
f 2453//377 2454//377 2852//377
f 2866//378 2446//378 2447//378
f 2413//379 2414//379 2903//379
f 2415//380 2901//380 2902//380
f 2416//381 2900//381 2901//381
f 2417//382 2899//382 2900//382
f 2418//383 2419//383 2898//383
f 2419//384 2896//384 2897//384
f 2419//385 2420//385 2895//385
f 2420//386 2421//386 2894//386
f 2422//387 2423//387 2893//387
f 2892//388 2893//388 2424//388
f 2891//389 2892//389 2425//389
f 2880//390 2434//390 2435//390
f 2890//391 2891//391 2426//391
f 2428//392 2888//392 2889//392
f 2430//393 2886//393 2887//393
f 2430//394 2431//394 2885//394
f 2431//395 2884//395 2885//395
f 2881//396 2882//396 2432//396
f 2880//397 2881//397 2433//397
f 2450//398 2451//398 2858//398
f 2429//399 2430//399 2887//399
f 2877//400 2878//400 2438//400
f 2892//401 2424//401 2425//401
f 2891//402 2425//402 2426//402
f 2890//403 2426//403 2427//403
f 2452//404 2854//404 2855//404
f 2441//405 2871//405 2872//405
f 2441//406 2873//406 2874//406
f 2451//407 2856//407 2857//407
f 2880//408 2435//408 2436//408
f 2443//409 2867//409 2868//409
f 2448//410 2864//410 2865//410
f 2863//411 2449//411 2450//411
f 2862//412 2863//412 2450//412
f 2451//413 2857//413 2858//413
f 2450//414 2859//414 2860//414
f 2882//415 2431//415 2432//415
f 2451//416 2452//416 2855//416
f 2452//417 2453//417 2854//417
f 2453//418 2852//418 2853//418
f 2454//419 2850//419 2851//419
f 2450//420 2860//420 2861//420
f 2403//421 2913//421 2402//421
f 2404//422 2912//422 2403//422
f 2405//423 2911//423 2404//423
f 2405//424 2909//424 2910//424
f 2406//425 2908//425 2909//425
f 2406//426 2907//426 2908//426
f 2906//427 2907//427 2406//427
f 2410//428 2905//428 2409//428
f 2403//429 2912//429 2913//429
f 2404//430 2911//430 2912//430
f 2405//431 2910//431 2911//431
f 2405//432 2406//432 2909//432
f 2407//433 2906//433 2406//433
f 2408//434 2905//434 2407//434
f 2408//435 2409//435 2905//435
f 2410//436 2904//436 2905//436
f 2905//437 2906//437 2407//437
f 2411//438 2410//438 2409//438
f 2904//439 2412//439 2413//439
f 2913//440 2914//440 2402//440
f 2915//441 2400//441 2914//441
f 2915//442 2398//442 2399//442
f 2915//443 2397//443 2398//443
f 2393//444 2394//444 2917//444
f 2396//445 2916//445 2395//445
f 2395//445 2916//445 2394//445
f 2916//446 2917//446 2394//446
f 2393//447 2918//447 2392//447
f 2919//448 2391//448 2392//448
f 2921//449 2391//449 2920//449
f 2914//450 2401//450 2402//450
f 2923//451 2388//451 2389//451
f 2924//452 2386//452 2387//452
f 2923//451 2389//451 2390//451
f 2924//453 2387//453 2388//453
f 2924//454 2384//454 2385//454
f 2925//455 2383//455 2384//455
f 2914//456 2400//456 2401//456
f 2915//457 2399//457 2400//457
f 2916//458 2396//458 2915//458
f 2396//459 2397//459 2915//459
f 2918//460 2393//460 2917//460
f 2922//461 2390//461 2391//461
f 2919//462 2920//462 2391//462
f 2921//463 2922//463 2391//463
f 2918//464 2919//464 2392//464
f 2923//465 2924//465 2388//465
f 2924//466 2385//466 2386//466
f 2924//467 2925//467 2384//467
f 2922//468 2923//468 2390//468
f 2925//469 2382//469 2383//469
f 2926//470 2382//470 2925//470
f 2926//471 2380//471 2381//471
f 2927//472 2380//472 2926//472
f 2927//473 2378//473 2379//473
f 2928//474 2377//474 2378//474
f 2928//475 2376//475 2377//475
f 2929//476 2375//476 2376//476
f 2929//477 2374//477 2375//477
f 2374//478 2929//478 2373//478
f 2373//479 2929//479 2372//479
f 2363//480 2364//480 2942//480
f 2932//481 2370//481 2371//481
f 2926//482 2381//482 2382//482
f 2927//483 2379//483 2380//483
f 2927//484 2928//484 2378//484
f 2928//485 2929//485 2376//485
f 2929//486 2930//486 2372//486
f 2931//487 2371//487 2930//487
f 2931//488 2932//488 2371//488
f 2371//489 2372//489 2930//489
f 2941//490 2942//490 2365//490
f 2940//491 2941//491 2367//491
f 2938//492 2369//492 2370//492
f 2939//493 2940//493 2368//493
f 2940//494 2367//494 2368//494
f 2935//495 2932//495 2931//495
f 2939//496 2368//496 2369//496
f 2937//497 2370//497 2936//497
f 2942//498 2361//498 2362//498
f 2943//499 2361//499 2942//499
f 2942//500 2362//500 2363//500
f 2942//501 2364//501 2365//501
f 2941//502 2365//502 2366//502
f 2941//503 2366//503 2367//503
f 2937//504 2938//504 2370//504
f 2943//505 2360//505 2361//505
f 2938//506 2939//506 2369//506
f 2354//507 2949//507 2950//507
f 2355//508 2948//508 2949//508
f 2944//509 2945//509 2357//509
f 2947//510 2356//510 2946//510
f 2946//511 2356//511 2945//511
f 2950//512 2353//512 2354//512
f 2359//513 2943//513 2944//513
f 2354//514 2355//514 2949//514
f 2356//515 2947//515 2355//515
f 2356//516 2357//516 2945//516
f 2358//499 2944//499 2357//499
f 2358//517 2359//517 2944//517
f 2359//518 2360//518 2943//518
f 2947//519 2948//519 2355//519
f 2951//520 2353//520 2950//520
f 2951//521 2352//521 2353//521
f 2342//522 2343//522 2344//522 2345//522 2346//522 2347//522 2348//522 2350//522 2351//522 2352//522 2951//522 2952//522 2953//522 2954//522
f 2332//523 2333//523 2334//523 2335//523 2336//523 2337//523 2338//523 2339//523 2340//523 2341//523 2955//523 2956//523 2957//523
f 2341//524 2342//524 2954//524 2955//524
f 2963//525 2326//525 2327//525 2328//525 2329//525 2330//525 2331//525 2332//525 2957//525 2958//525 2959//525 2960//525 2961//525 2962//525
f 2318//526 2319//526 2320//526 2321//526 2322//526 2325//526 2326//526 2963//526 2964//526 2965//526
f 2969//527 2311//527 2312//527 2313//527 2314//527 2315//527 2316//527 2317//527 2318//527 2965//527 2966//527 2967//527 2968//527
f 5561//528 5560//528 5559//528 5558//528 5557//528 5556//528 5555//528 5554//528 5553//528 5552//528 5551//528 5550//528 5549//528 5548//528 5547//528 2288//528 2289//528 2290//528 2291//528 2292//528 2293//528 2294//528 2295//528 2296//528 2297//528 2298//528 2299//528 2300//528 2301//528 2302//528 2303//528 2304//528 2305//528 2306//528 2307//528 2308//528
f 5547//529 5546//529 5545//529 5544//529 5543//529 5542//529 5541//529 5540//529 5539//529 5538//529 5537//529 5536//529 5535//529 5534//529 5533//529 5532//529 5531//529 5530//529 2276//529 2277//529 2278//529 2279//529 2280//529 2281//529 2282//529 2283//529 2284//529 2285//529 2286//529 2287//529 2288//529
f 5530//530 5529//530 5528//530 5527//530 5526//530 5525//530 5524//530 5523//530 5522//530 5521//530 5520//530 5519//530 5518//530 5517//530 4420//530 2263//530 2264//530 2265//530 2266//530 2267//530 2268//530 2269//530 2270//530 2271//530 2272//530 2273//530 2274//530 2275//530 2276//530
f 4427//531 2256//531 2257//531 2258//531 2259//531 2260//531 2261//531 2262//531 2263//531 4420//531 4421//531 4422//531 4423//531 4424//531 4425//531 4426//531
f 4438//532 2251//532 2252//532 2253//532 2254//532 2255//532 2256//532 4427//532 4428//532 4429//532 4430//532 4431//532 4432//532 4433//532 4434//532 4435//532 4436//532 4437//532
f 4452//533 2239//533 2240//533 2241//533 2242//533 2243//533 2244//533 2245//533 2246//533 2247//533 2248//533 2249//533 2250//533 2251//533 4438//533 4439//533 4440//533 4441//533 4442//533 4443//533 4444//533 4445//533 4446//533 4447//533 4448//533 4449//533 4450//533 4451//533
f 4467//534 2223//534 2224//534 2225//534 2226//534 2227//534 2228//534 2229//534 2230//534 2231//534 2232//534 2233//534 2234//534 2235//534 2236//534 2237//534 2238//534 2239//534 4452//534 4453//534 4454//534 4455//534 4456//534 4457//534 4458//534 4459//534 4460//534 4461//534 4462//534 4463//534 4464//534 4465//534 4466//534
f 4493//535 2207//535 2208//535 2209//535 2210//535 2211//535 2212//535 2213//535 2214//535 2215//535 2216//535 2217//535 2218//535 2219//535 2220//535 2221//535 2222//535 2223//535 4467//535 4468//535 4469//535 4470//535 4471//535 4472//535 4473//535 4474//535 4475//535 4476//535 4477//535 4478//535 4479//535 4480//535 4481//535 4482//535 4483//535 4484//535 4485//535 4486//535 4487//535 4488//535 4489//535 4490//535 4491//535 4492//535
f 4521//536 2182//536 2183//536 2184//536 2185//536 2186//536 2187//536 2188//536 2189//536 2190//536 2191//536 2192//536 2193//536 2194//536 2195//536 2196//536 2197//536 2198//536 2199//536 2200//536 2201//536 2202//536 2203//536 2204//536 2205//536 2206//536 2207//536 4493//536 4494//536 4495//536 4496//536 4497//536 4498//536 4499//536 4500//536 4501//536 4502//536 4503//536 4504//536 4505//536 4506//536 4507//536 4508//536 4509//536 4510//536 4511//536 4512//536 4513//536 4514//536 4515//536 4516//536 4517//536 4518//536 4519//536 4520//536
f 4537//537 2158//537 2159//537 2160//537 2161//537 2162//537 2163//537 2164//537 2165//537 2166//537 2167//537 2168//537 2169//537 2170//537 2171//537 2172//537 2173//537 2174//537 2175//537 2176//537 2177//537 2178//537 2179//537 2180//537 2181//537 2182//537 4521//537 4522//537 4523//537 4524//537 4525//537 4526//537 4527//537 4528//537 4529//537 4530//537 4531//537 4532//537 4533//537 4534//537 4535//537 4536//537
f 4558//538 2147//538 2148//538 2149//538 2150//538 2151//538 2152//538 2153//538 2154//538 2155//538 2156//538 2157//538 2158//538 4537//538 4538//538 4539//538 4540//538 4541//538 4542//538 4543//538 4544//538 4545//538 4546//538 4547//538 4548//538 4549//538 4550//538 4551//538 4552//538 4553//538 4554//538 4555//538 4556//538 4557//538
f 5517//539 5516//539 5515//539 5514//539 5513//539 5512//539 5511//539 5510//539 5509//539 5508//539 5507//539 5506//539 5505//539 5504//539 5503//539 5502//539 5501//539 5500//539 5499//539 5498//539 5497//539 5496//539 5495//539 5494//539 5493//539 5492//539 5491//539 5490//539 5489//539 5488//539 5487//539 5486//539 5485//539 5484//539 5483//539 5482//539 5481//539 5480//539 4386//539 4387//539 4388//539 4389//539 4390//539 4391//539 4392//539 4393//539 4394//539 4395//539 4396//539 4397//539 4398//539 4399//539 4400//539 4401//539 4402//539 4403//539 4404//539 4405//539 4406//539 4407//539 4408//539 4409//539 4410//539 4411//539 4412//539 4413//539 4414//539 4415//539 4416//539 4417//539 4418//539 4419//539 4420//539
f 4386//540 5480//540 5479//540 5478//540 5477//540 4378//540 4379//540 4380//540 4381//540 4384//540 4385//540
f 2847//541 6337//541 6336//541 6335//541 6334//541 6333//541 6332//541 6331//541 6330//541 6329//541 6328//541 6327//541 6326//541 6325//541 6324//541 6323//541 6322//541 6321//541 6320//541 6319//541 6318//541 6317//541 6316//541 6315//541 6314//541 6313//541 2820//541 2821//541 2822//541 2823//541 2824//541 2825//541 2826//541 2827//541 2828//541 2829//541 2830//541 2831//541 2832//541 2833//541 2834//541 2835//541 2836//541 2837//541 2838//541 2839//541 2840//541 2841//541 2842//541 2843//541 2844//541 2845//541 2846//541
f 6313//542 6312//542 6311//542 6310//542 6309//542 6308//542 6307//542 6306//542 6305//542 6304//542 6303//542 6302//542 6301//542 6300//542 6299//542 6298//542 6297//542 4092//542 2798//542 2799//542 2800//542 2801//542 2802//542 2803//542 2804//542 2805//542 2806//542 2807//542 2808//542 2809//542 2810//542 2811//542 2812//542 2813//542 2814//542 2815//542 2816//542 2817//542 2818//542 2819//542 2820//542
f 4109//543 2790//543 2791//543 2792//543 2793//543 2794//543 2795//543 2796//543 2797//543 2798//543 4092//543 4093//543 4094//543 4095//543 4096//543 4097//543 4098//543 4099//543 4100//543 4101//543 4102//543 4103//543 4104//543 4105//543 4106//543 4107//543 4108//543
f 4115//544 2784//544 2785//544 2786//544 2787//544 2788//544 2789//544 2790//544 4109//544 4110//544 4111//544 4112//544 4113//544 4114//544
f 4129//545 2778//545 2779//545 2780//545 2781//545 2782//545 2783//545 2784//545 4115//545 4116//545 4117//545 4118//545 4119//545 4120//545 4121//545 4122//545 4123//545 4124//545 4125//545 4126//545 4127//545 4128//545
f 4143//546 2767//546 2768//546 2769//546 2770//546 2771//546 2772//546 2773//546 2774//546 2775//546 2776//546 2777//546 2778//546 4129//546 4130//546 4131//546 4132//546 4133//546 4134//546 4135//546 4136//546 4137//546 4138//546 4139//546 4140//546 4141//546 4142//546
f 2766//547 2767//547 4143//547 4144//547 4145//547
f 1197//548 1198//548 1199//548 1200//548 1201//548 1202//548 1203//548 1204//548 1205//548 1206//548 1207//548 1208//548 1209//548 1210//548 1211//548 2765//548 2766//548 4145//548 4146//548 4147//548 4148//548 4149//548 4150//548 4151//548 4152//548 4153//548 4154//548 4155//548 4156//548 4157//548 4158//548
f 4169//549 1190//549 1191//549 1192//549 1193//549 1194//549 1195//549 1196//549 1197//549 4158//549 4159//549 4160//549 4161//549 4162//549 4163//549 4164//549 4165//549 4166//549 4167//549 4168//549
f 4183//550 1180//550 1181//550 1182//550 1183//550 1184//550 1185//550 1186//550 1187//550 1188//550 1189//550 1190//550 4169//550 4170//550 4171//550 4172//550 4173//550 4174//550 4175//550 4176//550 4177//550 4178//550 4179//550 4180//550 4181//550 4182//550
f 4191//551 1174//551 1175//551 1176//551 1177//551 1178//551 1179//551 1180//551 4183//551 4184//551 4185//551 4186//551 4187//551 4188//551 4189//551 4190//551
f 1173//552 1174//552 4191//552 4192//552
f 4198//553 1168//553 1169//553 1170//553 1171//553 1172//553 1173//553 4192//553 4193//553 4194//553 4195//553 4196//553 4197//553
f 4219//554 1156//554 1157//554 1158//554 1159//554 1160//554 1161//554 1162//554 1163//554 1164//554 1165//554 1166//554 1167//554 1168//554 4198//554 4199//554 4200//554 4201//554 4202//554 4203//554 4204//554 4205//554 4206//554 4207//554 4208//554 4209//554 4210//554 4211//554 4212//554 4213//554 4214//554 4215//554 4216//554 4217//554 4218//554
f 4219//555 1152//555 1153//555 1154//555 1155//555 1156//555
f 4225//556 1145//556 1146//556 1147//556 1148//556 1152//556 4219//556 4220//556 4221//556 4222//556 4223//556 4224//556
f 4237//557 1139//557 1140//557 1141//557 1142//557 1143//557 1144//557 1145//557 4225//557 4226//557 4227//557 4228//557 4229//557 4230//557 4231//557 4232//557 4233//557 4234//557 4235//557 4236//557
f 4832//558 4831//558 4830//558 4829//558 4828//558 4827//558 4826//558 4825//558 4824//558 4823//558 4822//558 4821//558 4820//558 4819//558 4818//558 4817//558 4816//558 4815//558 4814//558 4813//558 4812//558 3820//558 3821//558 3822//558 3823//558 3824//558 3825//558 3826//558 3827//558 3828//558
f 4847//559 3847//559 3846//559 3845//559 3844//559 3843//559 3842//559 3841//559 3840//559 3839//559 3838//559 3837//559 3836//559 3835//559 3834//559 3833//559 3832//559 3831//559 3830//559 3829//559 3828//559 4832//559 4833//559 4834//559 4835//559 4836//559 4837//559 4838//559 4839//559 4840//559 4841//559 4842//559 4843//559 4844//559 4845//559 4846//559
f 3828//560 3829//560 3830//560 3831//560 3832//560 3833//560 3834//560 3835//560 3836//560 3837//560 3838//560 3839//560 3840//560 3841//560 3842//560 3843//560 3844//560 3845//560 3846//560 3847//560 3848//560 3849//560 3850//560 3851//560 3852//560 3853//560 3854//560 3855//560 3856//560 3857//560 3858//560 3859//560 3860//560 3861//560 4861//560 4860//560 4859//560 4858//560 4857//560 4856//560 4855//560 4854//560 4853//560 4852//560 4851//560 4850//560 4849//560 4848//560 4847//560 4846//560 4845//560 4844//560 4843//560 4842//560 4841//560 4840//560 4839//560 4838//560 4837//560 4836//560 4835//560 4834//560 4833//560 4832//560
f 4873//561 4872//561 4871//561 4870//561 4869//561 4868//561 4867//561 4866//561 4865//561 4864//561 4863//561 4862//561 4861//561 3861//561 3862//561 3863//561 3864//561 3865//561 3866//561 3867//561 3868//561 3869//561 3870//561 3871//561 3872//561 3873//561 3874//561 3875//561
f 2565//562 3812//562 3813//562 3814//562 3815//562 3816//562 3817//562 3818//562 2552//562 2553//562 2554//562 2555//562 2556//562 2557//562 2558//562 2559//562 2560//562 2561//562 2562//562 2563//562 2564//562
f 2565//563 2568//563 2569//563 2570//563 2571//563 2572//563 2573//563 3811//563 3812//563
f 2578//564 3809//564 3810//564 3811//564 2573//564 2574//564 2575//564 2576//564 2577//564
f 2587//565 3799//565 3800//565 3801//565 3802//565 3803//565 3804//565 3805//565 3806//565 3807//565 3808//565 3809//565 2578//565 2579//565 2580//565 2581//565 2582//565 2583//565 2584//565 2585//565 2586//565
f 2588//566 3796//566 3797//566 3798//566 3799//566 2587//566
f 3796//567 2588//567 2589//567
f 3796//568 2589//568 2590//568 2591//568 2592//568 2593//568 2594//568 2595//568 2596//568 3788//568 3789//568 3790//568 3791//568 3792//568 3795//568
f 2596//569 2597//569 2598//569 2599//569 3786//569 3787//569 3788//569
f 3786//570 2599//570 2600//570 2601//570 2602//570 2603//570 2604//570 2605//570 2606//570 2607//570 2608//570 2609//570 2610//570 3777//570 3778//570 3779//570 3780//570 3781//570 3782//570 3783//570 3784//570 3785//570
f 3777//571 2610//571 2611//571 2612//571 2613//571 2614//571 2615//571 2616//571 2617//571 2618//571 2619//571 2620//571 2621//571 2622//571 3771//571 3772//571 3773//571 3774//571 3775//571 3776//571
f 3771//572 2622//572 2623//572 2624//572 2625//572 2626//572 2627//572 2628//572 2629//572 2630//572 2631//572 2632//572 2633//572 2634//572 3760//572 3761//572 3762//572 3763//572 3764//572 3765//572 3766//572 3767//572 3768//572 3769//572 3770//572
f 4078//573 4079//573 4080//573 4081//573 4082//573 4083//573 4084//573 4085//573 4086//573 4087//573 4088//573 4089//573 4090//573 4091//573 4092//573 6297//573 6296//573 6295//573 6294//573
f 4063//574 4064//574 4065//574 4066//574 4067//574 4068//574 4069//574 4070//574 4071//574 4072//574 4073//574 4074//574 4075//574 4076//574 4077//574 4078//574 6294//574 6293//574 6292//574 6291//574 6290//574 6289//574 6288//574 6287//574 6286//574 6285//574 6284//574
f 4051//575 4052//575 4053//575 4054//575 4055//575 4056//575 4057//575 4058//575 4059//575 4060//575 4061//575 4062//575 4063//575 6284//575 6283//575 6282//575 6281//575 6280//575 6279//575 6278//575 6277//575 6276//575 6275//575 6274//575
f 4027//576 4028//576 4029//576 4030//576 4031//576 4032//576 4033//576 4034//576 4035//576 4036//576 4037//576 4038//576 4039//576 4040//576 4041//576 4042//576 4043//576 4044//576 4045//576 4046//576 4047//576 4048//576 4049//576 4050//576 4051//576 6274//576 6273//576 6272//576 6271//576 6270//576 6269//576 6268//576 6267//576 6266//576 6265//576 6264//576 6263//576 6262//576 6261//576 6260//576 6259//576 6258//576 6257//576
f 1758//577 1759//577 1760//577 1761//577 1762//577 1763//577 1764//577 5011//577 5010//577 5009//577 1757//577
f 5320//578 5018//578 5017//578 5016//578 5015//578 5014//578 5013//578 5012//578 1767//578 5323//578 5322//578 5321//578
f 5012//579 5011//579 1764//579 1767//579
f 5326//580 5325//580 5324//580 5323//580 1767//580 1768//580 1769//580 1770//580 1771//580 1772//580 1773//580 1774//580 1775//580
f 5320//581 5319//581 5318//581 5317//581 5316//581 5315//581 5314//581 5313//581 5312//581 5311//581 5310//581 5309//581 5034//581 5033//581 5032//581 5031//581 5030//581 5029//581 5028//581 5027//581 5026//581 5025//581 5024//581 5023//581 5022//581 5021//581 5020//581 5019//581 5018//581
f 1775//582 1776//582 1777//582 1778//582 1779//582 1780//582 1781//582 1782//582 1783//582 1784//582 1785//582 1786//582 1787//582 1788//582 1789//582 1790//582 1791//582 1792//582 1793//582 1794//582 5332//582 5331//582 5330//582 5329//582 5328//582 5327//582 5326//582
f 1755//583 1756//583 1757//583 5009//583 5008//583 5007//583 5006//583 5005//583 5004//583 5003//583 5002//583 5001//583 5000//583 4999//583 4998//583 4997//583 4996//583 4995//583 4994//583 4993//583 4992//583 4991//583 4990//583 4989//583 4988//583 4987//583 4986//583 3283//583 3284//583 3285//583 3286//583 3287//583 3288//583 3289//583 3290//583 3291//583 3292//583 3293//583 3294//583 3295//583 3296//583 3297//583 3298//583 3299//583 3300//583 3301//583 3302//583 1754//583
f 5346//584 5345//584 5344//584 5343//584 5342//584 5341//584 5340//584 5339//584 5338//584 5337//584 5336//584 5335//584 5334//584 5333//584 5332//584 1794//584 1795//584 1796//584 1797//584 1798//584 1799//584 1800//584 1801//584 1802//584 1803//584 1804//584 1805//584 1806//584 1807//584 1808//584 1809//584 1810//584 1811//584 1812//584 1813//584 1814//584 1815//584 1816//584 1817//584 1818//584 1819//584 1820//584 1821//584 1822//584 1823//584
f 5357//585 5356//585 5355//585 5354//585 5353//585 5352//585 5351//585 5350//585 5349//585 5348//585 5347//585 5346//585 1823//585 1824//585 1825//585 1826//585 1827//585 1828//585 1829//585 1830//585 1831//585 1832//585 1833//585 1834//585 1835//585 1836//585 1837//585 1838//585 1839//585 1840//585 1841//585 1842//585 1843//585 1844//585
f 5360//586 5359//586 5358//586 5357//586 1844//586 1845//586 1846//586 1847//586 1848//586 1849//586
f 5360//587 1849//587 1850//587 5361//587
f 5365//588 5364//588 5363//588 5362//588 5361//588 1850//588 1853//588 1854//588 1855//588 1856//588 1857//588
f 5370//589 5369//589 5368//589 5367//589 5366//589 5365//589 1857//589 1858//589 1859//589 1860//589 1861//589 1862//589 1863//589 1864//589
f 5374//590 5373//590 5372//590 5371//590 5370//590 1864//590 1865//590 1866//590 1867//590 1868//590 1869//590 1870//590 1871//590 1872//590
f 5378//591 5377//591 5376//591 5375//591 5374//591 1872//591 1873//591
f 5379//592 5378//592 1873//592 1874//592 986//592
f 794//593 795//593 5925//593 5924//593 5923//593 793//593
f 6166//594 6165//594 6164//594 6163//594 795//594 796//594 797//594
f 6171//595 6170//595 6169//595 6168//595 6167//595 6166//595 797//595 798//595 799//595 800//595 801//595 802//595
f 6178//596 6177//596 6176//596 6175//596 6174//596 6173//596 6172//596 6171//596 802//596 803//596 804//596 805//596 806//596 807//596 808//596 809//596 810//596
f 6182//597 6181//597 6180//597 6179//597 6178//597 810//597 811//597 812//597 813//597
f 6187//598 6186//598 6185//598 6184//598 6183//598 6182//598 813//598 814//598 815//598 816//598
f 816//599 817//599 818//599 2030//599 6188//599 6187//599
f 2031//600 2032//600 2033//600 2034//600 6190//600 6189//600 6188//600 2030//600
f 2027//601 822//601 823//601 824//601 825//601 826//601 827//601 828//601 829//601 830//601 831//601 832//601 833//601 834//601 2021//601 2022//601 2023//601 2024//601 2025//601 2026//601
f 6198//602 6197//602 6196//602 6195//602 6194//602 6193//602 6192//602 6191//602 6190//602 2034//602 2035//602 2036//602 2037//602 2038//602
f 6203//603 6202//603 6201//603 6200//603 6199//603 6198//603 2038//603 2039//603 2040//603 2041//603 2042//603 2043//603 2044//603 2045//603 2046//603 2047//603
f 6216//604 6215//604 6214//604 6213//604 6212//604 6211//604 6210//604 6209//604 6208//604 6207//604 6206//604 6205//604 6204//604 6203//604 2047//604 2048//604 2049//604 2050//604 2051//604 2052//604 2053//604 2054//604 2055//604 2056//604 2057//604 2058//604 2059//604 2060//604 2061//604 2062//604
f 6220//605 6219//605 6218//605 6217//605 6216//605 2062//605 2063//605 2064//605 2065//605
f 6234//606 6233//606 6232//606 6231//606 6230//606 6229//606 6228//606 6227//606 6226//606 6225//606 6224//606 6223//606 6222//606 6221//606 6220//606 2065//606 2068//606 2069//606 2070//606 2071//606 2072//606 2073//606 2074//606
f 6234//607 2074//607 2075//607 3998//607 6235//607
f 3998//608 2075//608 2076//608 4642//608 4643//608 4644//608 4645//608 4646//608
f 6239//609 6238//609 6237//609 6236//609 6235//609 3998//609 3999//609 4000//609 4001//609 4002//609 4003//609
f 6249//610 6248//610 6247//610 6246//610 6245//610 6244//610 6243//610 6242//610 6241//610 6240//610 6239//610 4003//610 4004//610 4005//610 4006//610 4007//610 4008//610 4009//610 4010//610 4011//610 4012//610 4013//610 4014//610 4015//610
f 4015//611 4016//611 4017//611 4018//611 4019//611 4020//611 4021//611 4022//611 4023//611 4024//611 4025//611 4026//611 4027//611 6257//611 6256//611 6255//611 6254//611 6253//611 6252//611 6251//611 6250//611 6249//611
f 2746//612 3629//612 2745//612
f 5873//613 5872//613 3629//613
f 2747//614 5874//614 5873//614 3629//614 2746//614
f 3633//615 2737//615 2738//615 2739//615 2740//615 2741//615 2742//615 2743//615 2744//615 2745//615 3629//615 3630//615 3631//615 3632//615
f 5872//616 5871//616 5870//616 5869//616 5868//616 5867//616 5866//616 5865//616 5864//616 5863//616 5862//616 3620//616 3621//616 3622//616 3623//616 3624//616 3625//616 3626//616 3627//616 3628//616 3629//616
f 5862//617 5861//617 5860//617 5859//617 5858//617 5857//617 3616//617 3617//617 3618//617 3619//617 3620//617
f 5857//618 5856//618 5855//618 5854//618 5853//618 5852//618 5851//618 3611//618 3612//618 3613//618 3614//618 3615//618 3616//618
f 5851//619 5850//619 5849//619 5848//619 3608//619 3609//619 3610//619 3611//619
f 5848//620 5847//620 5846//620 5845//620 5844//620 5843//620 5842//620 3603//620 3604//620 3605//620 3606//620 3607//620 3608//620
f 5842//621 5841//621 5840//621 5839//621 5838//621 5837//621 5836//621 5835//621 5834//621 5833//621 5832//621 3596//621 3597//621 3598//621 3599//621 3600//621 3601//621 3602//621 3603//621
f 5832//622 5831//622 5830//622 5829//622 5828//622 5827//622 5826//622 5825//622 5824//622 3590//622 3591//622 3592//622 3593//622 3594//622 3595//622 3596//622
f 1061//623 1062//623 1063//623 1064//623 4317//623 4318//623
f 5437//624 5436//624 5435//624 5434//624 5433//624 4318//624 4319//624
f 4317//625 1064//625 1065//625 1066//625 1067//625 1068//625 1069//625 1070//625 1071//625 4311//625 4312//625 4313//625 4314//625 4315//625 4316//625
f 5439//626 5438//626 5437//626 4319//626 4320//626 4321//626 4322//626 4323//626 4324//626 4325//626 4326//626
f 5430//627 1056//627 1057//627 1058//627 1059//627 1060//627 1061//627 4318//627 5433//627 5432//627 5431//627
f 3875//628 3876//628 3877//628 3878//628 3879//628 3880//628 3881//628 3882//628 3883//628 3884//628 3885//628 3886//628 4877//628 4876//628 4875//628 4874//628 4873//628
f 4881//629 4880//629 4879//629 4878//629 4877//629 3886//629 3887//629 3888//629 3889//629 3890//629 3891//629 3892//629 3893//629 3894//629 3895//629 3896//629
f 4890//630 4889//630 4888//630 4887//630 4886//630 4885//630 4884//630 4883//630 4882//630 4881//630 3896//630 3897//630 3898//630 3899//630 3900//630 3901//630 3902//630 3903//630 3904//630 3905//630 3906//630
f 4899//631 4898//631 4897//631 4896//631 4895//631 4894//631 4893//631 4892//631 4891//631 4890//631 3906//631 3907//631 3908//631 3909//631 3910//631 3911//631 3912//631 3913//631
f 4905//632 4904//632 4903//632 4902//632 4901//632 4900//632 4899//632 3913//632 3914//632 3915//632 3916//632 3917//632 3918//632 3919//632 3920//632 3921//632 3922//632 3923//632
f 4905//633 3923//633 3924//633 3925//633 3927//633 4908//633 4907//633 4906//633
f 4912//634 4911//634 4910//634 4909//634 4908//634 3927//634 3928//634 3929//634 3930//634 3931//634 3932//634 3933//634 3934//634 3935//634 3936//634 3937//634 3938//634 3939//634 3940//634
f 4917//635 4916//635 4915//635 4914//635 4913//635 4912//635 3940//635 3941//635 3942//635 3943//635 3944//635 3945//635 3946//635 3947//635
f 4926//636 4925//636 4924//636 4923//636 4922//636 4921//636 4920//636 4919//636 4918//636 4917//636 3947//636 3948//636 3949//636 3950//636 3951//636 3952//636 3953//636 3954//636 3955//636 3956//636 3957//636 3958//636
f 3958//637 3959//637 3960//637 3961//637 3962//637 3963//637 3964//637 3965//637 3966//637 3967//637 3968//637 3969//637 3970//637 4936//637 4935//637 4934//637 4933//637 4932//637 4931//637 4930//637 4929//637 4928//637 4927//637 4926//637
f 4942//638 4941//638 4940//638 4939//638 4938//638 4937//638 4936//638 3970//638 3971//638 3972//638 3973//638 3974//638 3975//638 3976//638 3977//638 3978//638 3979//638
f 4948//639 4947//639 4946//639 4945//639 4944//639 4943//639 4942//639 3979//639 3980//639 3981//639 3982//639 3983//639 3984//639 3985//639 3986//639 3987//639
f 4951//640 4950//640 4949//640 4948//640 3987//640 3988//640 3989//640 3990//640 3991//640 3992//640 3993//640 3994//640 3995//640 3996//640 3997//640
f 4952//641 4951//641 3997//641 3303//641
f 3246//642 3303//642 3304//642 3305//642 3306//642 3307//642 3243//642 3244//642 3245//642
f 4953//643 4952//643 3303//643 3246//643 3247//643 3248//643
f 3322//644 3234//644 3235//644 3236//644 3237//644 3238//644 3239//644 3240//644 3241//644 3242//644 3243//644 3307//644 3308//644 3309//644 3310//644 3311//644 3312//644 3313//644 3314//644 3315//644 3316//644 3317//644 3318//644 3319//644 3320//644 3321//644
f 3330//645 3228//645 3229//645 3230//645 3231//645 3232//645 3233//645 3234//645 3322//645 3323//645 3324//645 3325//645 3326//645 3327//645 3328//645 3329//645
f 3181//646 3182//646 3183//646 3184//646 3185//646 3186//646 3187//646 3188//646 3189//646 3190//646 3191//646 3192//646 3193//646 3194//646 3195//646 3196//646 3197//646 3198//646 3199//646 3200//646 3201//646 3202//646 3203//646 3204//646 3205//646 3206//646 3207//646 3208//646 3209//646 3210//646 3211//646 3212//646 3213//646 3214//646 3215//646 3216//646 3217//646 3218//646 3219//646 3220//646 3221//646 3222//646 3223//646 3224//646 3227//646 3228//646 3330//646 3331//646 3332//646 3333//646 3334//646 3335//646 3336//646 3337//646 3338//646 3339//646 3340//646 3341//646 3342//646 3343//646 3344//646 3345//646 3346//646 3347//646 3348//646 3349//646 3350//646 3351//646 3352//646 3353//646 3354//646 3355//646 3356//646 3357//646 3358//646 3359//646 3360//646 3361//646 3362//646 3363//646 3364//646 3365//646 3366//646
f 3376//647 3170//647 3171//647 3172//647 3173//647 3174//647 3175//647 3176//647 3177//647 3178//647 3179//647 3180//647 3181//647 3366//647 3367//647 3368//647 3369//647 3370//647 3371//647 3372//647 3373//647 3374//647 3375//647
f 3386//648 3158//648 3159//648 3160//648 3161//648 3162//648 3163//648 3164//648 3165//648 3166//648 3167//648 3168//648 3169//648 3170//648 3376//648 3377//648 3378//648 3379//648 3380//648 3381//648 3382//648 3383//648 3384//648 3385//648
f 3396//649 3149//649 3150//649 3151//649 3152//649 3153//649 3154//649 3155//649 3156//649 3157//649 3158//649 3386//649 3387//649 3388//649 3389//649 3390//649 3391//649 3392//649 3393//649 3394//649 3395//649
f 3401//650 3144//650 3145//650 3146//650 3147//650 3148//650 3149//650 3396//650 3397//650 3398//650 3399//650 3400//650
f 3406//651 3135//651 3136//651 3137//651 3138//651 3139//651 3140//651 3141//651 3142//651 3143//651 3144//651 3401//651 3402//651 3403//651 3404//651 3405//651
f 3135//652 3406//652 3407//652 3408//652 3409//652 3410//652 3411//652 3412//652 3413//652 3414//652 3415//652 3416//652 3417//652 3418//652 3419//652 3420//652 3421//652 3422//652 3116//652 3117//652 3118//652 3119//652 3120//652 3121//652 3122//652 3123//652 3124//652 3125//652 3126//652 3127//652 3128//652 3129//652 3130//652 3131//652 3132//652 3133//652 3134//652
f 3431//653 3111//653 3112//653 3113//653 3114//653 3115//653 3425//653 3426//653 3427//653 3428//653 3429//653 3430//653
f 3447//654 3100//654 3101//654 3102//654 3103//654 3104//654 3105//654 3106//654 3107//654 3108//654 3109//654 3110//654 3111//654 3431//654 3432//654 3433//654 3434//654 3435//654 3436//654 3437//654 3438//654 3439//654 3440//654 3441//654 3442//654 3443//654 3444//654 3445//654 3446//654
f 3454//655 3091//655 3092//655 3093//655 3094//655 3095//655 3096//655 3097//655 3098//655 3099//655 3100//655 3447//655 3448//655 3449//655 3450//655 3451//655 3452//655 3453//655
f 3466//656 3080//656 3081//656 3082//656 3083//656 3084//656 3085//656 3086//656 3087//656 3088//656 3089//656 3090//656 3091//656 3454//656 3455//656 3456//656 3457//656 3458//656 3459//656 3460//656 3461//656 3462//656 3463//656 3464//656 3465//656
f 3485//657 3065//657 3066//657 3067//657 3068//657 3069//657 3070//657 3071//657 3072//657 3073//657 3074//657 3075//657 3076//657 3077//657 3078//657 3079//657 3080//657 3466//657 3467//657 3468//657 3469//657 3470//657 3471//657 3472//657 3473//657 3474//657 3475//657 3476//657 3477//657 3478//657 3479//657 3480//657 3481//657 3482//657 3483//657 3484//657
f 3065//658 3485//658 3486//658 3487//658 3488//658 3489//658 3490//658 3491//658 3492//658 3493//658 3494//658 3495//658 3496//658 3497//658 3498//658 3499//658 3500//658 3501//658 3502//658 3503//658 3504//658 3505//658 3506//658 3507//658 3508//658 3509//658 3038//658 3039//658 3040//658 3041//658 3042//658 3043//658 3044//658 3045//658 3046//658 3047//658 3048//658 3049//658 3050//658 3051//658 3052//658 3053//658 3054//658 3055//658 3056//658 3057//658 3058//658 3059//658 3060//658 3061//658 3062//658 3063//658 3064//658
f 3509//659 3510//659 3511//659 3512//659 3513//659 3514//659 3515//659 3034//659 3035//659 3036//659 3037//659 3038//659
f 3004//660 3005//660 3006//660 3007//660 3008//660 3009//660 3010//660 3011//660 3012//660 3013//660 3014//660 3015//660 3016//660 3017//660 3018//660 3019//660 3020//660 3021//660 3022//660 3023//660 3024//660 3025//660 3026//660 3027//660 3028//660 3029//660 3030//660 3031//660 3032//660 3033//660 3518//660 3519//660 3520//660 3521//660 3522//660 3523//660 3524//660 3525//660 3526//660 3527//660 3528//660 3529//660 3530//660 3531//660 3532//660 3533//660 3534//660 3535//660 3536//660 3537//660 3538//660 3539//660
f 3002//661 3003//661 3004//661 3539//661 3540//661
f 3033//662 3034//662 3515//662 3518//662
f 3641//663 2730//663 2731//663 2732//663 2733//663 2734//663 2735//663 2736//663 2737//663 3633//663 3634//663 3635//663 3636//663 3637//663 3638//663 3639//663 3640//663
f 3650//664 2722//664 2723//664 2724//664 2725//664 2726//664 2727//664 2728//664 2729//664 2730//664 3641//664 3642//664 3643//664 3644//664 3645//664 3646//664 3647//664 3648//664 3649//664
f 3656//665 2711//665 2712//665 2713//665 2714//665 2715//665 2716//665 2717//665 2718//665 2719//665 2720//665 2721//665 2722//665 3650//665 3651//665 3652//665 3653//665 3654//665 3655//665
f 2705//666 2706//666 2707//666 2708//666 2709//666 2710//666 2711//666 3656//666 3657//666 3658//666 3659//666 3660//666
f 2705//667 3660//667 3661//667 3662//667 3663//667 3664//667 3665//667 3666//667 3667//667 2701//667 2702//667 2703//667 2704//667
f 3678//668 2694//668 2695//668 2696//668 2697//668 2698//668 2699//668 2700//668 2701//668 3667//668 3668//668 3669//668 3670//668 3671//668 3672//668 3673//668 3674//668 3675//668 3676//668 3677//668
f 3687//669 2687//669 2688//669 2689//669 2690//669 2691//669 2692//669 2693//669 2694//669 3678//669 3679//669 3680//669 3681//669 3682//669 3683//669 3684//669 3685//669 3686//669
f 2683//670 2684//670 2685//670 2686//670 2687//670 3687//670 3688//670 3689//670 3690//670 3691//670 3693//670 3694//670 3695//670 3696//670 3697//670
f 3704//671 2681//671 2682//671 2683//671 3697//671 3698//671 3699//671 3700//671 3701//671 3702//671 3703//671
f 3712//672 2676//672 2677//672 2678//672 2679//672 2680//672 2681//672 3704//672 3705//672 3706//672 3707//672 3708//672 3709//672 3710//672 3711//672
f 3760//673 2634//673 2635//673 2636//673 2637//673 2638//673 2639//673 2640//673 2641//673 2642//673 2643//673 2644//673 2645//673 3750//673 3751//673 3752//673 3753//673 3754//673 3755//673 3756//673 3757//673 3758//673 3759//673
f 3750//674 2645//674 2646//674 2647//674 639//674 2648//674 3746//674 3747//674 3748//674 3749//674
f 3746//675 2648//675 2649//675 2650//675 2651//675 2652//675 3743//675 3744//675 3745//675
f 2665//676 3732//676 3733//676 3734//676 3735//676 3736//676 3737//676 3738//676 3739//676 3740//676 3741//676 3742//676 3743//676 2652//676 2653//676 2654//676 2655//676 2656//676 2657//676 2658//676 2659//676 2660//676 2661//676 2662//676 2663//676 2664//676
f 2672//677 2673//677 6471//677 6470//677
f 3716//678 2673//678 2674//678 2675//678 2676//678 3712//678 3713//678 3714//678 3715//678
f 4562//679 2144//679 2145//679 2146//679 2147//679 4558//679 4559//679 4560//679 4561//679
f 4571//680 2138//680 2139//680 2140//680 2141//680 2142//680 2143//680 2144//680 4562//680 4563//680 4564//680 4565//680 4566//680 4567//680 4568//680 4569//680 4570//680
f 4580//681 2132//681 2133//681 2134//681 2135//681 2136//681 2137//681 2138//681 4571//681 4572//681 4573//681 4574//681 4575//681 4576//681 4577//681 4578//681 4579//681
f 4589//682 2124//682 2125//682 2126//682 2127//682 2128//682 2129//682 2130//682 2131//682 2132//682 4580//682 4581//682 4582//682 4583//682 4584//682 4585//682 4586//682 4587//682 4588//682
f 4598//683 2115//683 2116//683 2117//683 2118//683 2119//683 2120//683 2121//683 2122//683 2123//683 2124//683 4589//683 4590//683 4591//683 4592//683 4593//683 4594//683 4595//683 4596//683 4597//683
f 4608//684 2108//684 2109//684 2110//684 2111//684 2112//684 2113//684 2114//684 2115//684 4598//684 4599//684 4600//684 4601//684 4602//684 4603//684 4604//684 4605//684 4606//684 4607//684
f 4620//685 2095//685 2096//685 2097//685 2098//685 2099//685 2100//685 2101//685 2102//685 2103//685 2104//685 2105//685 2106//685 2107//685 2108//685 4608//685 4609//685 4610//685 4611//685 4612//685 4613//685 4614//685 4615//685 4616//685 4617//685 4618//685 4619//685
f 4632//686 2085//686 2086//686 2087//686 2088//686 2089//686 2090//686 2091//686 2092//686 2093//686 2094//686 2095//686 4620//686 4621//686 4622//686 4623//686 4624//686 4625//686 4626//686 4627//686 4628//686 4629//686 4630//686 4631//686
f 4642//687 2076//687 2077//687 2078//687 2079//687 2080//687 2081//687 2082//687 2083//687 2084//687 2085//687 4632//687 4633//687 4634//687 4635//687 4636//687 4637//687 4638//687 4639//687 4640//687 4641//687
f 4257//688 1123//688 6675//688 6676//688 6677//688 6678//688 6679//688 6680//688 6681//688 1124//688 6682//688 6683//688 6684//688 6685//688 6686//688 6687//688 6688//688 1125//688 6689//688 6690//688 6691//688 6692//688 6693//688 6694//688 6695//688 1126//688 6696//688 6697//688 6698//688 6699//688 6700//688 6701//688 6702//688 1127//688 6703//688 6704//688 6705//688 6706//688 6707//688 6708//688 6709//688 1128//688 6710//688 6711//688 6712//688 6713//688 6714//688 6715//688 6716//688 1129//688 6717//688 6718//688 6719//688 6720//688 6721//688 6722//688 6723//688 1130//688 6724//688 6725//688 6726//688 6727//688 6728//688 6729//688 6730//688 1131//688 6731//688 6732//688 6733//688 6734//688 6735//688 6736//688 6737//688 1132//688 6738//688 6739//688 6740//688 6741//688 6742//688 6743//688 6744//688 1133//688 6745//688 6746//688 6747//688 6748//688 6749//688 6750//688 6751//688 1134//688 6752//688 6753//688 6754//688 6755//688 6756//688 6757//688 6758//688 1135//688 1136//688 1137//688 1138//688 1139//688 4237//688 4238//688 4239//688 4240//688 4241//688 4242//688 4243//688 4244//688 4245//688 4246//688 4247//688 4248//688 4249//688 4250//688 4251//688 4252//688 4253//688 4254//688 4255//688 4256//688
f 4287//689 1094//689 1095//689 1096//689 1097//689 1098//689 6500//689 6501//689 6502//689 6503//689 6504//689 6505//689 6506//689 1099//689 6507//689 6508//689 6509//689 6510//689 6511//689 6512//689 6513//689 1100//689 6514//689 6515//689 6516//689 6517//689 6518//689 6519//689 6520//689 1101//689 6521//689 6522//689 6523//689 6524//689 6525//689 6526//689 6527//689 1102//689 6528//689 6529//689 6530//689 6531//689 6532//689 6533//689 6534//689 1103//689 6535//689 6536//689 6537//689 6538//689 6539//689 6540//689 6541//689 1104//689 6542//689 6543//689 6544//689 6545//689 6546//689 6547//689 6548//689 1105//689 6549//689 6550//689 6551//689 6552//689 6553//689 6554//689 6555//689 1106//689 6556//689 6557//689 6558//689 6559//689 6560//689 6561//689 6562//689 1107//689 6563//689 6564//689 6565//689 6566//689 6567//689 6568//689 6569//689 1108//689 6570//689 6571//689 6572//689 6573//689 6574//689 6575//689 6576//689 1109//689 6577//689 6578//689 6579//689 6580//689 6581//689 6582//689 6583//689 1110//689 6584//689 6585//689 6586//689 6587//689 6588//689 6589//689 6590//689 1111//689 6591//689 6592//689 6593//689 6594//689 6595//689 6596//689 6597//689 1112//689 6598//689 6599//689 6600//689 6601//689 6602//689 6603//689 6604//689 1113//689 6605//689 6606//689 6607//689 6608//689 6609//689 6610//689 6611//689 1114//689 6612//689 6613//689 6614//689 6615//689 6616//689 6617//689 6618//689 1115//689 6619//689 6620//689 6621//689 6622//689 6623//689 6624//689 6625//689 1116//689 6626//689 6627//689 6628//689 6629//689 6630//689 6631//689 6632//689 1117//689 6633//689 6634//689 6635//689 6636//689 6637//689 6638//689 6639//689 1118//689 6640//689 6641//689 6642//689 6643//689 6644//689 6645//689 6646//689 1119//689 6647//689 6648//689 6649//689 6650//689 6651//689 6652//689 6653//689 1120//689 6654//689 6655//689 6656//689 6657//689 6658//689 6659//689 6660//689 1121//689 6661//689 6662//689 6663//689 6664//689 6665//689 6666//689 6667//689 1122//689 6668//689 6669//689 6670//689 6671//689 6672//689 6673//689 6674//689 1123//689 4257//689 4258//689 4259//689 4260//689 4261//689 4262//689 4263//689 4264//689 4265//689 4266//689 4267//689 4268//689 4269//689 4270//689 4271//689 4272//689 4273//689 4274//689 4275//689 4276//689 4277//689 4278//689 4279//689 4280//689 4281//689 4282//689 4283//689 4284//689 4285//689 4286//689
f 4311//690 1071//690 1072//690 1073//690 1074//690 1075//690 1076//690 1077//690 1078//690 1079//690 1080//690 1081//690 1082//690 1083//690 1084//690 1085//690 1086//690 1087//690 1088//690 1089//690 1090//690 1091//690 1092//690 1093//690 1094//690 4287//690 4288//690 4289//690 4290//690 4291//690 4292//690 4293//690 4294//690 4295//690 4296//690 4297//690 4298//690 4299//690 4300//690 4301//690 4302//690 4303//690 4304//690 4305//690 4306//690 4307//690 4308//690 4309//690 4310//690
f 4326//691 4327//691 4328//691 4329//691 4330//691 4331//691 4332//691 4333//691 4334//691 4335//691 4336//691 4337//691 4338//691 4339//691 4340//691 4341//691 5446//691 5445//691 5444//691 5443//691 5442//691 5441//691 5440//691 5439//691
f 4341//692 4342//692 4343//692 4344//692 4345//692 4346//692 4347//692 4348//692 4349//692 4350//692 4351//692 4352//692 4353//692 4354//692 5455//692 5454//692 5453//692 5452//692 5451//692 5450//692 5449//692 5448//692 5447//692 5446//692
f 4354//693 4355//693 4356//693 4357//693 4358//693 4359//693 4360//693 4361//693 4362//693 4363//693 5463//693 5462//693 5461//693 5460//693 5459//693 5458//693 5457//693 5456//693 5455//693
f 5468//694 5467//694 5466//694 5465//694 5464//694 5463//694 4363//694 4364//694 4365//694 4366//694 4367//694 4368//694 4369//694 4370//694
f 5477//695 5476//695 5475//695 5474//695 5473//695 5472//695 5471//695 5470//695 5469//695 5468//695 4370//695 4371//695 4372//695 4373//695 4374//695 4375//695 4376//695 4377//695 4378//695
f 3269//696 3270//696 3271//696 3272//696 3273//696 3274//696 3275//696 3276//696 3280//696 3281//696 3282//696 3283//696 4986//696 4985//696 4984//696 4983//696 4982//696 4981//696 4980//696 4979//696 4978//696 4977//696 4976//696 4975//696 4974//696 4973//696 3268//696
f 3258//697 3259//697 3260//697 3261//697 3262//697 3263//697 3264//697 3265//697 3266//697 3267//697 3268//697 4973//697 4972//697 4971//697 4970//697 4969//697 4968//697 4967//697 4966//697 4965//697 4964//697
f 3248//698 3249//698 3250//698 3251//698 3252//698 3253//698 3254//698 3255//698 3256//698 3257//698 3258//698 4964//698 4963//698 4962//698 4961//698 4960//698 4959//698 4958//698 4957//698 4956//698 4955//698 4954//698 4953//698
f 986//699 987//699 988//699 989//699 990//699 991//699 992//699 993//699 994//699 995//699 996//699 997//699 998//699 999//699 1000//699 1001//699 1002//699 1003//699 1004//699 1005//699 1006//699 1007//699 1008//699 1009//699 1010//699 1011//699 1012//699 1013//699 1014//699 1015//699 1016//699 1017//699 1018//699 1019//699 1020//699 1021//699 1022//699 1023//699 1024//699 1025//699 1026//699 1027//699 1028//699 1029//699 1030//699 1031//699 1032//699 1033//699 1034//699 1035//699 1036//699 1037//699 1038//699 1039//699 1040//699 1041//699 1042//699 1043//699 1044//699 1045//699 1046//699 1047//699 1048//699 1049//699 1050//699 1051//699 1052//699 1053//699 1054//699 1055//699 1056//699 5430//699 5429//699 5428//699 5427//699 5426//699 5425//699 5424//699 5423//699 5422//699 5421//699 5420//699 5419//699 5418//699 5417//699 5416//699 5415//699 5414//699 5413//699 5412//699 5411//699 5410//699 5409//699 5408//699 5407//699 5406//699 5405//699 5404//699 5403//699 5402//699 5401//699 5400//699 5399//699 5398//699 5397//699 5396//699 5395//699 5394//699 5393//699 5392//699 5391//699 5390//699 5389//699 5388//699 5387//699 5386//699 5385//699 5384//699 5383//699 5382//699 5381//699 5380//699 5379//699
f 5923//700 5922//700 5921//700 5920//700 5919//700 5918//700 5917//700 5916//700 5915//700 5914//700 5913//700 5912//700 5911//700 778//700 779//700 780//700 781//700 782//700 783//700 784//700 785//700 786//700 787//700 788//700 789//700 790//700 791//700 792//700 793//700
f 5911//701 5910//701 5909//701 5908//701 5907//701 5906//701 5905//701 5904//701 5903//701 769//701 770//701 771//701 772//701 773//701 774//701 775//701 776//701 777//701 778//701
f 5903//702 5902//702 5901//702 5900//702 5899//702 765//702 766//702 767//702 768//702 769//702
f 5899//703 5898//703 5897//703 5896//703 5895//703 5894//703 760//703 761//703 762//703 763//703 764//703 765//703
f 756//704 757//704 758//704 759//704 760//704 5894//704 5893//704 5892//704 5891//704 5890//704 5889//704 5888//704 5887//704 5886//704 5885//704 2759//704 2760//704 2761//704 2762//704 755//704
f 2759//705 5885//705 5884//705 5883//705 5882//705 5881//705 5880//705 5879//705 5878//705 5877//705 5876//705 5875//705 5874//705 2747//705 2748//705 2749//705 2750//705 2751//705 2752//705 2753//705 2754//705 2755//705 2756//705 2757//705 2758//705
f 5824//706 5823//706 5822//706 5821//706 5820//706 5819//706 5818//706 5817//706 5816//706 5815//706 3584//706 3585//706 3586//706 3587//706 3588//706 3589//706 3590//706
f 5815//707 5814//707 5813//707 5812//707 5811//707 5810//707 5809//707 5808//707 3577//707 3578//707 3579//707 3580//707 3581//707 3582//707 3583//707 3584//707
f 5808//708 5807//708 5806//708 5805//708 5804//708 5803//708 5802//708 5801//708 5800//708 5799//708 3567//708 3568//708 3569//708 3570//708 3571//708 3572//708 3573//708 3574//708 3575//708 3576//708 3577//708
f 5799//709 5798//709 5797//709 5796//709 5795//709 5794//709 5793//709 5792//709 5791//709 5790//709 5789//709 3559//709 3560//709 3561//709 3562//709 3563//709 3564//709 3565//709 3566//709 3567//709
f 5789//710 5788//710 5787//710 5786//710 5785//710 5784//710 5783//710 5782//710 5781//710 5780//710 3547//710 3548//710 3549//710 3550//710 3551//710 3552//710 3553//710 3554//710 3555//710 3556//710 3557//710 3558//710 3559//710
f 5780//711 5779//711 5778//711 5777//711 5776//711 5775//711 5774//711 5773//711 5772//711 5771//711 5770//711 5769//711 5768//711 3540//711 3541//711 3542//711 3543//711 3544//711 3545//711 3546//711 3547//711
f 5561//712 2308//712 2311//712 5562//712
f 2311//713 2969//713 2970//713 2971//713 5563//713 5562//713
f 5575//714 5574//714 5573//714 5572//714 5571//714 5570//714 5569//714 5568//714 5567//714 5566//714 5565//714 5564//714 5563//714 2971//714 2972//714 2973//714 2974//714 2975//714 2976//714 2977//714 2978//714 2979//714 2980//714 2981//714 2982//714 2983//714 2984//714
f 5762//715 2995//715 2996//715 2997//715 2998//715 2999//715 3000//715 3001//715 3002//715 3540//715 5768//715 5767//715 5766//715 5765//715 5764//715 5763//715
f 5762//716 5761//716 5760//716 5759//716 5758//716 5757//716 5756//716 5755//716 5754//716 5753//716 5752//716 5751//716 5750//716 5749//716 5748//716 5747//716 5746//716 5745//716 5744//716 5743//716 2984//716 2985//716 2986//716 2987//716 2988//716 2989//716 2990//716 2991//716 2992//716 2993//716 2994//716 2995//716
f 5677//717 5613//717 5612//717 5611//717 5610//717 5609//717 5608//717 5607//717 5606//717 5605//717 5604//717 5603//717 5602//717 5601//717 5600//717 5599//717 5598//717 5597//717 5596//717 5595//717 5594//717 5593//717 5592//717 5591//717 5590//717 5589//717 5588//717 5587//717 5586//717 5585//717 5584//717 5583//717 5582//717 5581//717 5580//717 5579//717 5578//717 5577//717 5576//717 5575//717 2984//717 5743//717 5742//717 5741//717 5740//717 5739//717 5738//717 5737//717 5736//717 5735//717 5734//717 5733//717 5732//717 5731//717 5730//717 5729//717 5728//717 5727//717 5726//717 5725//717 5724//717 5723//717 5722//717 5721//717 5720//717 5719//717 5718//717 5717//717 5716//717 5715//717 5714//717 5713//717 5712//717 5711//717 5710//717 5709//717 5708//717 5707//717 5706//717 5705//717 5704//717 5703//717 5702//717 5701//717 5700//717 5699//717 5698//717 5697//717 5696//717 5695//717 5694//717 5693//717 5692//717 5691//717 5690//717 5689//717 5688//717 5687//717 5686//717 5685//717 5684//717 5683//717 5682//717 5681//717 5680//717 5679//717 5678//717
f 5677//718 5676//718 5675//718 5674//718 5673//718 5672//718 5671//718 5670//718 5669//718 5668//718 5667//718 5666//718 5665//718 5664//718 5663//718 5662//718 5661//718 5660//718 5659//718 5658//718 5657//718 5656//718 5655//718 5654//718 5653//718 5652//718 5651//718 5650//718 5649//718 5648//718 5647//718 5646//718 5645//718 5644//718 5643//718 5642//718 5641//718 5640//718 5639//718 5638//718 5637//718 5636//718 5635//718 5634//718 5633//718 5632//718 5631//718 5630//718 5629//718 5627//718 5626//718 5625//718 5624//718 5623//718 5622//718 5621//718 5620//718 5619//718 5618//718 5617//718 5616//718 5615//718 5614//718 5613//718
f 2021//719 834//719 835//719 836//719 837//719 838//719 839//719 840//719 841//719 842//719 843//719 844//719 845//719 846//719 847//719 848//719 849//719 850//719 851//719 852//719 853//719 854//719 855//719 856//719 857//719 858//719 859//719 1999//719 2000//719 2001//719 2002//719 2003//719 2004//719 2005//719 2006//719 2007//719 2008//719 2009//719 2010//719 2011//719 2012//719 2013//719 2014//719 2015//719 2016//719 2017//719 2018//719 2019//719 2020//719
f 1999//720 859//720 860//720 861//720 862//720 863//720 864//720 865//720 866//720 867//720 868//720 869//720 870//720 871//720 872//720 873//720 874//720 875//720 876//720 877//720 878//720 879//720 880//720 881//720 882//720 883//720 884//720 885//720 886//720 887//720 1963//720 1964//720 1965//720 1966//720 1967//720 1968//720 1969//720 1970//720 1971//720 1972//720 1973//720 1974//720 1975//720 1976//720 1977//720 1978//720 1979//720 1980//720 1981//720 1982//720 1983//720 1984//720 1985//720 1986//720 1987//720 1988//720 1989//720 1990//720 1991//720 1992//720 1993//720 1994//720 1995//720 1996//720 1997//720 1998//720
f 887//721 888//721 889//721 890//721 891//721 892//721 893//721 894//721 895//721 896//721 897//721 898//721 899//721 900//721 901//721 902//721 903//721 904//721 905//721 906//721 907//721 908//721 909//721 910//721 911//721 912//721 913//721 914//721 915//721 916//721 1943//721 1944//721 1945//721 1946//721 1947//721 1948//721 1949//721 1950//721 1951//721 1952//721 1953//721 1954//721 1955//721 1956//721 1957//721 1959//721 1960//721 1961//721 1962//721 1963//721
f 1943//722 916//722 917//722 918//722 919//722 920//722 921//722 922//722 923//722 924//722 925//722 926//722 927//722 928//722 929//722 930//722 931//722 932//722 933//722 934//722 935//722 936//722 937//722 938//722 939//722 940//722 941//722 942//722 943//722 944//722 945//722 946//722 947//722 948//722 949//722 950//722 951//722 952//722 953//722 954//722 955//722 956//722 957//722 958//722 959//722 960//722 961//722 962//722 963//722 964//722 965//722 966//722 967//722 968//722 969//722 970//722 971//722 972//722 973//722 974//722 975//722 976//722 977//722 1883//722 1884//722 1885//722 1886//722 1887//722 1888//722 1889//722 1890//722 1891//722 1892//722 1893//722 1894//722 1895//722 1896//722 1897//722 1898//722 1899//722 1900//722 1901//722 1902//722 1903//722 1904//722 1905//722 1906//722 1907//722 1908//722 1909//722 1910//722 1911//722 1912//722 1913//722 1914//722 1915//722 1916//722 1917//722 1918//722 1919//722 1920//722 1921//722 1922//722 1923//722 1924//722 1925//722 1926//722 1927//722 1928//722 1929//722 1930//722 1931//722 1932//722 1933//722 1934//722 1935//722 1936//722 1937//722 1938//722 1939//722 1940//722 1941//722 1942//722
f 1883//723 977//723 978//723 979//723 980//723 981//723 982//723 983//723 986//723 1874//723 1875//723 1876//723 1877//723 1878//723 1879//723 1880//723 1881//723 1882//723
f 5145//724 5144//724 5143//724 5142//724 5141//724 5140//724 5139//724 5138//724 5137//724 5136//724 5135//724 5134//724 5133//724 5132//724 5131//724 5130//724 5129//724 5128//724 5127//724 5126//724 5125//724 5124//724 5123//724 5122//724 5121//724 5120//724 5119//724 5118//724 5117//724 5116//724 5115//724 5114//724 5113//724 5112//724 5111//724 5110//724 5109//724 5108//724 5107//724 5106//724 5105//724 5104//724 5103//724 5102//724 5101//724 5100//724 5099//724 5098//724 5097//724 5096//724 5095//724 5094//724 5093//724 5092//724 5091//724 5090//724 5089//724 5088//724 5087//724 5086//724 5085//724 5084//724 5083//724 5082//724 5081//724 5080//724 5079//724 5078//724 5077//724 5076//724 5075//724 5074//724 5073//724 5072//724 5071//724 5070//724 5069//724 5068//724 5067//724 5066//724 5065//724 5064//724 5063//724 5062//724 5061//724 5060//724 5059//724 5058//724 5057//724 5056//724 5055//724 5054//724 5053//724 5052//724 5051//724 5050//724 5049//724 5048//724 5047//724 5046//724 5045//724 5044//724 5043//724 5042//724 5041//724 5040//724 5039//724 5038//724 5037//724 5036//724 5035//724 5034//724 5309//724 5308//724 5307//724 5306//724 5305//724 5304//724 5303//724 5302//724 5301//724 5300//724 5299//724 5298//724 5297//724 5296//724 5295//724 5294//724 5293//724 5292//724 5291//724 5290//724 5289//724 5288//724 5287//724 5286//724 5285//724 5284//724 5283//724 5282//724 5281//724 5280//724 5279//724 5278//724 5277//724 5276//724 5275//724 5274//724 5273//724 5272//724 5271//724 5270//724 5269//724 5268//724 5267//724 5266//724 5265//724 5264//724 5263//724 5262//724 5261//724 5260//724 5259//724 5258//724 5257//724 5256//724 5255//724 5254//724 5253//724 5252//724 5251//724 5250//724 5249//724 5248//724 5247//724 5246//724 5245//724 5244//724 5243//724 5242//724 5241//724 5240//724 5239//724 5238//724 5237//724
f 5236//725 5235//725 5234//725 5233//725 5232//725 5231//725 5230//725 5229//725 5228//725 5227//725 5226//725 5225//725 5224//725 5223//725 5222//725 5221//725 5220//725 5219//725 5218//725 5217//725 5216//725 5215//725 5214//725 5213//725 5212//725 5211//725 5210//725 5209//725 5208//725 5207//725 5206//725 5205//725 5204//725 5203//725 5202//725 5201//725 5200//725 5199//725 5198//725 5197//725 5196//725 5195//725 5194//725 5193//725 5192//725 5191//725 5190//725 5189//725 5188//725 5187//725 5186//725 5185//725 5184//725 5183//725 5182//725 5181//725 5180//725 5179//725 5178//725 5177//725 5176//725 5175//725 5174//725 5173//725 5172//725 5171//725 5170//725 5169//725 5168//725 5167//725 5166//725 5165//725 5164//725 5163//725 5162//725 5161//725 5160//725 5159//725 5158//725 5157//725 5156//725 5155//725 5154//725 5153//725 5152//725 5151//725 5150//725 5149//725 5148//725 5147//725 5146//725 5145//725 5237//725
f 6111//726 6110//726 6109//726 6108//726 6107//726 6106//726 6105//726 6104//726 6103//726 6102//726 6101//726 6100//726 6099//726 6098//726 6097//726 6096//726 6095//726 6094//726 6093//726 6092//726 6091//726 6090//726 6089//726 6088//726 6087//726 6086//726 6085//726 6084//726 6083//726 6082//726 6081//726 6080//726 6079//726 6078//726 6077//726 6076//726 6075//726 6074//726 6073//726 6072//726 6071//726 6070//726 6069//726 6068//726 6067//726 6066//726 6065//726 6064//726 6063//726 6062//726 6061//726 6060//726 6059//726 6058//726 6057//726 6056//726 6055//726 6054//726 6053//726 6052//726 6051//726 6050//726 6049//726 6048//726 6047//726 6046//726 6045//726 6044//726 6043//726 6042//726 6041//726 6040//726 6039//726 6038//726 6037//726 6036//726 6035//726 6034//726 6033//726 6032//726 6031//726 6030//726 6029//726 6028//726 6027//726 6026//726 6025//726 6024//726 6023//726 6022//726 6021//726 6020//726 6019//726 6018//726 6017//726 6016//726 6015//726 6014//726 6013//726 6012//726 6011//726 6010//726 6009//726 6008//726 6007//726 6006//726 6005//726 6004//726 6003//726 6002//726 6001//726 6000//726 5999//726 5998//726 5997//726 5996//726 5995//726 5994//726 5993//726 5992//726 5991//726 5990//726 5989//726 5988//726 5987//726 5986//726 5985//726 5984//726 5983//726 5982//726 5981//726 5980//726 5979//726 5978//726 5977//726 5976//726 5975//726 5974//726 5973//726 5972//726 5971//726 5970//726 5969//726 5968//726 5967//726 5966//726 5965//726 5964//726 5963//726 5962//726 5961//726 5960//726 5959//726 5958//726 5957//726 5956//726 5955//726 5954//726 5953//726 5952//726 5951//726 5950//726 5949//726 5948//726 5947//726 5946//726 5945//726 5944//726 5943//726 5942//726 5941//726 5940//726 5939//726 5938//726 5937//726 5936//726 5935//726 5934//726 5933//726 5932//726 5931//726 5930//726 5929//726 5928//726 5927//726 5926//726 5925//726 795//726 6163//726 6162//726 6161//726 6160//726 6159//726 6158//726 6157//726 6156//726 6155//726 6154//726 6153//726 6152//726 6151//726 6150//726 6149//726 6148//726 6147//726 6146//726 6145//726 6144//726 6143//726 6142//726 6141//726 6140//726 6139//726 6138//726 6137//726 6136//726 6135//726 6134//726 6133//726 6132//726 6131//726 6130//726 6129//726 6128//726 6127//726 6126//726 6125//726 6124//726
f 6463//727 6462//727 6464//727 6465//727 6466//727 6467//727 6468//727 6469//727 6470//727 6471//727 6472//727 6473//727 6474//727 6475//727 6476//727 6477//727 6478//727 6479//727 6480//727 6481//727 6482//727 6483//727 6484//727 6485//727 6486//727 6487//727
f 3722//677 3723//677 6479//677 6478//677
f 2665//677 2666//677 6464//677 6462//677
f 3723//677 3724//677 6480//677 6479//677
f 2666//677 2667//677 6465//677 6464//677
f 3716//677 3717//677 6473//677 6472//677
f 2673//677 3716//677 6472//677 6471//677
f 3724//677 3725//677 6481//677 6480//677
f 2667//677 2668//677 6466//677 6465//677
f 3717//677 3718//677 6474//677 6473//677
f 3729//677 3730//677 6486//677 6485//677
f 3725//677 3726//677 6482//677 6481//677
f 2668//677 2669//677 6467//677 6466//677
f 3718//677 3719//677 6475//677 6474//677
f 3730//677 3731//677 6487//677 6486//677
f 3726//677 3727//677 6483//677 6482//677
f 2669//677 2670//677 6468//677 6467//677
f 3719//677 3720//677 6476//677 6475//677
f 3731//677 3732//677 6463//677 6487//677
f 3732//677 2665//677 6462//677 6463//677
f 3727//677 3728//677 6484//677 6483//677
f 2670//677 2671//677 6469//677 6468//677
f 3720//677 3721//677 6477//677 6476//677
f 3728//677 3729//677 6485//677 6484//677
f 2671//677 2672//677 6470//677 6469//677
f 3721//677 3722//677 6478//677 6477//677
f 4534//728 4235//728 6495//728
f 2182//729 4534//729 6495//729 6492//729
f 6495//730 4235//730 1137//730 6759//730 6760//730 6761//730 6762//730 6763//730 6764//730 6765//730
f 2395//731 6492//731 6495//731 2402//731 2401//731 2400//731 2399//731 2398//731 2397//731 2396//731
f 3422//732 3735//732 6493//732
f 2406//733 2405//733 6493//733 6496//733 6494//733 2413//733 2412//733 2409//733 2408//733 2407//733
f 6496//734 6497//734 6494//734
f 6497//734 6496//734 648//734 2656//734
f 648//735 6496//735 3735//735 2656//735
f 6493//736 3735//736 6496//736
f 6495//737 6788//737 6772//737 6796//737 6771//737 6795//737 6770//737 6794//737 6769//737 6793//737 6768//737 6792//737 6767//737 6791//737 6766//737 6790//737 6498//737 6789//737 922//737 6787//737
f 1098//738 6773//738 6774//738 6775//738 6776//738 6777//738 6778//738 6779//738 6498//738 6790//738 6766//738 6791//738 6767//738 6792//738 6768//738 6793//738 6769//738 6794//738 6770//738 6795//738 6771//738 6796//738 6772//738 6788//738 6495//738 6765//738 6764//738 6763//738 6762//738 6761//738 6760//738 6759//738 1137//738 6786//738 6785//738 6784//738 6783//738 6782//738 6781//738 6780//738 1135//738 6758//738 6757//738 6756//738 6755//738 6754//738 6753//738 6752//738 1134//738 6751//738 6750//738 6749//738 6748//738 6747//738 6746//738 6745//738 1133//738 6744//738 6743//738 6742//738 6741//738 6740//738 6739//738 6738//738 1132//738 6737//738 6736//738 6735//738 6734//738 6733//738 6732//738 6731//738 1131//738 6730//738 6729//738 6728//738 6727//738 6726//738 6725//738 6724//738 1130//738 6723//738 6722//738 6721//738 6720//738 6719//738 6718//738 6717//738 1129//738 6716//738 6715//738 6714//738 6713//738 6712//738 6711//738 6710//738 1128//738 6709//738 6708//738 6707//738 6706//738 6705//738 6704//738 6703//738 1127//738 6702//738 6701//738 6700//738 6699//738 6698//738 6697//738 6696//738 1126//738 6695//738 6694//738 6693//738 6692//738 6691//738 6690//738 6689//738 1125//738 6688//738 6687//738 6686//738 6685//738 6684//738 6683//738 6682//738 1124//738 6681//738 6680//738 6679//738 6678//738 6677//738 6676//738 6675//738 1123//738 6674//738 6673//738 6672//738 6671//738 6670//738 6669//738 6668//738 1122//738 6667//738 6666//738 6665//738 6664//738 6663//738 6662//738 6661//738 1121//738 6660//738 6659//738 6658//738 6657//738 6656//738 6655//738 6654//738 1120//738 6653//738 6652//738 6651//738 6650//738 6649//738 6648//738 6647//738 1119//738 6646//738 6645//738 6644//738 6643//738 6642//738 6641//738 6640//738 1118//738 6639//738 6638//738 6637//738 6636//738 6635//738 6634//738 6633//738 1117//738 6632//738 6631//738 6630//738 6629//738 6628//738 6627//738 6626//738 1116//738 6625//738 6624//738 6623//738 6622//738 6621//738 6620//738 6619//738 1115//738 6618//738 6617//738 6616//738 6615//738 6614//738 6613//738 6612//738 1114//738 6611//738 6610//738 6609//738 6608//738 6607//738 6606//738 6605//738 1113//738 6604//738 6603//738 6602//738 6601//738 6600//738 6599//738 6598//738 1112//738 6597//738 6596//738 6595//738 6594//738 6593//738 6592//738 6591//738 1111//738 6590//738 6589//738 6588//738 6587//738 6586//738 6585//738 6584//738 1110//738 6583//738 6582//738 6581//738 6580//738 6579//738 6578//738 6577//738 1109//738 6576//738 6575//738 6574//738 6573//738 6572//738 6571//738 6570//738 1108//738 6569//738 6568//738 6567//738 6566//738 6565//738 6564//738 6563//738 1107//738 6562//738 6561//738 6560//738 6559//738 6558//738 6557//738 6556//738 1106//738 6555//738 6554//738 6553//738 6552//738 6551//738 6550//738 6549//738 1105//738 6548//738 6547//738 6546//738 6545//738 6544//738 6543//738 6542//738 1104//738 6541//738 6540//738 6539//738 6538//738 6537//738 6536//738 6535//738 1103//738 6534//738 6533//738 6532//738 6531//738 6530//738 6529//738 6528//738 1102//738 6527//738 6526//738 6525//738 6524//738 6523//738 6522//738 6521//738 1101//738 6520//738 6519//738 6518//738 6517//738 6516//738 6515//738 6514//738 1100//738 6513//738 6512//738 6511//738 6510//738 6509//738 6508//738 6507//738 1099//738 6506//738 6505//738 6504//738 6503//738 6502//738 6501//738 6500//738
f 2402//739 6495//739 6499//739 6493//739 2405//739 2404//739 2403//739
f 3422//740 6493//740 6499//740
f 6499//741 3116//741 3422//741
f 3115//742 3116//742 3422//742 3423//742 3424//742 3425//742
f 3116//743 1929//743 3124//743 3123//743 3122//743 3121//743 3120//743 3119//743 3118//743 3117//743
f 4590//744 6797//744 4157//744
f 6797//745 2125//745 1968//745
f 2899//746 6461//746 2905//746 2904//746 2903//746 2902//746 2901//746 2900//746
f 2924//747 3096//747 2926//747 2925//747
f 3451//748 3096//748 2924//748
f 2924//749 2923//749 3451//749
f 2916//750 3703//750 3451//750 2923//750 2922//750 2921//750 2920//750 2919//750 2918//750 2917//750
f 2913//751 6797//751 3703//751 2916//751 2915//751 2914//751
f 2905//752 6461//752 6797//752 2913//752 2910//752 2909//752 2908//752 2907//752 2906//752
f 6797//753 4590//753 2125//753
f 4157//754 6461//754 1198//754
f 6797//755 6461//755 4157//755
f 1198//756 6461//756 2899//756
f 6797//757 2683//757 3703//757
f 6797//758 1968//758 883//758 2683//758
f 2528//759 2529//759 2542//759 2543//759 2525//759 2526//759 2527//759
f 2455//760 2549//760 2548//760 2547//760 2546//760 2545//760 2544//760 2543//760 2540//760 2542//760 2535//760 2533//760 2529//760 2528//760 2527//760 2526//760 2525//760 2524//760 2523//760 2522//760 2521//760 2520//760 2519//760 2518//760 2517//760 2516//760 2515//760 2514//760 2513//760 2512//760 2511//760 2510//760 2509//760 2508//760 2507//760 2506//760 2505//760 2504//760 2503//760 2502//760 2501//760 2500//760 2499//760 2498//760 2497//760 2496//760 2495//760 2494//760 2493//760 2492//760 2491//760 2490//760 2489//760 2488//760 2487//760 2486//760 2485//760 2484//760 2483//760 2482//760 2481//760 2480//760 2479//760 2478//760 2477//760 2476//760 2475//760 2474//760 2473//760 2472//760 2471//760 2470//760 2469//760 2468//760 2467//760 2466//760 2465//760 2464//760 2463//760 2462//760 2461//760 2460//760 2457//760 2456//760 2459//760 2458//760
f 2440//761 2585//761 2584//761 2583//761 2582//761 2581//761 2580//761 2579//761 2578//761 2577//761 2576//761 2575//761 2574//761 2573//761 2572//761 2571//761 2570//761 2569//761 2568//761 2565//761 2564//761 2563//761 2562//761 2561//761 2560//761 2559//761 2558//761 2557//761 2556//761 2555//761 2554//761 2553//761 2552//761 2551//761 2550//761 2549//761 2455//761 2454//761 2453//761 2452//761 2451//761 2450//761 2449//761 2448//761 2447//761 2446//761 2445//761 2444//761 2443//761 2442//761 2441//761
f 2429//762 2610//762 2609//762 2608//762 2607//762 2606//762 2605//762 2604//762 2603//762 2602//762 2601//762 2600//762 2599//762 2598//762 2597//762 2596//762 2595//762 2594//762 2593//762 2592//762 2591//762 2590//762 2589//762 2588//762 2587//762 2586//762 2585//762 2440//762 2439//762 2438//762 2437//762 2436//762 2435//762 2434//762 2433//762 2432//762 2431//762 2430//762
f 2420//763 2636//763 2635//763 2634//763 2633//763 2632//763 2631//763 2630//763 2629//763 2628//763 2627//763 2626//763 2625//763 2624//763 2623//763 2622//763 2621//763 2620//763 2619//763 2618//763 2617//763 2616//763 2615//763 2614//763 2613//763 2612//763 2611//763 2610//763 2429//763 2428//763 2427//763 2426//763 2425//763 2424//763 2423//763 2422//763 2421//763
f 2647//764 2646//764 2645//764 2644//764 2643//764 2642//764 2641//764 2640//764 2639//764 2638//764 2637//764 2636//764 2420//764 2419//764 2418//764 2417//764 2416//764 2656//764 2655//764 2654//764 2653//764 2652//764 2651//764 2650//764 2649//764 2648//764 639//764
f 6497//765 2656//765 2416//765
f 6494//765 6497//765 2416//765
f 6494//766 2416//766 2413//766
f 3759//767 3758//767 3757//767 3756//767 3755//767 3754//767 3753//767 3752//767 3751//767 3750//767 3749//767 3748//767 3747//767 3746//767 3745//767 3744//767 3743//767 3742//767 3741//767 3740//767 3739//767 3738//767 3737//767 3736//767 3735//767 3422//767 3421//767 3420//767 3419//767 3418//767 3417//767 3416//767 3415//767 3414//767 3413//767 3412//767 3411//767 3410//767 3409//767 3408//767 3407//767 3406//767 3405//767 3404//767 3403//767 3402//767 3401//767 3400//767 3399//767 3398//767 3397//767 3396//767 3395//767 3394//767
f 3912//768 3911//768 3910//768 3909//768 3908//768 3907//768 3906//768 3905//768 3904//768 3903//768 3902//768 3901//768 3900//768 3899//768 3898//768 3897//768 3896//768 3895//768 3894//768 3893//768 3892//768 3891//768 3890//768 3889//768 3888//768 3887//768 3886//768 3885//768 3884//768 3883//768 3882//768 3881//768 3880//768 3879//768 3878//768 3877//768 3876//768 3875//768 3874//768 3873//768 3872//768 3783//768 3782//768 3781//768 3780//768 3779//768 3778//768 3777//768 3776//768 3775//768 3774//768 3773//768 3772//768 3771//768 3770//768 3769//768 3768//768 3767//768 3766//768 3765//768 3764//768 3763//768 3762//768 3761//768 3760//768 3759//768 3394//768 3393//768 3392//768 3391//768 3390//768 3389//768 3388//768 3387//768 3386//768 3385//768 3384//768 3383//768 3382//768 3381//768 3380//768 3379//768 3378//768 3377//768 3376//768 3375//768 3374//768 3373//768 3372//768 3371//768 3370//768 3369//768 3368//768 3367//768 3366//768 3365//768 3364//768 3363//768 3362//768 3361//768 3360//768 3926//768 3925//768 3924//768 3923//768 3922//768 3921//768 3920//768 3919//768 3918//768 3917//768 3916//768 3915//768 3914//768 3913//768
f 3810//769 3838//769 3837//769 3836//769 3835//769 3834//769 3833//769 3832//769 3831//769 3830//769 3829//769 3828//769 3827//769 3826//769 3825//769 3824//769 3823//769 3822//769 3821//769 3820//769 3819//769 3818//769 3817//769 3816//769 3815//769 3814//769 3813//769 3812//769 3811//769
f 3872//770 3871//770 3870//770 3869//770 3868//770 3867//770 3866//770 3865//770 3864//770 3863//770 3862//770 3861//770 3860//770 3859//770 3858//770 3857//770 3856//770 3855//770 3854//770 3853//770 3852//770 3851//770 3850//770 3849//770 3848//770 3847//770 3846//770 3845//770 3844//770 3843//770 3842//770 3841//770 3840//770 3839//770 3838//770 3810//770 3809//770 3808//770 3807//770 3806//770 3805//770 3804//770 3803//770 3802//770 3801//770 3800//770 3799//770 3798//770 3797//770 3796//770 3795//770 3792//770 3791//770 3790//770 3789//770 3788//770 3787//770 3786//770 3785//770 3784//770 3783//770
f 3996//771 3995//771 3994//771 3993//771 3992//771 3991//771 3990//771 3989//771 3988//771 3987//771 3986//771 3985//771 3984//771 3983//771 3982//771 3981//771 3980//771 3979//771 3978//771 3977//771 3976//771 3975//771 3974//771 3973//771 3972//771 3971//771 3970//771 3969//771 3968//771 3967//771 3966//771 3965//771 3964//771 3963//771 3962//771 3961//771 3960//771 3959//771 3958//771 3957//771 3956//771 3955//771 3954//771 3953//771 3952//771 3951//771 3950//771 3949//771 3948//771 3947//771 3946//771 3945//771 3944//771 3943//771 3942//771 3941//771 3940//771 3939//771 3938//771 3937//771 3936//771 3935//771 3934//771 3933//771 3932//771 3931//771 3930//771 3929//771 3928//771 3927//771 3926//771 3360//771 3359//771 3358//771 3357//771 3356//771 3355//771 3354//771 3353//771 3352//771 3351//771 3350//771 3349//771 3348//771 3347//771 3346//771 3345//771 3344//771 3343//771 3342//771 3341//771 3340//771 3339//771 3338//771 3337//771 3336//771 3335//771 3334//771 3333//771 3332//771 3331//771 3330//771 3329//771 3328//771 3327//771 3326//771 3325//771 3324//771 3323//771 3322//771 3321//771 3320//771 3319//771 3318//771 3317//771 3316//771 3315//771 3314//771 3313//771 3312//771 3311//771 3310//771 3309//771 3308//771 3307//771 3306//771 3305//771 3304//771 3303//771 3997//771
f 948//772 1049//772 1048//772 1047//772 1046//772 1045//772 1044//772 1043//772 1042//772 1041//772 1040//772 1039//772 1038//772 1037//772 1036//772 1035//772 1034//772 1033//772 1032//772 1031//772 1030//772 1029//772 1028//772 1027//772 1026//772 1025//772 1024//772 1023//772 1022//772 1021//772 1020//772 1019//772 1018//772 1017//772 1016//772 1015//772 1014//772 1013//772 1012//772 1011//772 1010//772 1009//772 1008//772 1007//772 1006//772 1005//772 1004//772 1003//772 1002//772 1001//772 1000//772 999//772 998//772 997//772 996//772 995//772 994//772 993//772 992//772 991//772 990//772 989//772 988//772 987//772 986//772 983//772 982//772 981//772 980//772 979//772 978//772 977//772 976//772 975//772 974//772 973//772 972//772 971//772 970//772 969//772 968//772 967//772 966//772 965//772 964//772 963//772 962//772 961//772 960//772 959//772 958//772 957//772 956//772 955//772 954//772 953//772 952//772 951//772 950//772 949//772
f 3238//773 3237//773 3236//773 3235//773 1869//773 1868//773 1867//773 1866//773 1865//773 1864//773 1863//773 1862//773 1861//773 1860//773 1859//773 1858//773 1857//773 1856//773 1855//773 1854//773 1853//773 1850//773 1849//773 1848//773 1847//773 1846//773 1845//773 1844//773 1843//773 1842//773 1841//773 1840//773 1839//773 1838//773 1837//773 1836//773 1835//773 1834//773 1833//773 1832//773 1831//773 1830//773 1829//773 1828//773 1827//773 1826//773 1825//773 1824//773 1823//773 1822//773 1821//773 1820//773 1819//773 1818//773 1817//773 1816//773 1815//773 1814//773 1813//773 1812//773 1811//773 1810//773 1809//773 1808//773 1807//773 1806//773 1805//773 1804//773 1803//773 1802//773 1801//773 1800//773 1799//773 1798//773 1797//773 1796//773 1795//773 1794//773 1793//773 1792//773 1791//773 1790//773 1789//773 1788//773 1787//773 1786//773 1785//773 1784//773 1783//773 1782//773 1781//773 1780//773 1779//773 1778//773 1777//773 1776//773 1775//773 1774//773 1773//773 1772//773 1771//773 1770//773 1769//773 1768//773 1767//773 1764//773 1763//773 1762//773 1761//773 1760//773 1759//773 1758//773 1757//773 1756//773 1755//773 1754//773 3302//773 3301//773 3300//773 3299//773 3298//773 3297//773 3296//773 3295//773 3294//773 3293//773 3292//773 3291//773 3290//773 3289//773 3288//773 3287//773 3286//773 3285//773 3284//773 3283//773 3282//773 3281//773 3280//773 3276//773 3275//773 3274//773 3273//773 3272//773 3271//773 3270//773 3269//773 3268//773 3267//773 3266//773 3265//773 3264//773 3263//773 3262//773 3261//773 3260//773 3259//773 3258//773 3257//773 3256//773 3255//773 3254//773 3253//773 3252//773 3251//773 3250//773 3249//773 3248//773 3247//773 3246//773 3245//773 3244//773 3243//773 3242//773 3241//773 3240//773 3239//773
f 3227//774 3224//774 3223//774 3222//774 3221//774 3220//774 3219//774 3218//774 3217//774 3216//774 3215//774 3214//774 3213//774 3212//774 3211//774 3210//774 3209//774 3208//774 3207//774 3206//774 3205//774 3204//774 3203//774 3202//774 3201//774 3200//774 3199//774 3198//774 3197//774 3196//774 3195//774 3194//774 3193//774 1894//774 1893//774 1892//774 1891//774 1890//774 1889//774 1888//774 1887//774 1886//774 1885//774 1884//774 1883//774 1882//774 1881//774 1880//774 1879//774 1878//774 1877//774 1876//774 1875//774 1874//774 1873//774 1872//774 1871//774 1870//774 1869//774 3235//774 3234//774 3233//774 3232//774 3231//774 3230//774 3229//774 3228//774
f 3193//775 3192//775 3191//775 3190//775 3189//775 3188//775 3187//775 3186//775 3185//775 3184//775 3183//775 3182//775 3181//775 3180//775 3179//775 3178//775 3177//775 3176//775 3175//775 3174//775 3173//775 3172//775 3171//775 3170//775 3169//775 1907//775 1906//775 1905//775 1904//775 1903//775 1902//775 1901//775 1900//775 1899//775 1898//775 1897//775 1896//775 1895//775 1894//775
f 3168//776 3167//776 3166//776 3165//776 3164//776 3163//776 3162//776 3161//776 3160//776 3159//776 3158//776 3157//776 3156//776 3155//776 3154//776 3153//776 3152//776 3151//776 3150//776 3149//776 3148//776 3147//776 3146//776 3145//776 1919//776 1918//776 1917//776 1916//776 1915//776 1914//776 1913//776 1912//776 1911//776 1910//776 1909//776 1908//776 1907//776 3169//776
f 3134//777 3133//777 3132//777 3131//777 3130//777 3129//777 3128//777 3127//777 3126//777 3125//777 3124//777 1929//777 1928//777 1927//777 1926//777 1925//777 1924//777 1923//777 1922//777 1921//777 1920//777 1919//777 3145//777 3144//777 3143//777 3142//777 3141//777 3140//777 3139//777 3138//777 3137//777 3136//777 3135//777
f 4108//778 4107//778 4106//778 4105//778 4104//778 4103//778 4102//778 4101//778 4100//778 4099//778 4098//778 4097//778 4096//778 4095//778 4094//778 4093//778 4092//778 4091//778 4090//778 4089//778 4088//778 4087//778 4086//778 4085//778 4084//778 4083//778 4082//778 4081//778 4080//778 4079//778 4078//778 4077//778 4076//778 4075//778 4074//778 4073//778 4072//778 4071//778 4070//778 4069//778 4068//778 4067//778 4066//778 4065//778 4064//778 4124//778 4123//778 4122//778 4121//778 4120//778 4119//778 4118//778 4117//778 4116//778 4115//778 4114//778 4113//778 4112//778 4111//778 4110//778 4109//778
f 4646//779 4645//779 4644//779 4643//779 4642//779 4641//779 4640//779 4639//779 4638//779 4637//779 4636//779 4635//779 4634//779 4633//779 4632//779 4631//779 4630//779 4629//779 4628//779 4627//779 4626//779 4625//779 4624//779 4623//779 4622//779 4621//779 4620//779 4619//779 4618//779 4617//779 4616//779 4026//779 4025//779 4024//779 4023//779 4022//779 4021//779 4020//779 4019//779 4018//779 4017//779 4016//779 4015//779 4014//779 4013//779 4012//779 4011//779 4010//779 4009//779 4008//779 4007//779 4006//779 4005//779 4004//779 4003//779 4002//779 4001//779 4000//779 3999//779 3998//779
f 4607//780 4606//780 4605//780 4604//780 4603//780 4602//780 4601//780 4600//780 4599//780 4154//780 4153//780 4152//780 4151//780 4150//780 4149//780 4148//780 4147//780 4146//780 4145//780 4144//780 4143//780 4142//780 4141//780 4140//780 4139//780 4138//780 4137//780 4136//780 4135//780 4134//780 4133//780 4132//780 4131//780 4130//780 4129//780 4128//780 4127//780 4126//780 4125//780 4124//780 4064//780 4063//780 4062//780 4061//780 4060//780 4059//780 4058//780 4057//780 4056//780 4055//780 4054//780 4053//780 4052//780 4051//780 4050//780 4049//780 4048//780 4047//780 4046//780 4045//780 4044//780 4043//780 4042//780 4041//780 4040//780 4039//780 4038//780 4037//780 4036//780 4035//780 4034//780 4033//780 4032//780 4031//780 4030//780 4029//780 4028//780 4027//780 4026//780 4616//780 4615//780 4614//780 4613//780 4612//780 4611//780 4610//780 4609//780 4608//780
f 4157//781 4156//781 4155//781 4154//781 4599//781 4598//781 4597//781 4596//781 4595//781 4594//781 4593//781 4592//781 4591//781 4590//781
f 2687//782 2686//782 2685//782 2684//782 2683//782 883//782 882//782 881//782 880//782 879//782 878//782 877//782 876//782 875//782
f 2704//783 2703//783 2702//783 2701//783 2700//783 2699//783 2698//783 2697//783 2696//783 2695//783 2694//783 2693//783 2692//783 2691//783 2690//783 2689//783 2688//783 2687//783 875//783 874//783 873//783 872//783 871//783 870//783 869//783 2705//783
f 2710//784 2709//784 2708//784 2707//784 2706//784 2705//784 869//784 868//784 867//784 866//784 865//784 864//784 863//784 862//784 861//784 860//784 859//784 858//784 857//784 2730//784 2729//784 2728//784 2727//784 2726//784 2725//784 2724//784 2723//784 2722//784 2721//784 2720//784 2719//784 2718//784 2717//784 2716//784 2715//784 2714//784 2713//784 2712//784 2711//784
f 833//785 2762//785 2761//785 2760//785 2759//785 2758//785 2757//785 2756//785 2755//785 2754//785 2753//785 2752//785 2751//785 2750//785 2749//785 2748//785 2747//785 2746//785 2745//785 2744//785 2743//785 2742//785 2741//785 2740//785 2739//785 2738//785 2737//785 2736//785 2735//785 2734//785 2733//785 2732//785 2731//785 2730//785 857//785 856//785 855//785 854//785 853//785 852//785 851//785 850//785 849//785 848//785 847//785 846//785 845//785 844//785 843//785 842//785 841//785 840//785 839//785 838//785 837//785 836//785 835//785 834//785
f 818//786 819//786 820//786 821//786 822//786 2027//786 2028//786 2030//786
f 833//787 832//787 831//787 830//787 829//787 828//787 827//787 826//787 825//787 824//787 823//787 822//787 821//787 820//787 819//787 818//787 817//787 816//787 815//787 814//787 813//787 812//787 811//787 810//787 809//787 808//787 807//787 806//787 805//787 804//787 803//787 802//787 801//787 800//787 799//787 798//787 797//787 796//787 795//787 794//787 793//787 792//787 791//787 790//787 789//787 788//787 787//787 786//787 785//787 784//787 783//787 782//787 781//787 780//787 779//787 778//787 777//787 776//787 775//787 774//787 773//787 772//787 771//787 770//787 769//787 768//787 767//787 766//787 765//787 764//787 763//787 762//787 761//787 760//787 759//787 758//787 757//787 756//787 755//787 2762//787
f 2030//788 2028//788 2029//788
f 2033//789 2032//789 2031//789 2030//789 2029//789 2028//789 2027//789 2026//789 2025//789 2024//789 2023//789 2022//789 2021//789 2020//789 2019//789 2018//789 2017//789 2016//789 2015//789 2014//789 2013//789 2012//789 2011//789 2010//789 2009//789 2008//789 2007//789 2006//789 2005//789 2004//789 2003//789 2002//789 2001//789 2000//789 1999//789 1998//789 1997//789 1996//789 1995//789 1994//789 1993//789 1992//789 1991//789 1990//789 1989//789 2075//789 2074//789 2073//789 2072//789 2071//789 2070//789 2069//789 2068//789 2065//789 2064//789 2063//789 2062//789 2061//789 2060//789 2059//789 2058//789 2057//789 2056//789 2055//789 2054//789 2053//789 2052//789 2051//789 2050//789 2049//789 2048//789 2047//789 2046//789 2045//789 2044//789 2043//789 2042//789 2041//789 2040//789 2039//789 2038//789 2037//789 2036//789 2035//789 2034//789
f 2087//790 2086//790 2085//790 2084//790 2083//790 2082//790 2081//790 2080//790 2079//790 2078//790 2077//790 2076//790 2075//790 1989//790 1988//790 1987//790 1986//790 1985//790
f 1977//791 2103//791 2102//791 2101//791 2100//791 2099//791 2098//791 2097//791 2096//791 2095//791 2094//791 2093//791 2092//791 2091//791 2090//791 2089//791 2088//791 2087//791 1985//791 1984//791 1983//791 1982//791 1981//791 1980//791 1979//791 1978//791
f 2108//792 2107//792 2106//792 2105//792 2104//792 2103//792 1977//792 1976//792 1975//792 1974//792 1973//792 1972//792 1971//792 1970//792 1969//792 1968//792 2125//792 2124//792 2123//792 2122//792 2121//792 2120//792 2119//792 2118//792 2117//792 2116//792 2115//792 2114//792 2113//792 2112//792 2111//792 2110//792 2109//792
f 2389//793 6492//793 2395//793 2394//793 2393//793 2392//793 2391//793 2390//793
f 6492//794 2389//794 2182//794
f 2182//795 2389//795 2388//795 2387//795 2386//795 2385//795 2384//795 2383//795 2382//795 2381//795 2380//795 2379//795 2378//795 2377//795 2376//795 2375//795 2374//795 2373//795 2372//795 2207//795 2206//795 2205//795 2204//795 2203//795 2202//795 2201//795 2200//795 2199//795 2198//795 2197//795 2196//795 2195//795 2194//795 2193//795 2192//795 2191//795 2190//795 2189//795 2188//795 2187//795 2186//795 2185//795 2184//795 2183//795
f 2207//796 2372//796 2371//796 2370//796 2369//796 2368//796 2367//796 2366//796 2365//796 2239//796 2238//796 2237//796 2236//796 2235//796 2234//796 2233//796 2232//796 2231//796 2230//796 2229//796 2228//796 2227//796 2226//796 2225//796 2224//796 2223//796 2222//796 2221//796 2220//796 2219//796 2218//796 2217//796 2216//796 2215//796 2214//796 2213//796 2212//796 2211//796 2210//796 2209//796 2208//796
f 2239//797 2365//797 2364//797 2363//797 2362//797 2361//797 2360//797 2359//797 2358//797 2357//797 2356//797 2355//797 2354//797 2353//797 2352//797 2351//797 2350//797 2348//797 2347//797 2346//797 2345//797 2344//797 2268//797 2267//797 2266//797 2265//797 2264//797 2263//797 2262//797 2261//797 2260//797 2259//797 2258//797 2257//797 2256//797 2255//797 2254//797 2253//797 2252//797 2251//797 2250//797 2249//797 2248//797 2247//797 2246//797 2245//797 2244//797 2243//797 2242//797 2241//797 2240//797
f 2268//798 2344//798 2343//798 2342//798 2341//798 2340//798 2339//798 2338//798 2337//798 2336//798 2335//798 2334//798 2333//798 2332//798 2331//798 2330//798 2329//798 2328//798 2327//798 2326//798 2325//798 2322//798 2321//798 2320//798 2319//798 2318//798 2317//798 2316//798 2315//798 2314//798 2313//798 2312//798 2311//798 2308//798 2307//798 2306//798 2305//798 2304//798 2303//798 2302//798 2301//798 2300//798 2299//798 2298//798 2297//798 2296//798 2295//798 2294//798 2293//798 2292//798 2291//798 2290//798 2289//798 2288//798 2287//798 2286//798 2285//798 2284//798 2283//798 2282//798 2281//798 2280//798 2279//798 2278//798 2277//798 2276//798 2275//798 2274//798 2273//798 2272//798 2271//798 2270//798 2269//798
f 3693//799 3691//799 3692//799
f 3691//800 3690//800 3689//800 3688//800 3687//800 3686//800 3685//800 3684//800 3683//800 3682//800 3681//800 3680//800 3679//800 3678//800 3677//800 3676//800 3476//800 3475//800 3474//800 3473//800 3472//800 3471//800 3470//800 3469//800 3468//800 3467//800 3466//800 3465//800 3464//800 3463//800 3462//800 3461//800 3460//800 3459//800 3458//800 3457//800 3456//800 3455//800 3454//800 3453//800 3452//800 3451//800 3703//800 3702//800 3701//800 3700//800 3699//800 3698//800 3697//800 3696//800 3695//800 3694//800 3693//800 3692//800
f 3583//801 3582//801 3581//801 3580//801 3579//801 3578//801 3577//801 3576//801 3575//801 3574//801 3573//801 3572//801 3571//801 3570//801 3569//801 3568//801 3567//801 3566//801 3565//801 3564//801 3563//801 3562//801 3561//801 3560//801 3559//801 3558//801 3557//801 3556//801 3555//801 3554//801 3553//801 3552//801 3551//801 3550//801 3549//801 3548//801 3547//801 3546//801 3545//801 3544//801 3543//801 3542//801 3541//801 3540//801 3539//801 3538//801 3537//801 3536//801 3535//801 3534//801 3533//801 3532//801 3531//801 3530//801 3529//801 3528//801 3527//801 3526//801 3525//801 3524//801 3523//801 3522//801 3521//801 3520//801 3519//801 3518//801 3515//801 3514//801 3513//801 3512//801 3511//801 3510//801 3509//801 3508//801 3507//801 3506//801 3505//801 3504//801 3503//801 3502//801 3501//801 3500//801 3499//801
f 3632//802 3631//802 3630//802 3629//802 3628//802 3627//802 3626//802 3625//802 3624//802 3623//802 3622//802 3621//802 3620//802 3619//802 3618//802 3617//802 3616//802 3615//802 3614//802 3613//802 3612//802 3611//802 3610//802 3609//802 3608//802 3607//802 3606//802 3653//802 3652//802 3651//802 3650//802 3649//802 3648//802 3647//802 3646//802 3645//802 3644//802 3643//802 3642//802 3641//802 3640//802 3639//802 3638//802 3637//802 3636//802 3635//802 3634//802 3633//802
f 2809//803 2880//803 2879//803 2878//803 2877//803 2876//803 2875//803 2874//803 2873//803 2872//803 2871//803 2870//803 2869//803 2868//803 2867//803 2866//803 2865//803 2864//803 2863//803 2862//803 2861//803 2860//803 2859//803 2858//803 2857//803 2856//803 2855//803 2854//803 2853//803 2852//803 2851//803 2850//803 2849//803 2847//803 2846//803 2845//803 2844//803 2843//803 2842//803 2841//803 2840//803 2839//803 2838//803 2837//803 2836//803 2835//803 2834//803 2833//803 2832//803 2831//803 2830//803 2829//803 2828//803 2827//803 2826//803 2825//803 2824//803 2823//803 2822//803 2821//803 2820//803 2819//803 2818//803 2817//803 2816//803 2815//803 2814//803 2813//803 2812//803 2811//803 2810//803
f 2793//804 2890//804 2889//804 2888//804 2887//804 2886//804 2885//804 2884//804 2883//804 2882//804 2881//804 2880//804 2809//804 2808//804 2807//804 2806//804 2805//804 2804//804 2803//804 2802//804 2801//804 2800//804 2799//804 2798//804 2797//804 2796//804 2795//804 2794//804
f 2771//805 2899//805 2898//805 2897//805 2896//805 2895//805 2894//805 2893//805 2892//805 2891//805 2890//805 2793//805 2792//805 2791//805 2790//805 2789//805 2788//805 2787//805 2786//805 2785//805 2784//805 2783//805 2782//805 2781//805 2780//805 2779//805 2778//805 2777//805 2776//805 2775//805 2774//805 2773//805 2772//805
f 2899//806 2771//806 2770//806 2769//806 2768//806 2767//806 2766//806 2765//806 1211//806 1210//806 1209//806 1208//806 1207//806 1206//806 1205//806 1204//806 1203//806 1202//806 1201//806 1200//806 1199//806 1198//806
f 3083//807 3082//807 3081//807 3080//807 2939//807 2938//807 2937//807 2936//807 2931//807 2930//807 2929//807 2928//807 2927//807 2926//807 3096//807 3095//807 3094//807 3093//807 3092//807 3091//807 3090//807 3089//807 3088//807 3087//807 3086//807 3085//807 3084//807
f 3065//808 2944//808 2943//808 2942//808 2941//808 2940//808 2939//808 3080//808 3079//808 3078//808 3077//808 3076//808 3075//808 3074//808 3073//808 3072//808 3071//808 3070//808 3069//808 3068//808 3067//808 3066//808
f 2944//809 3065//809 3064//809 3063//809 3062//809 3061//809 3060//809 3059//809 3058//809 3057//809 3056//809 3055//809 3054//809 3053//809 3052//809 3051//809 3050//809 3049//809 3048//809 2951//809 2950//809 2949//809 2948//809 2947//809 2946//809 2945//809
f 3047//810 3046//810 3045//810 3044//810 3043//810 3042//810 3041//810 3040//810 3039//810 3038//810 3037//810 3036//810 3035//810 3034//810 3033//810 3032//810 3031//810 3030//810 3029//810 3028//810 3027//810 3026//810 3025//810 3024//810 3023//810 3022//810 3021//810 3020//810 3019//810 3018//810 3017//810 3016//810 3015//810 3014//810 3013//810 3012//810 3011//810 3010//810 3009//810 3008//810 3007//810 3006//810 3005//810 3004//810 3003//810 3002//810 3001//810 3000//810 2999//810 2998//810 2997//810 2996//810 2995//810 2994//810 2993//810 2992//810 2991//810 2990//810 2989//810 2988//810 2987//810 2986//810 2985//810 2984//810 2983//810 2982//810 2981//810 2980//810 2979//810 2978//810 2977//810 2976//810 2975//810 2974//810 2973//810 2972//810 2971//810 2970//810 2969//810 2968//810 2967//810 2966//810 2965//810 2964//810 2963//810 2962//810 2961//810 2960//810 2959//810 2958//810 2957//810 2956//810 2955//810 2954//810 2953//810 2952//810 2951//810 3048//810
f 4343//811 4342//811 4341//811 4340//811 4339//811 4338//811 4337//811 4336//811 4335//811 4334//811 4333//811 4332//811 4331//811 4330//811 4329//811 4328//811 4327//811 4326//811 4325//811 4324//811 4323//811 4322//811 4321//811 4320//811 4319//811 4318//811 4317//811 4316//811 4315//811 4314//811 4313//811 4312//811 4311//811 4310//811 4309//811 4308//811 4307//811 4306//811 4305//811 4304//811 4303//811 4302//811 4301//811 4300//811 4299//811 4298//811 4297//811 4296//811 4295//811 4294//811 4293//811 4292//811 4291//811 4290//811 4289//811 4288//811 4287//811 4286//811 4285//811
f 4437//812 4436//812 4435//812 4434//812 4433//812 4432//812 4431//812 4430//812 4429//812 4428//812 4427//812 4426//812 4425//812 4424//812 4423//812 4422//812 4421//812 4420//812 4419//812 4418//812 4417//812 4416//812 4415//812 4414//812 4413//812 4412//812 4411//812 4410//812 4409//812 4408//812 4407//812 4406//812 4405//812 4404//812 4403//812 4402//812 4401//812 4400//812 4399//812 4398//812 4397//812 4396//812 4395//812 4394//812 4393//812 4392//812 4391//812 4390//812 4389//812 4388//812 4387//812 4386//812 4385//812 4384//812 4381//812 4380//812 4379//812 4378//812 4377//812 4472//812 4471//812 4470//812 4469//812 4468//812 4467//812 4466//812 4465//812 4464//812 4463//812 4462//812 4461//812 4460//812 4459//812 4458//812 4457//812 4456//812 4455//812 4454//812 4453//812 4452//812 4451//812 4450//812 4449//812 4448//812 4447//812 4446//812 4445//812 4444//812 4443//812 4442//812 4441//812 4440//812 4439//812 4438//812
f 4235//813 4534//813 4533//813 4532//813 4531//813 4530//813 4529//813 4528//813 4527//813 4526//813 4525//813 4524//813 4256//813 4255//813 4254//813 4253//813 4252//813 4251//813 4250//813 4249//813 4248//813 4247//813 4246//813 4245//813 4244//813 4243//813 4242//813 4241//813 4240//813 4239//813 4238//813 4237//813 4236//813
f 4492//814 4491//814 4490//814 4489//814 4488//814 4487//814 4486//814 4485//814 4484//814 4483//814 4482//814 4481//814 4480//814 4479//814 4478//814 4477//814 4476//814 4475//814 4474//814 4473//814 4472//814 4377//814 4376//814 4375//814 4374//814 4373//814 4372//814 4371//814 4370//814 4369//814 4368//814 4367//814 4366//814 4365//814 4364//814 4363//814 4362//814 4361//814 4360//814 4359//814 4358//814 4357//814 4356//814 4355//814 4354//814 4353//814 4352//814 4351//814 4350//814 4349//814 4348//814 4347//814 4346//814 4345//814 4344//814 4343//814 4285//814 4284//814 4283//814 4282//814 4281//814 4280//814 4279//814 4278//814 4277//814 4276//814 4275//814 4274//814 4273//814 4272//814 4271//814 4270//814 4269//814 4268//814 4267//814 4266//814 4265//814 4264//814 4263//814 4262//814 4261//814 4260//814 4259//814 4258//814 4257//814 4256//814 4524//814 4523//814 4522//814 4521//814 4520//814 4519//814 4518//814 4517//814 4516//814 4515//814 4514//814 4513//814 4512//814 4511//814 4510//814 4509//814 4508//814 4507//814 4506//814 4505//814 4504//814 4503//814 4502//814 4501//814 4500//814 4499//814 4498//814 4497//814 4496//814 4495//814 4494//814 4493//814
f 3659//815 3658//815 3657//815 3656//815 3655//815 3654//815 3653//815 3606//815 3605//815 3604//815 3603//815 3602//815 3601//815 3600//815 3599//815 3598//815 3597//815 3596//815 3595//815 3594//815 3593//815 3592//815 3591//815 3590//815 3589//815 3588//815 3587//815 3586//815 3585//815 3584//815 3583//815 3499//815 3498//815 3497//815 3496//815 3495//815 3494//815 3493//815 3492//815 3491//815 3490//815 3489//815 3488//815 3487//815 3486//815 3485//815 3484//815 3483//815 3482//815 3481//815 3480//815 3479//815 3478//815 3477//815 3476//815 3676//815 3675//815 3674//815 3673//815 3672//815 3671//815 3670//815 3669//815 3668//815 3667//815 3666//815 3665//815 3664//815 3663//815 3662//815 3661//815 3660//815
f 922//816 6498//816 1049//816 948//816 947//816 946//816 945//816 944//816 943//816 942//816 941//816 940//816 939//816 938//816 937//816 936//816 935//816 934//816 933//816 932//816 931//816 930//816 929//816 928//816 927//816 926//816 925//816 924//816 923//816
f 1070//817 1069//817 1068//817 1067//817 1066//817 1065//817 1064//817 1063//817 1062//817 1061//817 1060//817 1059//817 1058//817 1057//817 1056//817 1055//817 1054//817 1053//817 1052//817 1051//817 1050//817 1049//817 6498//817 6779//817 6778//817 6777//817 6776//817 6775//817 6774//817 6773//817 1098//817 1097//817 1096//817 1095//817 1094//817 1093//817 1092//817 1091//817 1090//817 1089//817 1088//817 1087//817 1086//817 1085//817 1084//817 1083//817 1082//817 1081//817 1080//817 1079//817 1078//817 1077//817 1076//817 1075//817 1074//817 1073//817 1072//817 1071//817
f 3116//818 6787//818 922//818 1929//818
f 6495//819 6787//819 3116//819 6499//819
l 1 2
l 2 3
l 3 4
l 4 5
l 5 6
l 6 7
l 7 8
l 8 9
l 9 10
l 10 11
l 11 12
l 12 13
l 13 14
l 14 15
l 15 16
l 16 17
l 17 18
l 18 19
l 19 20
l 20 21
l 21 22
l 22 23
l 23 24
l 24 25
l 25 26
l 26 27
l 27 28
l 28 29
l 29 30
l 30 31
l 31 32
l 32 33
l 33 34
l 34 35
l 35 36
l 36 37
l 37 38
l 38 39
l 39 40
l 40 41
l 41 42
l 42 43
l 43 44
l 44 45
l 45 46
l 46 47
l 47 48
l 48 49
l 49 50
l 50 51
l 51 52
l 52 53
l 53 54
l 54 55
l 55 56
l 56 57
l 57 58
l 58 59
l 59 60
l 60 61
l 61 62
l 62 63
l 63 64
l 64 65
l 65 66
l 66 67
l 67 68
l 68 69
l 69 70
l 70 71
l 71 72
l 72 73
l 73 74
l 74 75
l 75 76
l 76 77
l 77 78
l 78 79
l 79 80
l 80 81
l 81 82
l 82 83
l 83 84
l 84 85
l 85 86
l 86 87
l 87 88
l 88 89
l 89 90
l 90 91
l 91 92
l 92 93
l 93 94
l 94 95
l 95 96
l 96 97
l 97 98
l 98 99
l 99 100
l 100 101
l 101 102
l 102 103
l 103 104
l 104 105
l 105 106
l 106 107
l 107 108
l 108 109
l 109 110
l 110 111
l 111 112
l 112 113
l 113 114
l 114 115
l 115 116
l 116 117
l 117 118
l 118 119
l 119 120
l 120 121
l 121 122
l 122 123
l 123 124
l 124 125
l 125 126
l 126 127
l 127 128
l 128 129
l 129 130
l 130 131
l 131 132
l 132 133
l 133 134
l 134 135
l 135 136
l 136 137
l 137 138
l 138 139
l 139 140
l 140 141
l 141 142
l 142 143
l 143 144
l 144 145
l 145 146
l 146 147
l 147 148
l 148 149
l 149 150
l 150 151
l 151 152
l 152 153
l 153 154
l 154 155
l 155 156
l 156 157
l 157 158
l 158 159
l 159 160
l 160 161
l 161 162
l 162 163
l 163 164
l 164 165
l 165 166
l 166 167
l 167 168
l 168 169
l 169 170
l 170 171
l 171 172
l 172 173
l 173 174
l 174 175
l 175 176
l 176 177
l 177 178
l 178 179
l 179 180
l 180 181
l 181 182
l 182 183
l 183 184
l 184 185
l 185 186
l 186 187
l 187 188
l 188 189
l 189 190
l 190 191
l 191 192
l 192 193
l 193 194
l 194 195
l 195 196
l 196 197
l 197 198
l 198 199
l 199 200
l 200 201
l 201 202
l 202 203
l 203 204
l 204 205
l 205 206
l 206 207
l 207 208
l 208 209
l 209 210
l 210 211
l 211 212
l 212 213
l 213 214
l 214 215
l 215 216
l 216 217
l 217 218
l 218 219
l 219 220
l 220 221
l 221 222
l 222 223
l 223 224
l 224 225
l 225 226
l 226 227
l 227 228
l 228 229
l 229 230
l 230 231
l 231 232
l 232 233
l 233 234
l 234 235
l 235 236
l 236 237
l 237 238
l 238 239
l 239 240
l 240 241
l 241 242
l 242 243
l 243 244
l 244 245
l 245 246
l 246 247
l 247 248
l 248 249
l 249 250
l 250 251
l 251 252
l 252 253
l 253 254
l 254 255
l 255 256
l 256 257
l 257 258
l 258 259
l 259 260
l 260 261
l 261 262
l 262 263
l 263 264
l 264 265
l 265 266
l 266 267
l 267 268
l 268 269
l 269 270
l 270 271
l 271 272
l 272 273
l 273 274
l 274 275
l 275 276
l 276 277
l 277 278
l 278 279
l 279 280
l 280 281
l 281 282
l 282 283
l 283 284
l 284 285
l 285 286
l 286 287
l 287 288
l 288 289
l 289 290
l 290 291
l 291 292
l 292 293
l 293 294
l 294 295
l 295 296
l 296 297
l 297 298
l 298 299
l 299 300
l 300 301
l 301 302
l 302 303
l 303 304
l 304 305
l 305 306
l 306 307
l 307 308
l 308 309
l 309 310
l 310 311
l 311 312
l 312 313
l 313 314
l 314 315
l 315 316
l 316 317
l 317 318
l 318 319
l 319 320
l 320 321
l 321 322
l 322 323
l 323 324
l 324 325
l 325 326
l 326 327
l 327 328
l 328 329
l 329 330
l 330 331
l 331 332
l 332 333
l 333 334
l 334 335
l 335 336
l 336 337
l 337 338
l 338 339
l 339 340
l 340 341
l 341 342
l 342 343
l 343 344
l 344 345
l 345 346
l 346 347
l 347 348
l 348 349
l 350 351
l 351 352
l 352 353
l 353 354
l 354 355
l 355 356
l 356 357
l 357 358
l 358 359
l 359 360
l 360 361
l 361 362
l 362 363
l 363 364
l 364 365
l 365 366
l 366 367
l 367 368
l 368 369
l 369 370
l 370 371
l 371 372
l 372 373
l 373 374
l 374 375
l 375 376
l 376 377
l 377 378
l 378 379
l 379 380
l 380 381
l 381 382
l 382 383
l 383 384
l 384 385
l 385 386
l 386 387
l 387 388
l 388 389
l 389 390
l 390 391
l 391 392
l 392 393
l 393 394
l 394 395
l 395 396
l 396 397
l 397 398
l 398 399
l 399 400
l 400 401
l 401 402
l 402 403
l 403 404
l 404 405
l 405 406
l 406 407
l 407 408
l 408 409
l 409 410
l 410 411
l 411 412
l 412 413
l 413 414
l 414 415
l 415 416
l 416 417
l 417 418
l 418 419
l 419 420
l 420 421
l 421 422
l 422 423
l 423 424
l 424 425
l 425 426
l 426 427
l 427 428
l 428 429
l 429 430
l 430 431
l 431 432
l 432 433
l 433 434
l 434 435
l 435 436
l 436 437
l 437 438
l 438 439
l 439 440
l 440 441
l 441 442
l 442 443
l 443 444
l 444 445
l 445 446
l 446 447
l 447 448
l 448 449
l 449 450
l 450 451
l 451 452
l 452 453
l 453 454
l 454 455
l 455 456
l 456 457
l 457 458
l 458 459
l 459 460
l 460 461
l 461 462
l 462 463
l 463 464
l 464 465
l 465 466
l 466 467
l 467 468
l 468 469
l 469 470
l 470 471
l 471 472
l 472 473
l 473 474
l 474 475
l 475 476
l 476 477
l 477 478
l 478 479
l 479 480
l 480 481
l 481 482
l 482 483
l 483 484
l 484 485
l 485 486
l 486 487
l 487 488
l 488 489
l 489 490
l 490 491
l 491 492
l 492 493
l 493 494
l 494 495
l 495 496
l 496 497
l 497 498
l 498 499
l 499 500
l 500 501
l 501 502
l 502 503
l 503 504
l 504 505
l 505 506
l 506 507
l 507 508
l 508 509
l 509 510
l 510 511
l 511 512
l 512 513
l 513 514
l 514 515
l 515 516
l 516 517
l 517 518
l 518 519
l 519 520
l 520 521
l 521 522
l 522 523
l 523 524
l 524 525
l 525 526
l 526 527
l 527 528
l 528 529
l 529 530
l 530 531
l 531 532
l 532 533
l 533 534
l 534 535
l 535 536
l 536 537
l 537 538
l 538 539
l 539 540
l 540 541
l 541 542
l 542 543
l 543 544
l 544 545
l 545 546
l 546 547
l 547 548
l 548 549
l 549 550
l 550 551
l 551 552
l 552 553
l 553 554
l 554 555
l 555 556
l 556 557
l 557 558
l 558 559
l 559 560
l 560 561
l 561 562
l 562 563
l 563 564
l 564 565
l 565 566
l 566 567
l 567 568
l 568 569
l 569 570
l 570 571
l 571 572
l 572 573
l 573 574
l 574 575
l 575 576
l 576 577
l 577 578
l 578 579
l 579 580
l 580 581
l 581 582
l 582 583
l 583 584
l 584 585
l 585 586
l 586 587
l 587 588
l 588 589
l 589 590
l 590 591
l 591 592
l 592 593
l 593 594
l 594 595
l 595 596
l 596 597
l 597 598
l 598 599
l 599 600
l 600 601
l 601 602
l 602 603
l 603 604
l 604 605
l 605 606
l 606 607
l 607 608
l 608 609
l 609 610
l 610 611
l 611 612
l 612 613
l 613 614
l 614 615
l 615 616
l 616 617
l 617 618
l 618 619
l 619 620
l 620 621
l 621 622
l 622 623
l 623 624
l 624 625
l 625 626
l 626 627
l 627 628
l 628 629
l 629 630
l 630 631
l 631 632
l 632 633
l 633 634
l 634 635
l 635 636
l 636 637
l 637 638
l 639 640
l 640 641
l 641 642
l 642 643
l 643 644
l 644 645
l 645 646
l 646 647
l 647 648
l 649 650
l 650 651
l 651 652
l 652 653
l 653 654
l 654 655
l 655 656
l 656 657
l 658 659
l 659 660
l 660 661
l 661 662
l 662 663
l 663 664
l 664 665
l 665 666
l 666 667
l 667 668
l 668 669
l 669 670
l 670 671
l 671 672
l 672 673
l 673 674
l 674 675
l 675 676
l 676 677
l 677 678
l 678 679
l 679 680
l 680 681
l 681 682
l 682 683
l 683 684
l 684 685
l 685 686
l 686 687
l 687 688
l 688 689
l 689 690
l 690 691
l 691 692
l 693 694
l 694 695
l 695 696
l 696 697
l 697 698
l 698 699
l 699 700
l 700 701
l 701 702
l 703 704
l 704 705
l 705 706
l 706 707
l 707 708
l 708 709
l 709 710
l 710 711
l 712 713
l 713 714
l 714 715
l 715 716
l 716 717
l 717 718
l 718 719
l 719 720
l 720 721
l 722 723
l 723 724
l 724 725
l 725 726
l 726 727
l 727 728
l 728 729
l 729 730
l 730 731
l 731 732
l 732 733
l 733 734
l 734 735
l 735 736
l 736 737
l 737 738
l 738 739
l 739 740
l 740 741
l 741 742
l 742 743
l 743 744
l 744 745
l 745 746
l 746 747
l 747 748
l 748 749
l 749 750
l 750 751
l 751 752
l 752 753
l 753 754
l 754 755
l 983 984
l 984 985
l 1148 1149
l 1211 1212
l 1214 1215
l 1215 1216
l 1216 1217
l 1217 1218
l 1218 1219
l 1219 1220
l 1220 1221
l 1221 1222
l 1222 1223
l 1223 1224
l 1224 1225
l 1225 1226
l 1226 1227
l 1227 1228
l 1228 1229
l 1229 1230
l 1230 1231
l 1231 1232
l 1232 1233
l 1233 1234
l 1234 1235
l 1235 1236
l 1236 1237
l 1237 1238
l 1238 1239
l 1239 1240
l 1240 1241
l 1241 1242
l 1242 1243
l 1243 1244
l 1244 1245
l 1245 1246
l 1246 1247
l 1247 1248
l 1248 1249
l 1249 1250
l 1250 1251
l 1251 1252
l 1252 1253
l 1253 1254
l 1254 1255
l 1255 1256
l 1256 1257
l 1257 1258
l 1258 1259
l 1259 1260
l 1260 1261
l 1261 1262
l 1262 1263
l 1263 1264
l 1264 1265
l 1265 1266
l 1266 1267
l 1267 1268
l 1268 1269
l 1269 1270
l 1270 1271
l 1271 1272
l 1272 1273
l 1273 1274
l 1274 1275
l 1275 1276
l 1276 1277
l 1277 1278
l 1278 1279
l 1279 1280
l 1280 1281
l 1281 1282
l 1282 1283
l 1283 1284
l 1284 1285
l 1285 1286
l 1286 1287
l 1287 1288
l 1288 1289
l 1289 1290
l 1290 1291
l 1291 1292
l 1292 1293
l 1293 1294
l 1294 1295
l 1295 1296
l 1296 1297
l 1298 1299
l 1299 1300
l 1300 1301
l 1301 1302
l 1302 1303
l 1303 1304
l 1304 1305
l 1305 1306
l 1306 1307
l 1307 1308
l 1308 1309
l 1309 1310
l 1310 1311
l 1311 1312
l 1312 1313
l 1313 1314
l 1314 1315
l 1315 1316
l 1316 1317
l 1317 1318
l 1318 1319
l 1319 1320
l 1320 1321
l 1321 1322
l 1322 1323
l 1323 1324
l 1324 1325
l 1325 1326
l 1326 1327
l 1327 1328
l 1328 1329
l 1329 1330
l 1330 1331
l 1331 1332
l 1332 1333
l 1333 1334
l 1334 1335
l 1335 1336
l 1336 1337
l 1337 1338
l 1338 1339
l 1339 1340
l 1340 1341
l 1341 1342
l 1342 1343
l 1343 1344
l 1344 1345
l 1345 1346
l 1346 1347
l 1347 1348
l 1348 1349
l 1349 1350
l 1350 1351
l 1351 1352
l 1352 1353
l 1353 1354
l 1354 1355
l 1355 1356
l 1356 1357
l 1357 1358
l 1358 1359
l 1359 1360
l 1360 1361
l 1361 1362
l 1362 1363
l 1363 1364
l 1364 1365
l 1365 1366
l 1366 1367
l 1367 1368
l 1368 1369
l 1369 1370
l 1370 1371
l 1371 1372
l 1372 1373
l 1373 1374
l 1374 1375
l 1375 1376
l 1376 1377
l 1377 1378
l 1378 1379
l 1379 1380
l 1380 1381
l 1382 1383
l 1384 1385
l 1386 1387
l 1387 1388
l 1388 1389
l 1389 1390
l 1390 1391
l 1391 1392
l 1392 1393
l 1393 1394
l 1394 1395
l 1395 1396
l 1396 1397
l 1397 1398
l 1398 1399
l 1399 1400
l 1400 1401
l 1401 1402
l 1402 1403
l 1403 1404
l 1404 1405
l 1405 1406
l 1406 1407
l 1407 1408
l 1408 1409
l 1409 1410
l 1410 1411
l 1411 1412
l 1412 1413
l 1413 1414
l 1414 1415
l 1415 1416
l 1416 1417
l 1417 1418
l 1418 1419
l 1419 1420
l 1420 1421
l 1421 1422
l 1422 1423
l 1423 1424
l 1424 1425
l 1425 1426
l 1426 1427
l 1427 1428
l 1428 1429
l 1429 1430
l 1430 1431
l 1431 1432
l 1432 1433
l 1433 1434
l 1434 1435
l 1435 1436
l 1436 1437
l 1437 1438
l 1438 1439
l 1439 1440
l 1440 1441
l 1441 1442
l 1442 1443
l 1443 1444
l 1444 1445
l 1445 1446
l 1446 1447
l 1447 1448
l 1448 1449
l 1449 1450
l 1450 1451
l 1451 1452
l 1452 1453
l 1453 1454
l 1454 1455
l 1455 1456
l 1456 1457
l 1457 1458
l 1458 1459
l 1459 1460
l 1460 1461
l 1461 1462
l 1462 1463
l 1463 1464
l 1464 1465
l 1465 1466
l 1466 1467
l 1467 1468
l 1468 1469
l 1469 1470
l 1470 1471
l 1471 1472
l 1472 1473
l 1473 1474
l 1474 1475
l 1475 1476
l 1476 1477
l 1477 1478
l 1478 1479
l 1479 1480
l 1480 1481
l 1481 1482
l 1482 1483
l 1483 1484
l 1484 1485
l 1485 1486
l 1486 1487
l 1487 1488
l 1488 1489
l 1489 1490
l 1490 1491
l 1491 1492
l 1492 1493
l 1493 1494
l 1494 1495
l 1495 1496
l 1496 1497
l 1497 1498
l 1498 1499
l 1499 1500
l 1500 1501
l 1501 1502
l 1502 1503
l 1503 1504
l 1504 1505
l 1505 1506
l 1506 1507
l 1507 1508
l 1508 1509
l 1509 1510
l 1510 1511
l 1511 1512
l 1512 1513
l 1513 1514
l 1514 1515
l 3466 3066
l 3038 3510
l 1516 1517
l 1517 1518
l 1518 1519
l 1519 1520
l 1520 1521
l 1521 1522
l 1522 1523
l 1523 1524
l 1525 1526
l 1526 1527
l 1527 1528
l 1528 1529
l 1529 1530
l 1530 1531
l 1531 1532
l 1532 1533
l 1534 1535
l 1535 1536
l 1536 1537
l 1537 1538
l 1538 1539
l 1539 1540
l 1540 1541
l 1541 1542
l 1542 1543
l 1543 1544
l 1544 1545
l 1545 1546
l 1546 1547
l 1547 1548
l 1548 1549
l 1549 1550
l 1550 1551
l 1551 1552
l 1552 1553
l 1553 1554
l 1554 1555
l 1555 1556
l 1556 1557
l 1557 1558
l 1558 1559
l 1559 1560
l 1560 1561
l 1561 1562
l 1562 1563
l 1563 1564
l 1564 1565
l 1565 1566
l 1566 1567
l 1567 1568
l 1568 1569
l 1569 1570
l 1570 1571
l 1571 1572
l 1572 1573
l 1573 1574
l 1574 1575
l 1575 1576
l 1576 1577
l 1577 1578
l 1578 1579
l 1579 1580
l 1580 1581
l 1581 1582
l 1582 1583
l 1583 1584
l 1584 1585
l 1585 1586
l 1586 1587
l 1587 1588
l 1588 1589
l 1589 1590
l 1590 1591
l 1592 1593
l 1593 1594
l 1594 1595
l 1595 1596
l 1596 1597
l 1597 1598
l 1598 1599
l 1599 1600
l 1600 1601
l 1601 1602
l 1602 1603
l 1603 1604
l 1604 1605
l 1605 1606
l 1606 1607
l 1607 1608
l 1608 1609
l 1609 1610
l 1610 1611
l 1611 1612
l 1612 1613
l 1613 1614
l 1614 1615
l 1615 1616
l 1616 1617
l 1617 1618
l 1618 1619
l 1619 1620
l 1620 1621
l 1621 1622
l 1622 1623
l 1623 1624
l 1624 1625
l 1625 1626
l 1626 1627
l 1627 1628
l 1628 1629
l 1629 1630
l 1630 1631
l 1631 1632
l 1632 1633
l 1633 1634
l 1634 1635
l 1635 1636
l 1636 1637
l 1637 1638
l 1638 1639
l 1639 1640
l 1640 1641
l 1641 1642
l 1642 1643
l 1643 1644
l 1644 1645
l 1645 1646
l 1646 1647
l 1647 1648
l 1648 1649
l 1649 1650
l 1650 1651
l 1651 1652
l 1652 1653
l 1653 1654
l 1654 1655
l 1655 1656
l 1656 1657
l 1657 1658
l 1658 1659
l 1659 1660
l 1660 1661
l 1661 1662
l 1662 1663
l 1663 1664
l 1664 1665
l 1665 1666
l 1666 1667
l 1667 1668
l 1668 1669
l 1669 1670
l 1670 1671
l 1671 1672
l 1672 1673
l 1673 1674
l 1674 1675
l 1677 1678
l 1678 1679
l 1679 1680
l 1680 1681
l 1681 1682
l 1682 1683
l 1683 1684
l 1684 1685
l 1685 1686
l 1686 1687
l 1687 1688
l 1689 1690
l 1690 1691
l 1691 1692
l 1692 1693
l 1693 1694
l 1694 1695
l 1695 1696
l 1697 1698
l 1698 1699
l 1699 1700
l 1700 1701
l 1701 1702
l 1702 1703
l 1703 1704
l 1704 1705
l 1705 1706
l 1706 1707
l 1708 1709
l 1709 1710
l 1710 1711
l 1711 1712
l 1712 1713
l 1713 1714
l 1714 1715
l 1715 1716
l 1717 1718
l 1718 1719
l 1719 1720
l 1720 1721
l 1721 1722
l 1722 1723
l 1723 1724
l 1724 1725
l 1725 1726
l 1726 1727
l 1729 1730
l 1730 1731
l 1731 1732
l 1732 1733
l 1733 1734
l 1734 1735
l 1735 1736
l 1736 1737
l 1737 1738
l 1738 1739
l 1739 1740
l 1740 1741
l 1741 1742
l 1742 1743
l 1743 1744
l 1744 1745
l 1745 1746
l 1746 1747
l 1747 1748
l 1748 1749
l 1749 1750
l 1750 1751
l 1751 1752
l 1752 1753
l 1753 1754
l 1764 1765
l 1850 1851
l 1957 1958
l 1958 1959
l 2065 2066
l 2308 2309
l 2322 2323
l 2348 2349
l 2530 2531
l 2531 2532
l 2532 2533
l 2533 2534
l 2534 2535
l 2535 2536
l 2536 2537
l 2537 2538
l 2538 2539
l 2539 2540
l 2565 2566
l 2933 2934
l 3224 3225
l 3276 3277
l 3515 3516
l 3792 3793
l 4381 4382
l 4647 4648
l 4648 4649
l 4649 4650
l 4650 4651
l 4651 4652
l 4652 4653
l 4653 4654
l 4654 4655
l 4655 4656
l 4656 4657
l 4657 4658
l 4658 4659
l 5627 5628
l 6111 6112
l 6112 6113
l 6113 6114
l 6114 6115
l 6115 6116
l 6116 6117
l 6117 6118
l 6118 6119
l 6119 6120
l 6120 6121
l 6121 6122
l 6122 6123
l 6123 6124
l 6448 6449
l 6449 6450
l 6450 6451
l 6451 6452
l 6452 6453
l 6453 6454
l 6454 6455
l 6455 6456
l 6456 6457
l 6457 6458
l 6458 6459
l 6459 4647
l 1193 6460
l 1194 6460
l 2413 2410
l 2411 2412
l 2911 6488
l 6488 6489
l 6489 6490
l 1361 6491
l 1193 4157
o BézierCurve.001
v 539.257202 -70.565277 1427.567749
v 539.448181 -70.565277 1427.567749
v 539.534973 -70.565277 1427.567749
v 539.538452 -70.565277 1427.567749
v 539.479431 -70.565277 1427.567749
v 539.378784 -70.565277 1427.567749
v 539.257202 -70.565277 1427.567749
v 539.135742 -70.565277 1427.567749
v 539.035034 -70.565277 1427.567749
v 538.976013 -70.565277 1427.567749
v 538.979492 -70.565277 1427.567749
v 539.066284 -70.565277 1427.567749
v 539.257202 -70.565277 1427.567749
v 537.733032 -70.657860 1423.283081
v 533.077881 -70.913818 1411.437378
v 525.918030 -71.300484 1393.542847
v 516.879578 -71.785179 1371.111572
v 506.588776 -72.335220 1345.655884
v 495.671783 -72.917938 1318.688110
v 484.754791 -73.500656 1291.720215
v 474.463989 -74.050697 1266.264526
v 465.425568 -74.535393 1243.833252
v 458.265686 -74.922058 1225.938721
v 453.610596 -75.178017 1214.093018
v 452.086365 -75.270599 1209.808350
v 451.042297 -75.290169 1206.398071
v 447.714600 -75.344276 1196.969482
v 442.559937 -75.426010 1182.726318
v 436.035126 -75.528465 1164.872314
v 428.596832 -75.644737 1144.610962
v 420.701813 -75.767914 1123.145996
v 412.806793 -75.891090 1101.681030
v 405.368500 -76.007362 1081.419678
v 398.843689 -76.109818 1063.565552
v 393.689026 -76.191551 1049.322510
v 390.361328 -76.245659 1039.893921
v 389.317230 -76.265228 1036.483643
v 389.508209 -76.265228 1036.483643
v 389.595001 -76.265228 1036.483643
v 389.598480 -76.265228 1036.483643
v 389.539459 -76.265228 1036.483643
v 389.438751 -76.265228 1036.483643
v 389.317230 -76.265228 1036.483643
v 389.195709 -76.265228 1036.483643
v 389.095001 -76.265228 1036.483643
v 389.035980 -76.265228 1036.483643
v 389.039459 -76.265228 1036.483643
v 389.126251 -76.265228 1036.483643
v 389.317230 -76.265228 1036.483643
v 387.814606 -76.239685 1031.284546
v 383.219086 -76.169067 1016.910706
v 376.149292 -76.062393 995.196960
v 367.223755 -75.928680 967.978333
v 357.061066 -75.776932 937.089783
v 346.279816 -75.616173 904.366272
v 335.498566 -75.455414 871.642761
v 325.335876 -75.303665 840.754211
v 316.410339 -75.169952 813.535583
v 309.340546 -75.063278 791.821838
v 304.745026 -74.992661 777.447937
v 303.242401 -74.967133 772.248962
v 302.312958 -74.902473 768.469116
v 299.302124 -74.723709 758.019043
v 294.626160 -74.453659 742.232727
v 288.701416 -74.115143 722.444275
v 281.944092 -73.730988 699.987732
v 274.770477 -73.324013 676.197144
v 267.596863 -72.917038 652.406555
v 260.839539 -72.532883 629.950012
v 254.914780 -72.194366 610.161560
v 250.238846 -71.924316 594.375305
v 247.228012 -71.745552 583.925232
v 246.298553 -71.680878 580.145386
v 245.379944 -71.535698 575.688293
v 242.399094 -71.134323 563.365723
v 237.768448 -70.527992 544.750793
v 231.900452 -69.767944 521.416565
v 225.207550 -68.905418 494.936157
v 218.102203 -67.991653 466.882629
v 210.996857 -67.077888 438.829102
v 204.303970 -66.215363 412.348694
v 198.435974 -65.455315 389.014465
v 193.805328 -64.848984 370.399536
v 190.824463 -64.447609 358.076965
v 189.905869 -64.302460 353.619934
v 189.382751 -64.225266 350.449097
v 187.495331 -64.011856 341.682739
v 184.516449 -63.689468 328.439941
v 180.718979 -63.285347 311.839844
v 176.375778 -62.826736 293.001465
v 171.759720 -62.340881 273.043945
v 167.143661 -61.855026 253.086426
v 162.800461 -61.396416 234.248047
v 159.002991 -60.992294 217.647949
v 156.024109 -60.669907 204.405151
v 154.136688 -60.456497 195.638794
v 153.613556 -60.379303 192.468140
v 153.065506 -60.314590 189.001831
v 151.109116 -60.135681 179.418579
v 148.026062 -59.865417 164.941772
v 144.098007 -59.526634 146.794678
v 139.606613 -59.142174 126.200806
v 134.833557 -58.734871 104.383545
v 130.060501 -58.327568 82.566284
v 125.569107 -57.943108 61.972412
v 121.641052 -57.604324 43.825439
v 118.557999 -57.334061 29.348633
v 116.601608 -57.155151 19.765381
v 116.053528 -57.090424 16.299194
v 115.365753 -57.055237 13.338379
v 113.023087 -56.957954 5.152710
v 109.356506 -56.810997 -7.212769
v 104.696991 -56.626785 -22.713257
v 99.375519 -56.417732 -40.303589
v 93.723068 -56.196259 -58.938965
v 88.070618 -55.974785 -77.574341
v 82.749146 -55.765732 -95.164673
v 78.089630 -55.581520 -110.665161
v 74.423050 -55.434563 -123.030640
v 72.080383 -55.337280 -131.216309
v 71.392609 -55.302094 -134.177002
v 70.893127 -55.307655 -135.727417
v 69.071030 -55.323029 -140.013916
v 66.190826 -55.346252 -146.489258
v 62.517059 -55.375359 -154.606201
v 58.314240 -55.408394 -163.817505
v 53.846909 -55.443390 -173.576050
v 49.379578 -55.478386 -183.334595
v 45.176758 -55.511421 -192.545898
v 41.502991 -55.540527 -200.662842
v 38.622803 -55.563751 -207.138184
v 36.800690 -55.579124 -211.424683
v 36.301208 -55.584686 -212.975098
v 35.542236 -55.589417 -214.606812
v 33.002716 -55.602493 -219.117920
v 29.038788 -55.622253 -225.932495
v 24.006531 -55.647018 -234.474731
v 18.262054 -55.675125 -244.168701
v 12.161469 -55.704903 -254.438599
v 6.060883 -55.734680 -264.708496
v 0.316406 -55.762787 -274.402466
v -4.715851 -55.787552 -282.944702
v -8.679779 -55.807312 -289.759277
v -11.219299 -55.820389 -294.270386
v -11.978271 -55.825104 -295.901978
v -12.645172 -55.829834 -297.103760
v -14.930145 -55.842903 -300.426392
v -18.509552 -55.862648 -305.445801
v -23.059814 -55.887398 -311.737671
v -28.257294 -55.915482 -318.877930
v -33.778381 -55.945236 -326.442261
v -39.299469 -55.974991 -334.006592
v -44.496948 -56.003075 -341.146851
v -49.047211 -56.027824 -347.438721
v -52.626617 -56.047569 -352.458008
v -54.911591 -56.060638 -355.780640
v -55.578491 -56.065338 -356.982544
v -56.498779 -56.069466 -358.291382
v -59.484253 -56.080887 -361.909790
v -64.121887 -56.098137 -367.375977
v -69.998627 -56.119759 -374.227905
v -76.701447 -56.144295 -382.003662
v -83.817291 -56.170288 -390.241333
v -90.933136 -56.196281 -398.479004
v -97.635956 -56.220818 -406.254761
v -103.512695 -56.242439 -413.106689
v -108.150330 -56.259689 -418.572876
v -111.135803 -56.271111 -422.191284
v -112.056030 -56.275238 -423.500244
v -113.453552 -56.279289 -424.979004
v -117.758484 -56.290497 -429.067505
v -124.389343 -56.307426 -435.243774
v -132.764648 -56.328651 -442.985840
v -142.302917 -56.352737 -451.771729
v -152.422668 -56.378258 -461.079590
v -162.542419 -56.403778 -470.387451
v -172.080688 -56.427864 -479.173340
v -180.455994 -56.449089 -486.915405
v -187.086853 -56.466019 -493.091675
v -191.391785 -56.477226 -497.180176
v -192.789215 -56.481293 -498.658691
v -194.002502 -56.514503 -499.685669
v -197.798096 -56.606316 -502.525146
v -203.659515 -56.745010 -506.814453
v -211.070312 -56.918861 -512.191284
v -219.514038 -57.116158 -518.293091
v -228.474243 -57.325172 -524.757324
v -237.434448 -57.534187 -531.221558
v -245.878174 -57.731483 -537.323364
v -253.289001 -57.905334 -542.700195
v -259.150452 -58.044029 -546.989502
v -262.946045 -58.135841 -549.828979
v -264.159302 -58.169037 -550.855957
v -265.197083 -58.172249 -551.570923
v -268.507385 -58.181129 -553.547729
v -273.635681 -58.194542 -556.533936
v -280.127502 -58.211357 -560.277222
v -287.528381 -58.230438 -564.525146
v -295.383728 -58.250648 -569.025513
v -303.239075 -58.270859 -573.525879
v -310.639954 -58.289940 -577.773804
v -317.131775 -58.306755 -581.517090
v -322.260071 -58.320168 -584.503296
v -325.570374 -58.329048 -586.480103
v -326.608154 -58.332245 -587.195068
v -327.959839 -58.335304 -587.978882
v -332.137939 -58.343758 -590.145874
v -338.577271 -58.356529 -593.419312
v -346.712463 -58.372536 -597.522705
v -355.978210 -58.390701 -602.179321
v -365.809265 -58.409943 -607.112549
v -375.640320 -58.429184 -612.045776
v -384.906067 -58.447350 -616.702393
v -393.041260 -58.463356 -620.805786
v -399.480591 -58.476128 -624.079224
v -403.658691 -58.484581 -626.246216
v -405.010376 -58.487640 -627.029785
v -405.826233 -58.489113 -627.446289
v -408.523010 -58.493187 -628.597778
v -412.724548 -58.499336 -630.337280
v -418.054688 -58.507042 -632.517700
v -424.137146 -58.515793 -634.992188
v -430.595825 -58.525063 -637.613647
v -437.054504 -58.534332 -640.235107
v -443.136963 -58.543083 -642.709595
v -448.467041 -58.550789 -644.890015
v -452.668579 -58.556938 -646.629517
v -455.365356 -58.561012 -647.781006
v -456.181335 -58.562469 -648.197510
v -457.672058 -58.572876 -648.722900
v -462.234558 -58.601654 -650.175415
v -469.254517 -58.645126 -652.369629
v -478.117615 -58.699615 -655.120117
v -488.209412 -58.761452 -658.241577
v -498.915588 -58.826965 -661.548462
v -509.621765 -58.892479 -664.855347
v -519.713562 -58.954315 -667.976807
v -528.576660 -59.008804 -670.727295
v -535.596619 -59.052277 -672.921631
v -540.159119 -59.081055 -674.374268
v -541.649902 -59.091461 -674.899414
v -542.699524 -59.113968 -675.170898
v -546.042664 -59.176193 -675.921143
v -551.220581 -59.270195 -677.054443
v -557.774597 -59.388031 -678.475098
v -565.245972 -59.521751 -680.087402
v -573.176025 -59.663414 -681.795410
v -581.106079 -59.805077 -683.503418
v -588.577454 -59.938797 -685.115723
v -595.131470 -60.056633 -686.536377
v -600.309387 -60.150635 -687.669678
v -603.652527 -60.212860 -688.419922
v -604.702087 -60.235382 -688.691895
v -605.752991 -60.236099 -688.931885
v -609.099609 -60.238075 -689.595703
v -614.282837 -60.241058 -690.598389
v -620.843506 -60.244797 -691.855469
v -628.322449 -60.249039 -693.281982
v -636.260559 -60.253532 -694.793213
v -644.198669 -60.258026 -696.304443
v -651.677612 -60.262268 -697.730957
v -658.238281 -60.266006 -698.988037
v -663.421509 -60.268990 -699.990723
v -666.768127 -60.270966 -700.654541
v -667.819153 -60.271637 -700.894287
v -670.490906 -60.272621 -701.324463
v -678.318726 -60.275337 -702.514160
v -690.271362 -60.279442 -704.311279
v -705.317627 -60.284584 -706.563965
v -722.426270 -60.290421 -709.120361
v -740.566162 -60.296600 -711.828613
v -758.706055 -60.302780 -714.536865
v -775.814697 -60.308617 -717.093262
v -790.860962 -60.313759 -719.345947
v -802.813599 -60.317863 -721.143066
v -810.641357 -60.320580 -722.332764
v -813.313232 -60.321564 -722.762695
v -814.688232 -60.338799 -722.986084
v -818.931030 -60.386444 -723.603760
v -825.468018 -60.458420 -724.536865
v -833.725708 -60.548645 -725.706543
v -843.130493 -60.651039 -727.033936
v -853.108765 -60.759514 -728.440186
v -863.087036 -60.867989 -729.846436
v -872.491821 -60.970383 -731.173828
v -880.749390 -61.060608 -732.343506
v -887.286377 -61.132584 -733.276611
v -891.529175 -61.180229 -733.894287
v -892.904175 -61.197479 -734.118164
v -894.461182 -61.190971 -734.560059
v -899.207031 -61.172989 -735.781982
v -906.503906 -61.145821 -737.627686
v -915.714111 -61.111763 -739.941406
v -926.199829 -61.073112 -742.566895
v -937.323364 -61.032166 -745.348389
v -948.446899 -60.991219 -748.129883
v -958.932617 -60.952568 -750.755371
v -968.142822 -60.918510 -753.069092
v -975.439697 -60.891342 -754.914795
v -980.185547 -60.873360 -756.136719
v -981.742310 -60.866852 -756.578613
v -983.776123 -60.882904 -757.320312
v -989.840210 -60.927292 -759.370605
v -999.128540 -60.994347 -762.468018
v -1010.834961 -61.078400 -766.350586
v -1024.153564 -61.173782 -770.756836
v -1038.278198 -61.274834 -775.424805
v -1052.402832 -61.375885 -780.092773
v -1065.721436 -61.471268 -784.499023
v -1077.427856 -61.555321 -788.381592
v -1086.716187 -61.622375 -791.479004
v -1092.780273 -61.666763 -793.529297
v -1094.814087 -61.682831 -794.270996
v -1096.141357 -61.697075 -794.986572
v -1100.252075 -61.736450 -796.964600
v -1106.589600 -61.795929 -799.952881
v -1114.597290 -61.870491 -803.698730
v -1123.718262 -61.955101 -807.949707
v -1133.395996 -62.044739 -812.453125
v -1143.073730 -62.134377 -816.956543
v -1152.194702 -62.218987 -821.207520
v -1160.202393 -62.293549 -824.953369
v -1166.539917 -62.353027 -827.941650
v -1170.650635 -62.392403 -829.919678
v -1171.978149 -62.406647 -830.635254
v -1172.705200 -62.420998 -831.091064
v -1175.156372 -62.460678 -832.351318
v -1178.986816 -62.520622 -834.255127
v -1183.851807 -62.595764 -836.641602
v -1189.406494 -62.681038 -839.349854
v -1195.305908 -62.771378 -842.218994
v -1201.205322 -62.861717 -845.088135
v -1206.760010 -62.946991 -847.796387
v -1211.625000 -63.022133 -850.182861
v -1215.455444 -63.082077 -852.086670
v -1217.906616 -63.121758 -853.346924
v -1218.633667 -63.136139 -853.802734
v -1220.375366 -63.125473 -855.058105
v -1225.631714 -63.095985 -858.528564
v -1233.699829 -63.051437 -863.771240
v -1243.876831 -62.995598 -870.343018
v -1255.459717 -62.932228 -877.800781
v -1267.745483 -62.865089 -885.701660
v -1280.031250 -62.797951 -893.602539
v -1291.614136 -62.734581 -901.060303
v -1301.791138 -62.678741 -907.632080
v -1309.859253 -62.634193 -912.874756
v -1315.115601 -62.604706 -916.345215
v -1316.857422 -62.594025 -917.600342
v -1314.979004 -89.429962 -210.187012
v -1314.388794 -89.429657 -210.110229
v -1312.977539 -89.428810 -209.677490
v -1310.909546 -89.427536 -208.959961
v -1308.348877 -89.425941 -208.028809
v -1305.459839 -89.424126 -206.955322
v -1302.406616 -89.422203 -205.810669
v -1299.353394 -89.420280 -204.666016
v -1296.464355 -89.418465 -203.592529
v -1293.903687 -89.416870 -202.661377
v -1291.835693 -89.415596 -201.943848
v -1290.424438 -89.414749 -201.511108
v -1289.833984 -89.414459 -201.434448
v -1288.208618 -89.379738 -201.135864
v -1283.935425 -89.283737 -200.089600
v -1277.543945 -89.138710 -198.445312
v -1269.563721 -88.956917 -196.352417
v -1260.524414 -88.750610 -193.960449
v -1250.955566 -88.532051 -191.418945
v -1241.386719 -88.313492 -188.877441
v -1232.347412 -88.107185 -186.485474
v -1224.367188 -87.925392 -184.392578
v -1217.975708 -87.780365 -182.748291
v -1213.702515 -87.684364 -181.702026
v -1212.077026 -87.649628 -181.403320
v -1210.902588 -87.623131 -181.199463
v -1207.876221 -87.549881 -180.415405
v -1203.368408 -87.439232 -179.167114
v -1197.749390 -87.300529 -177.570679
v -1191.389648 -87.143127 -175.742065
v -1184.659546 -86.976372 -173.797485
v -1177.929443 -86.809616 -171.852905
v -1171.569702 -86.652214 -170.024292
v -1165.950684 -86.513512 -168.427856
v -1161.442871 -86.402863 -167.179565
v -1158.416504 -86.329613 -166.395508
v -1157.242065 -86.303131 -166.191650
v -1155.836304 -86.287437 -166.025879
v -1152.170532 -86.244057 -165.347046
v -1146.696655 -86.178528 -164.257690
v -1139.866699 -86.096382 -162.860596
v -1132.132690 -86.003166 -161.258179
v -1123.946655 -85.904411 -159.553223
v -1115.760620 -85.805656 -157.848267
v -1108.026611 -85.712440 -156.245850
v -1101.196655 -85.630295 -154.848755
v -1095.722778 -85.564766 -153.759399
v -1092.057007 -85.521385 -153.080566
v -1090.651489 -85.505707 -152.914795
v -1088.678589 -85.475334 -152.688843
v -1083.444702 -85.391373 -151.843506
v -1075.601929 -85.264534 -150.502686
v -1065.802612 -85.105545 -148.790161
v -1054.698853 -84.925117 -146.829956
v -1042.942871 -84.733971 -144.745850
v -1031.186890 -84.542824 -142.661743
v -1020.083130 -84.362396 -140.701538
v -1010.283813 -84.203407 -138.989014
v -1002.441040 -84.076569 -137.648193
v -997.207153 -83.992607 -136.802856
v -995.234009 -83.962250 -136.576904
v -993.589478 -83.932549 -136.412720
v -989.263428 -83.850441 -135.738281
v -982.792236 -83.726410 -134.655518
v -974.712158 -83.570930 -133.266602
v -965.559448 -83.394493 -131.673584
v -955.870483 -83.207573 -129.978516
v -946.181519 -83.020653 -128.283447
v -937.028809 -82.844215 -126.690430
v -928.948730 -82.688736 -125.301514
v -922.477539 -82.564705 -124.218750
v -918.151489 -82.482597 -123.544312
v -916.507202 -82.452911 -123.380249
v -913.057129 -82.400787 -123.146240
v -903.739380 -82.256691 -122.278687
v -889.727417 -82.039009 -120.904297
v -872.194824 -81.766136 -119.149902
v -852.315186 -81.456474 -117.142090
v -831.261963 -81.128418 -115.007568
v -810.208740 -80.800362 -112.873047
v -790.329102 -80.490700 -110.865234
v -772.796509 -80.217827 -109.110840
v -758.784546 -80.000145 -107.736450
v -749.466797 -79.856049 -106.868896
v -746.016724 -79.803925 -106.634766
v -742.101440 -79.771812 -106.309326
v -731.497437 -79.683037 -105.189087
v -715.542419 -79.548927 -103.432983
v -695.574158 -79.380821 -101.199951
v -672.930420 -79.190048 -98.649048
v -648.948975 -78.987946 -95.939209
v -624.967529 -78.785843 -93.229370
v -602.323792 -78.595070 -90.678467
v -582.355530 -78.426964 -88.445435
v -566.400513 -78.292854 -86.689331
v -555.796509 -78.204079 -85.569092
v -551.881287 -78.171967 -85.243774
v -548.528687 -78.159981 -84.955566
v -539.480347 -78.126846 -83.937988
v -525.875427 -78.076790 -82.337036
v -508.853027 -78.014046 -80.298584
v -489.552368 -77.942841 -77.968384
v -469.112549 -77.867401 -75.492310
v -448.672729 -77.791962 -73.016235
v -429.372070 -77.720757 -70.686035
v -412.349670 -77.658012 -68.647583
v -398.744751 -77.607956 -67.046631
v -389.696411 -77.574821 -66.029053
v -386.343933 -77.562836 -65.740845
v -383.532043 -77.558456 -65.482666
v -375.978516 -77.546356 -64.548340
v -364.631714 -77.528076 -63.072998
v -350.439941 -77.505165 -61.192017
v -334.351562 -77.479164 -59.040527
v -317.314880 -77.451622 -56.753784
v -300.278198 -77.424080 -54.467041
v -284.189819 -77.398079 -52.315552
v -269.998047 -77.375168 -50.434570
v -258.651245 -77.356888 -48.959229
v -251.097717 -77.344788 -48.024902
v -248.285889 -77.340424 -47.766846
v -245.361511 -77.352875 -47.439087
v -237.497070 -77.387299 -46.312256
v -225.680603 -77.439301 -44.546143
v -210.900085 -77.504486 -42.300537
v -194.143524 -77.578461 -39.735352
v -176.398956 -77.656830 -37.010376
v -158.654388 -77.735199 -34.285400
v -141.897827 -77.809174 -31.720215
v -127.117310 -77.874359 -29.474609
v -115.300812 -77.926361 -27.708496
v -107.436371 -77.960785 -26.581665
v -104.511963 -77.973236 -26.253906
v -101.240143 -78.002373 -25.928711
v -92.415070 -78.082924 -24.808960
v -79.147400 -78.204605 -23.053467
v -62.547791 -78.357140 -20.821289
v -43.726898 -78.530243 -18.271240
v -23.795349 -78.713623 -15.562378
v -3.863800 -78.897003 -12.853516
v 14.957092 -79.070107 -10.303467
v 31.556702 -79.222641 -8.071289
v 44.824371 -79.344322 -6.315796
v 53.649445 -79.424873 -5.196045
v 56.921234 -79.454010 -4.870728
v 59.097977 -79.449066 -4.553833
v 64.895447 -79.435387 -3.457153
v 73.589508 -79.414726 -1.736694
v 84.456009 -79.388832 0.451660
v 96.770798 -79.359444 2.951904
v 109.809738 -79.328308 5.608154
v 122.848679 -79.297173 8.264404
v 135.163467 -79.267784 10.764648
v 146.029968 -79.241890 12.953003
v 154.724030 -79.221230 14.673462
v 160.521515 -79.207550 15.770142
v 162.698242 -79.202606 16.086792
v 164.828949 -79.186676 16.493652
v 170.499115 -79.142632 17.839111
v 179.000854 -79.076096 19.935425
v 189.626282 -78.992699 22.594849
v 201.667496 -78.898056 25.629761
v 214.416595 -78.797791 28.852417
v 227.165710 -78.697525 32.075073
v 239.206924 -78.602882 35.109985
v 249.832352 -78.519485 37.769409
v 258.334106 -78.452950 39.865723
v 264.004272 -78.408905 41.211182
v 266.134949 -78.392975 41.618042
v 267.390533 -78.364021 41.869629
v 270.641296 -78.283981 42.785645
v 275.488190 -78.163063 44.233276
v 281.532166 -78.011490 46.079590
v 288.374207 -77.839485 48.191772
v 295.615295 -77.657257 50.436768
v 302.856354 -77.475029 52.681763
v 309.698425 -77.303024 54.793945
v 315.742401 -77.151451 56.640259
v 320.589264 -77.030533 58.087891
v 323.840027 -76.950493 59.003906
v 325.095612 -76.921539 59.255615
v 326.725800 -76.905243 59.660400
v 331.012207 -76.860191 61.000122
v 337.423615 -76.792137 63.087769
v 345.428741 -76.706825 65.736328
v 354.496338 -76.610008 68.758789
v 364.095215 -76.507446 71.968262
v 373.694061 -76.404884 75.177734
v 382.761658 -76.308067 78.200195
v 390.766785 -76.222755 80.848755
v 397.178192 -76.154701 82.936401
v 401.464600 -76.109650 84.276123
v 403.094788 -76.093353 84.680664
v 405.041931 -76.051552 85.354736
v 410.204681 -75.935989 87.439087
v 417.939850 -75.761421 90.651489
v 427.604370 -75.542595 94.710083
v 438.555145 -75.294266 99.332764
v 450.149017 -75.031181 104.237427
v 461.742889 -74.768097 109.142090
v 472.693665 -74.519768 113.764771
v 482.358185 -74.300941 117.823364
v 490.093384 -74.126373 121.035767
v 495.256104 -74.010811 123.120117
v 497.203247 -73.969025 123.794067
v 499.230103 -73.947128 124.622070
v 504.613220 -73.886581 127.131958
v 512.681274 -73.795120 130.987305
v 522.763123 -73.680473 135.851807
v 534.187439 -73.550369 141.389038
v 546.283020 -73.412537 147.262695
v 558.378601 -73.274704 153.136353
v 569.802917 -73.144600 158.673584
v 579.884766 -73.029953 163.538086
v 587.952820 -72.938492 167.393433
v 593.335938 -72.877945 169.903320
v 595.362793 -72.856049 170.731445
v 597.191223 -72.844528 171.531372
v 602.025696 -72.812683 173.963623
v 609.265015 -72.764572 177.701782
v 618.307983 -72.704262 182.419312
v 628.553345 -72.635826 187.789795
v 639.399902 -72.563324 193.486694
v 650.246460 -72.490822 199.183594
v 660.491821 -72.422386 204.554077
v 669.534729 -72.362076 209.271606
v 676.774048 -72.313965 213.009766
v 681.608521 -72.282120 215.442017
v 683.436890 -72.270599 216.241821
v 685.521851 -72.247414 217.094116
v 691.065552 -72.183304 219.671143
v 699.376343 -72.086464 223.627930
v 709.762329 -71.965073 228.619507
v 721.531799 -71.827309 234.301025
v 733.993042 -71.681366 240.327393
v 746.454285 -71.535423 246.353760
v 758.223755 -71.397659 252.035278
v 768.609741 -71.276268 257.026855
v 776.920532 -71.179428 260.983643
v 782.464233 -71.115318 263.560669
v 784.549194 -71.092133 264.413086
v 787.232788 -71.088188 265.489746
v 794.431519 -71.077286 268.687012
v 805.242432 -71.060814 273.580811
v 818.762390 -71.040169 279.746948
v 834.088440 -71.016739 286.761353
v 850.317505 -70.991913 294.199829
v 866.546570 -70.967087 301.638306
v 881.872620 -70.943657 308.652710
v 895.392578 -70.923012 314.818848
v 906.203430 -70.906540 319.712646
v 913.402161 -70.895638 322.909912
v 916.085754 -70.891693 323.986328
v 919.752930 -70.866905 325.366821
v 929.671082 -70.798378 329.403931
v 944.589966 -70.694862 335.566406
v 963.259460 -70.565102 343.322876
v 984.429321 -70.417847 352.142029
v 1006.849365 -70.261841 361.492554
v 1029.269409 -70.105835 370.843079
v 1050.439209 -69.958580 379.662231
v 1069.108765 -69.828819 387.418701
v 1084.027588 -69.725304 393.581177
v 1093.945801 -69.656776 397.618286
v 1097.613037 -69.631989 398.998779
v 1100.111694 -69.604919 399.804321
v 1106.799072 -69.530075 402.251953
v 1116.837646 -69.417007 406.013245
v 1129.389404 -69.275276 410.759766
v 1143.616699 -69.114433 416.163147
v 1158.681885 -68.944038 421.894958
v 1173.746826 -68.773643 427.626770
v 1187.974121 -68.612801 433.030151
v 1200.526001 -68.471069 437.776672
v 1210.564453 -68.358002 441.537964
v 1217.251953 -68.283157 443.985596
v 1219.750732 -68.256073 444.791016
v 1222.698853 -68.208740 445.694153
v 1230.629028 -68.077881 448.411621
v 1242.544800 -67.880196 452.580566
v 1257.449707 -67.632393 457.838135
v 1274.347534 -67.351181 463.821411
v 1292.241699 -67.053261 470.167542
v 1310.135864 -66.755341 476.513672
v 1327.033691 -66.474129 482.496948
v 1341.938599 -66.226326 487.754517
v 1353.854370 -66.028641 491.923462
v 1361.784546 -65.897781 494.640930
v 1364.732788 -65.850433 495.544067
v -8.253662 -71.904404 -72.702026
v -6.392609 -71.906876 -71.437134
v -3.708923 -71.910606 -69.526245
v -0.408234 -71.915283 -67.130981
v 3.303772 -71.920593 -64.412720
v 7.221466 -71.926216 -61.532959
v 11.139160 -71.931839 -58.653198
v 14.851166 -71.937149 -55.934937
v 18.151855 -71.941826 -53.539673
v 20.835541 -71.945557 -51.628784
v 25.854431 -72.034081 -48.154297
v 28.127350 -72.033730 -46.206543
v 30.910828 -72.252792 -43.759888
v 34.032532 -72.395027 -40.976074
v 37.320190 -72.549995 -38.016846
v 40.601501 -72.710823 -35.043823
v 43.704193 -72.870621 -32.218750
v 46.455963 -73.022507 -29.703247
v 48.684509 -73.159592 -27.659058
v 52.062866 -73.413933 -24.463501
v 55.019028 -73.433243 -21.528198
v 59.397400 -73.425171 -17.181519
v 64.843994 -73.395096 -11.779907
v 71.004868 -73.348396 -5.679443
v 77.526047 -73.290459 0.763428
v 84.053558 -73.226662 7.192627
v 90.233444 -73.162399 13.251709
v 95.711746 -73.103043 18.584473
v 100.134491 -73.053978 22.834717
v 103.147705 -73.020592 25.646118
v 104.397430 -73.008270 26.662476
v 106.799484 -72.990242 28.846069
v 112.998688 -72.941849 34.883545
v 122.234604 -72.871635 44.005371
v 133.746796 -72.788139 55.441772
v 146.774826 -72.699905 68.423218
v 160.558273 -72.615463 82.179932
v 174.336700 -72.543358 95.942261
v 187.349670 -72.492134 108.940552
v 198.836761 -72.470322 120.405151
v 208.037506 -72.486465 129.566406
v 214.191528 -72.549103 135.654663
v 216.538361 -72.666794 137.900513
v 217.304825 -72.749390 138.923218
v 219.089020 -72.716499 141.631348
v 221.687378 -72.591225 145.687744
v 224.896393 -72.396660 150.755371
v 228.512512 -72.155907 156.497192
v 232.332153 -71.892052 162.576050
v 236.151825 -71.628204 168.654907
v 239.767929 -71.387451 174.396729
v 242.976944 -71.192894 179.464355
v 245.575317 -71.067627 183.520752
v 247.359528 -71.034744 186.228882
v 249.703506 -71.197433 191.508057
v 251.222305 -71.105865 196.147705
v 253.078064 -70.953552 201.946411
v 255.158447 -70.760742 208.517822
v 257.351135 -70.547684 215.475586
v 259.543823 -70.334633 222.433350
v 261.624207 -70.141830 229.004761
v 263.479980 -69.989525 234.803467
v 264.998779 -69.897964 239.443115
v 266.068329 -69.887390 242.537231
v 267.205292 -70.097076 245.821411
v 267.671814 -70.048691 248.093018
v 268.208496 -69.950516 250.923340
v 268.791962 -69.819138 254.126221
v 269.398804 -69.671165 257.515381
v 270.005646 -69.523193 260.904541
v 270.589111 -69.391823 264.107422
v 271.125824 -69.293648 266.937744
v 271.592346 -69.245270 269.209351
v 272.533173 -69.518883 274.669800
v 272.647888 -69.509972 278.290894
v 272.743591 -69.461266 282.812866
v 272.826599 -69.386032 287.935425
v 272.903290 -69.297539 293.358276
v 272.979950 -69.209045 298.781128
v 273.062988 -69.133812 303.903687
v 273.158661 -69.085106 308.425659
v 273.273376 -69.076195 312.046753
v 273.413483 -69.120338 314.466675
v 273.475098 -69.399895 318.935425
v 273.115906 -69.405792 322.794800
v 272.610168 -69.373993 327.620239
v 271.999939 -69.315559 333.094116
v 271.327362 -69.241539 338.898804
v 270.634521 -69.162994 344.716675
v 269.963562 -69.090973 350.230103
v 269.356537 -69.036537 355.121399
v 268.855621 -69.010735 359.072876
v 268.502899 -69.024628 361.766968
v 268.340454 -69.089264 362.886108
v 268.265472 -69.161743 363.779175
v 268.152466 -69.196869 365.850220
v 268.009827 -69.202271 368.863647
v 267.845825 -69.185585 372.583862
v 267.668762 -69.154449 376.775391
v 267.486938 -69.116493 381.202576
v 267.308716 -69.079346 385.629944
v 267.142395 -69.050644 389.821899
v 266.996246 -69.038025 393.542847
v 266.878601 -69.049118 396.557312
v 266.797791 -69.091553 398.629639
v 266.762085 -69.172966 399.524292
v 266.724579 -69.298706 401.487000
v 266.640381 -69.463318 406.511841
v 266.521118 -69.658264 413.986145
v 266.378296 -69.874985 423.297180
v 266.223450 -70.104942 433.832214
v 266.068146 -70.339592 444.978577
v 265.923920 -70.570381 456.123474
v 265.802307 -70.788757 466.654236
v 265.714844 -70.986183 475.958130
v 265.673096 -71.154106 483.422485
v 265.688599 -71.283981 488.434509
v 266.097931 -71.453278 495.298584
v 266.309143 -71.479065 500.497009
v 266.542847 -71.496902 506.960022
v 266.791565 -71.509438 514.266113
v 267.047729 -71.519325 521.993774
v 267.303925 -71.529213 529.721436
v 267.552612 -71.541748 537.027527
v 267.786316 -71.559578 543.490540
v 267.997528 -71.585358 548.688965
v 269.255951 -71.850693 559.338684
v 270.142090 -71.980011 565.442200
v 271.221802 -72.127625 573.039795
v 272.430603 -72.287437 581.633423
v 273.703918 -72.453346 590.725037
v 274.977234 -72.619255 599.816650
v 276.186005 -72.779068 608.410278
v 277.265717 -72.926682 616.007874
v 278.151855 -73.055992 622.111389
v 279.798920 -73.348701 630.976562
v 280.441315 -73.404846 634.195251
v 281.215485 -73.460739 638.176636
v 282.077545 -73.516464 642.666504
v 282.983521 -73.572105 647.410583
v 283.889496 -73.627747 652.154663
v 284.751526 -73.683472 656.644531
v 285.525696 -73.739365 660.625916
v 286.168091 -73.795509 663.844604
v 286.634766 -73.851990 666.046387
v 286.881744 -73.908905 666.976868
v 287.285217 -73.965935 668.533813
v 288.184448 -74.022781 672.467224
v 289.480255 -74.079483 678.301758
v 291.073486 -74.136070 685.562195
v 292.865051 -74.192581 693.773193
v 294.755768 -74.249054 702.459473
v 296.646454 -74.305527 711.145752
v 298.438019 -74.362038 719.356750
v 300.031281 -74.418625 726.617188
v 301.327087 -74.475319 732.451721
v 302.226288 -74.532166 736.385132
v 300.902924 -74.576347 731.781311
v 298.837891 -74.492447 724.690369
v 296.218262 -74.372795 715.748413
v 293.228882 -74.229301 705.572449
v 290.054657 -74.073891 694.779480
v 286.880432 -73.918480 683.986511
v 283.891052 -73.774986 673.810547
v 281.271423 -73.655327 664.868591
v 279.206390 -73.571426 657.777649
v 277.880798 -73.535202 653.154724
v 277.479553 -73.558563 651.616638
v 277.134949 -73.557770 650.114807
v 275.965912 -73.454750 645.591553
v 274.137329 -73.269951 638.651184
v 271.814087 -73.023819 629.897949
v 269.161102 -72.736794 619.936157
v 266.343231 -72.429321 609.370117
v 263.525360 -72.121849 598.804077
v 260.872375 -71.834824 588.842285
v 258.549164 -71.588684 580.089050
v 256.720581 -71.403885 573.148682
v 255.551544 -71.300865 568.625427
v 255.206909 -71.300079 567.123657
v 254.943054 -71.297783 565.790649
v 253.997314 -71.190613 561.734131
v 252.506073 -70.999535 555.498840
v 250.605713 -70.745529 547.629456
v 248.432587 -70.449570 538.670715
v 246.123077 -70.132637 529.167236
v 243.813583 -69.815704 519.663757
v 241.640457 -69.519745 510.705017
v 239.740082 -69.265739 502.835632
v 238.248840 -69.074661 496.600342
v 237.303101 -68.967484 492.543823
v 237.039246 -68.965179 491.210876
v 236.791168 -68.977699 489.959839
v 235.889099 -68.911484 486.130005
v 234.463791 -68.782272 480.237122
v 232.646088 -68.605820 472.796997
v 230.566772 -68.397873 464.325317
v 228.356644 -68.174179 455.337891
v 226.146515 -67.950478 446.350464
v 224.067200 -67.742531 437.878784
v 222.249496 -67.566078 430.438599
v 220.824188 -67.436867 424.545715
v 219.922104 -67.370644 420.715881
v 219.674042 -67.383148 419.464844
v 219.454285 -67.387093 418.194153
v 218.630432 -67.297165 414.309875
v 217.323334 -67.132141 408.334778
v 215.653778 -66.910789 400.791565
v 213.742599 -66.651894 392.202942
v 211.710602 -66.374222 383.091614
v 209.678604 -66.096550 373.980286
v 207.767426 -65.837646 365.391663
v 206.097870 -65.616295 357.848450
v 204.790741 -65.451263 351.873352
v 203.966888 -65.361328 347.989014
v 203.747101 -65.365265 346.718262
v 203.542511 -65.357895 345.524292
v 202.760651 -65.236679 341.852051
v 201.516968 -65.024384 336.197266
v 199.926910 -64.743782 329.055542
v 198.105927 -64.417641 320.922485
v 196.169495 -64.068733 312.293823
v 194.233063 -63.719826 303.665161
v 192.412094 -63.393684 295.532104
v 190.822021 -63.113083 288.390381
v 189.578339 -62.900787 282.735596
v 188.796448 -62.779564 279.063354
v 188.591858 -62.772186 277.869141
v 188.174637 -62.743439 275.756104
v 186.804886 -62.563118 269.543091
v 184.673126 -62.261543 260.050049
v 181.969833 -61.869026 248.096924
v 178.885529 -61.415878 234.503784
v 175.610718 -60.932419 220.090698
v 172.335907 -60.448959 205.677612
v 169.251602 -59.995811 192.084473
v 166.548309 -59.603287 180.131348
v 164.416534 -59.301704 170.638306
v 163.046768 -59.121376 164.425171
v 162.629547 -59.092621 162.312256
v 162.336594 -59.105713 160.471680
v 161.310410 -59.041069 155.011963
v 159.697632 -58.914238 146.656982
v 157.644913 -58.740768 136.130493
v 155.298904 -58.536209 124.156250
v 152.806259 -58.316101 111.458252
v 150.313614 -58.095993 98.760254
v 147.967606 -57.891434 86.786011
v 145.914886 -57.717964 76.259399
v 144.302109 -57.591133 67.904297
v 143.275925 -57.526489 62.444580
v 142.982971 -57.539581 60.604004
v 142.872513 -57.557045 59.746582
v 142.350891 -57.504486 57.005005
v 141.500336 -57.395912 52.756104
v 140.403076 -57.245323 47.376831
v 139.141342 -57.066727 41.243896
v 137.797379 -56.874123 34.734131
v 136.453415 -56.681519 28.224365
v 135.191681 -56.502922 22.091431
v 134.094421 -56.352333 16.712158
v 133.243866 -56.243759 12.463257
v 132.722244 -56.191200 9.721680
v 132.611816 -56.208649 8.864136
v 132.353317 -56.248947 7.760010
v 131.422394 -56.259529 4.336426
v 129.953522 -56.246338 -0.942749
v 128.081192 -56.215317 -7.613647
v 125.939880 -56.172409 -15.212280
v 123.664093 -56.123558 -23.274780
v 121.388306 -56.074707 -31.337280
v 119.246994 -56.031799 -38.935913
v 117.374664 -56.000778 -45.606812
v 115.905792 -55.987587 -50.885986
v 114.974854 -55.998169 -54.309570
v 114.716339 -56.038483 -55.413574
v 114.262085 -56.067902 -56.906494
v 112.789963 -56.048401 -61.405151
v 110.503555 -55.989761 -68.308350
v 107.606430 -55.901772 -77.015015
v 104.302155 -55.794212 -86.923950
v 100.794312 -55.676872 -97.433960
v 97.286469 -55.559532 -107.943970
v 93.982193 -55.451973 -117.852905
v 91.085068 -55.363983 -126.559570
v 88.798660 -55.305344 -133.462769
v 87.326538 -55.285843 -137.961426
v 86.872284 -55.315277 -139.454346
v 86.590073 -55.355469 -140.177612
v 85.593582 -55.365761 -142.548218
v 84.025681 -55.352127 -146.236694
v 82.029221 -55.320557 -150.913574
v 79.747040 -55.277023 -156.249390
v 77.322006 -55.227509 -161.914673
v 74.896973 -55.177994 -167.579956
v 72.614792 -55.134460 -172.915771
v 70.618332 -55.102890 -177.592651
v 69.050430 -55.089256 -181.281128
v 68.053955 -55.099548 -183.651733
v 67.771759 -55.139740 -184.374756
v 67.093948 -55.166260 -185.680786
v 65.003769 -55.138741 -189.662476
v 61.783691 -55.067993 -195.784790
v 57.716187 -54.964821 -203.512573
v 53.083725 -54.840034 -212.310547
v 48.168793 -54.704437 -221.643677
v 43.253845 -54.568840 -230.976807
v 38.621399 -54.444054 -239.774780
v 34.553894 -54.340881 -247.502563
v 31.333801 -54.270134 -253.624878
v 29.243622 -54.242615 -257.606567
v 28.565826 -54.269135 -258.912598
v 27.658844 -54.321159 -260.374146
v 24.935089 -54.364151 -264.786011
v 20.757904 -54.399918 -271.558105
v 15.490662 -54.430267 -280.100464
v 9.496704 -54.457008 -289.822876
v 3.139374 -54.481941 -300.135376
v -3.217957 -54.506874 -310.447876
v -9.211914 -54.533615 -320.170288
v -14.479156 -54.563965 -328.712646
v -18.656342 -54.599731 -335.484741
v -21.380096 -54.642723 -339.896606
v -22.287048 -54.694733 -341.358398
v -23.034332 -54.768005 -342.234131
v -25.316589 -54.869751 -345.026245
v -28.826843 -54.994278 -349.351562
v -33.258087 -55.135887 -354.826660
v -38.303345 -55.288887 -361.068359
v -43.655579 -55.447578 -367.693359
v -49.007812 -55.606270 -374.318359
v -54.053070 -55.759270 -380.560059
v -58.484314 -55.900879 -386.035156
v -61.994568 -56.025406 -390.360474
v -64.276825 -56.127151 -393.152588
v -65.024170 -56.200409 -394.028076
v -65.988892 -56.246918 -394.970093
v -68.872314 -56.274666 -397.945557
v -73.290710 -56.287399 -402.547729
v -78.860321 -56.288879 -408.369995
v -85.197418 -56.282852 -415.005615
v -91.918274 -56.273071 -422.047974
v -98.639130 -56.263290 -429.090332
v -104.976227 -56.257263 -435.725952
v -110.545837 -56.258743 -441.548218
v -114.964233 -56.271477 -446.150391
v -117.877380 -56.387703 -449.185669
v -117.877380 -56.387703 -449.185669
v -115.508484 -56.402901 -447.117554
v -111.992493 -56.396690 -444.100708
v -107.616211 -56.374413 -440.372314
v -102.666382 -56.341431 -436.169556
v -97.429779 -56.303093 -431.729614
v -92.193176 -56.264755 -427.289673
v -87.243347 -56.231773 -423.086914
v -82.867065 -56.209496 -419.358521
v -79.351074 -56.203285 -416.341675
v -76.982178 -56.218483 -414.273560
v -76.047180 -56.260468 -413.391479
v -75.386627 -56.275848 -412.701660
v -73.776642 -56.217537 -411.165649
v -71.407104 -56.100273 -408.952759
v -68.467926 -55.938797 -406.232178
v -65.148956 -55.747841 -403.173096
v -61.640106 -55.542145 -399.944702
v -58.131256 -55.336449 -396.716309
v -54.812286 -55.145493 -393.657227
v -51.873108 -54.984016 -390.936646
v -49.503571 -54.866753 -388.723755
v -47.893585 -54.808441 -387.187744
v -47.233093 -54.823822 -386.498047
v -46.514557 -54.865677 -385.817627
v -44.744232 -54.880569 -384.307373
v -42.132477 -54.873886 -382.133301
v -38.889679 -54.851021 -379.461304
v -35.226166 -54.817368 -376.457397
v -31.352295 -54.778320 -373.287598
v -27.478424 -54.739273 -370.117798
v -23.814911 -54.705620 -367.113892
v -20.572113 -54.682755 -364.441895
v -17.960358 -54.676071 -362.267822
v -16.190033 -54.690964 -360.757568
v -15.471466 -54.732819 -360.077271
v -14.407684 -54.800278 -359.219849
v -11.682892 -54.885956 -357.220337
v -7.629303 -54.986206 -354.307129
v -2.579132 -55.097382 -350.708740
v 3.135437 -55.215843 -346.653564
v 9.182220 -55.337952 -342.369873
v 15.229004 -55.460060 -338.086182
v 20.943573 -55.578522 -334.031006
v 25.993744 -55.689697 -330.432617
v 30.047333 -55.789948 -327.519409
v 32.772125 -55.875626 -325.519897
v 33.835876 -55.943085 -324.662476
v 34.827698 -55.984886 -323.916016
v 37.353516 -55.999619 -322.223389
v 41.106537 -55.992699 -319.773804
v 45.779968 -55.969536 -316.756592
v 51.066986 -55.935547 -313.360840
v 56.660812 -55.896149 -309.775879
v 62.254639 -55.856750 -306.190918
v 67.541656 -55.822762 -302.795166
v 72.215073 -55.799599 -299.777954
v 75.968094 -55.792679 -297.328369
v 78.493912 -55.807411 -295.635742
v 79.485718 -55.849213 -294.889282
v 79.943436 -55.912720 -294.448242
v 80.992661 -55.987473 -293.599854
v 82.515076 -56.071220 -292.425537
v 84.392395 -56.161713 -291.006836
v 86.506317 -56.256706 -289.425293
v 88.738525 -56.353943 -287.762207
v 90.970734 -56.451180 -286.099121
v 93.084656 -56.546173 -284.517578
v 94.961975 -56.636665 -283.098877
v 96.484390 -56.720413 -281.924561
v 97.533615 -56.795166 -281.076172
v 97.991333 -56.858673 -280.635132
v 98.384338 -56.924423 -280.147827
v 99.254654 -57.005379 -279.171753
v 100.506805 -57.098495 -277.804688
v 102.045334 -57.200729 -276.144287
v 103.774780 -57.309044 -274.288330
v 105.599686 -57.420403 -272.334717
v 107.424591 -57.531761 -270.381104
v 109.154037 -57.640076 -268.525146
v 110.692566 -57.742310 -266.864746
v 111.944717 -57.835426 -265.497681
v 112.815033 -57.916382 -264.521606
v 113.208008 -57.982147 -264.034424
v 113.549957 -58.040146 -263.514160
v 114.279068 -58.099663 -262.446777
v 115.317932 -58.160393 -260.941650
v 116.589096 -58.222031 -259.108276
v 118.015121 -58.284279 -257.056152
v 119.518585 -58.346832 -254.894531
v 121.022049 -58.409386 -252.732910
v 122.448074 -58.471634 -250.680786
v 123.719238 -58.533272 -248.847412
v 124.758102 -58.594002 -247.342285
v 125.487213 -58.653519 -246.274902
v 125.829163 -58.711517 -245.754761
v 126.385025 -58.782272 -244.831543
v 127.705551 -58.877052 -242.650269
v 129.637817 -58.991051 -239.462524
v 132.028885 -59.119469 -235.519897
v 134.725830 -59.257500 -231.074097
v 137.575699 -59.400330 -226.376709
v 140.425568 -59.543159 -221.679321
v 143.122513 -59.681190 -217.233521
v 145.513580 -59.809608 -213.290894
v 147.445847 -59.923607 -210.103149
v 149.639694 -60.161156 -205.910400
v 150.300507 -60.259026 -203.271729
v 151.234924 -60.376923 -199.392456
v 152.373215 -60.509010 -194.582031
v 153.645660 -60.649467 -189.149902
v 154.982498 -60.792458 -183.405640
v 156.314011 -60.932152 -177.658691
v 157.570465 -61.062721 -172.218628
v 158.682114 -61.178329 -167.394775
v 159.579224 -61.273148 -163.496826
v 160.192062 -61.341354 -160.834106
v 160.450912 -61.377098 -159.716309
v 160.494644 -61.394066 -158.815063
v 160.511887 -61.409790 -156.751099
v 160.507477 -61.424255 -153.756836
v 160.486267 -61.437462 -150.064819
v 160.453094 -61.449394 -145.907471
v 160.412796 -61.460045 -141.517212
v 160.370224 -61.469406 -137.126465
v 160.330231 -61.477470 -132.967651
v 160.297653 -61.484230 -129.273315
v 160.277328 -61.489677 -126.275879
v 160.274109 -61.493797 -124.207764
v 160.292847 -61.496574 -123.301147
v 160.240189 -61.535545 -122.525391
v 160.038681 -61.639145 -120.818481
v 159.716949 -61.793770 -118.366577
v 159.303619 -61.985817 -115.356079
v 158.827332 -62.201691 -111.973267
v 158.316711 -62.427788 -108.404541
v 157.800385 -62.650505 -104.836060
v 157.306992 -62.856247 -101.454224
v 156.865158 -63.031410 -98.445312
v 156.503525 -63.162392 -95.995605
v 156.250717 -63.235588 -94.291504
v 156.135345 -63.237389 -93.519409
v 155.869659 -63.228722 -92.588013
v 155.200073 -63.272247 -90.444092
v 154.206497 -63.357018 -87.330444
v 152.968857 -63.472099 -83.489990
v 151.567062 -63.606544 -79.165527
v 150.081039 -63.749420 -74.599976
v 148.590714 -63.889771 -70.036133
v 147.175995 -64.016663 -65.716919
v 145.916824 -64.119156 -61.885132
v 144.893097 -64.186302 -58.783691
v 144.184753 -64.207161 -56.655396
v 142.448151 -64.095619 -53.152466
v 140.977081 -64.095795 -50.551147
v 139.155548 -64.113312 -47.346924
v 137.100342 -64.142303 -43.740845
v 134.928268 -64.176888 -39.933960
v 132.756134 -64.211189 -36.127197
v 130.700729 -64.239334 -32.521484
v 128.878860 -64.255447 -29.317871
v 127.407333 -64.253654 -26.717285
v 126.402939 -64.228088 -24.920776
v 125.982483 -64.172867 -24.129272
v 125.982483 -64.172867 -24.129272
v 126.083237 -64.253876 -24.379028
v 125.982483 -64.172867 -24.129272
v 125.467300 -64.141075 -23.430054
v 124.200989 -64.180252 -21.888672
v 122.333771 -64.276199 -19.673462
v 120.015869 -64.414726 -16.953003
v 117.397522 -64.581642 -13.895630
v 114.628952 -64.762749 -10.669800
v 111.860382 -64.943855 -7.443970
v 109.242035 -65.110771 -4.386597
v 106.924133 -65.249298 -1.666138
v 105.056915 -65.345245 0.549072
v 103.790604 -65.384422 2.090454
v 103.275421 -65.352631 2.789551
v 102.688202 -65.332191 3.400391
v 101.222000 -65.402527 4.696777
v 99.051361 -65.545082 6.540649
v 96.350830 -65.741295 8.793823
v 93.294952 -65.972603 11.318237
v 90.058289 -66.220459 13.975708
v 86.815384 -66.466301 16.628174
v 83.740784 -66.691574 19.137451
v 81.009033 -66.877716 21.365479
v 78.794678 -67.006172 23.174194
v 77.272263 -67.058388 24.425415
v 76.616333 -67.015793 24.981079
v 76.034332 -66.944557 25.414307
v 74.715302 -66.917145 26.326172
v 72.806213 -66.924515 27.620117
v 70.454056 -66.957619 29.199585
v 67.805801 -67.007401 30.968262
v 65.008438 -67.064819 32.829590
v 62.208939 -67.120819 34.687134
v 59.554291 -67.166359 36.444458
v 57.191483 -67.192383 38.005127
v 55.267487 -67.189842 39.272583
v 53.929276 -67.149689 40.150391
v 53.323853 -67.062881 40.542114
v 52.489578 -67.008438 40.878418
v 50.518463 -67.057617 41.602783
v 47.637848 -67.189682 42.637451
v 44.075104 -67.383911 43.904907
v 40.057617 -67.619576 45.327515
v 35.812744 -67.875938 46.827759
v 31.567841 -68.132278 48.327881
v 27.550262 -68.367859 49.750366
v 23.987396 -68.561951 51.017456
v 21.106598 -68.693832 52.051636
v 19.135223 -68.742767 52.775269
v 18.300568 -68.688034 53.110962
v 17.700806 -68.630096 53.328735
v 16.378571 -68.669815 53.725830
v 14.478210 -68.787010 54.264526
v 12.144104 -68.961517 54.907104
v 9.520630 -69.173164 55.615967
v 6.752106 -69.401787 56.353516
v 3.982910 -69.627213 57.082031
v 1.357422 -69.829269 57.763916
v -0.980011 -69.987785 58.361450
v -2.885040 -70.082588 58.837036
v -4.213287 -70.093513 59.153076
v -4.820374 -70.000397 59.271973
v -4.820374 -70.000404 59.271851
v -4.820374 -70.000397 59.271973
v -5.736511 -69.896851 59.314209
v -7.919189 -69.878578 59.417847
v -11.115112 -69.928528 59.570557
v -15.070953 -70.029648 59.760010
v -19.533417 -70.164879 59.973999
v -24.249176 -70.317162 60.200195
v -28.964935 -70.469444 60.426392
v -33.427399 -70.604675 60.640381
v -37.383240 -70.705795 60.829834
v -40.579163 -70.755745 60.982544
v -42.761841 -70.737473 61.086182
v -43.677979 -70.633942 61.128418
v -44.820923 -70.543793 60.979614
v -47.630646 -70.562553 60.554810
v -51.773773 -70.668449 59.909180
v -56.916962 -70.839699 59.097900
v -62.726868 -71.054512 58.176270
v -68.870148 -71.291107 57.199341
v -75.013428 -71.527702 56.222412
v -80.823334 -71.742516 55.300781
v -85.966522 -71.913765 54.489502
v -90.109650 -72.019661 53.843872
v -92.919373 -72.038422 53.419067
v -94.062317 -71.948273 53.270020
v -95.165863 -71.856209 52.907227
v -97.866638 -71.869682 51.890991
v -101.845245 -71.967590 50.352051
v -106.782196 -72.128822 48.421021
v -112.358032 -72.332268 46.228516
v -118.253326 -72.556824 43.905396
v -124.148621 -72.781380 41.582275
v -129.724457 -72.984825 39.389771
v -134.661407 -73.146057 37.458740
v -138.640015 -73.243965 35.919800
v -141.340790 -73.257439 34.903564
v -142.444336 -73.165375 34.540771
v -143.951141 -73.081779 33.938354
v -147.766815 -73.118675 32.259399
v -153.429596 -73.251961 29.719360
v -160.477722 -73.457535 26.533447
v -168.449402 -73.711304 22.916870
v -176.882843 -73.989174 19.085083
v -185.316284 -74.267044 15.253296
v -193.287964 -74.520813 11.636719
v -200.336090 -74.726387 8.450806
v -205.998901 -74.859673 5.910767
v -209.814575 -74.896568 4.231812
v -211.321350 -74.812958 3.629395
v -212.082581 -74.717873 3.391846
v -213.837036 -74.723000 2.721802
v -216.386047 -74.808296 1.705688
v -219.531006 -74.953712 0.430054
v -223.073242 -75.139214 -1.018555
v -226.814148 -75.344757 -2.553711
v -230.555054 -75.550301 -4.088867
v -234.097290 -75.735802 -5.537476
v -237.242249 -75.881218 -6.813110
v -239.791260 -75.966507 -7.829224
v -241.545715 -75.971634 -8.499268
v -242.307007 -75.876556 -8.736694
v -244.179138 -75.799980 -9.277466
v -249.004822 -75.856277 -10.786011
v -256.193359 -76.018875 -13.068726
v -265.154053 -76.261200 -15.932007
v -275.296204 -76.556671 -19.182373
v -286.029053 -76.878716 -22.626343
v -296.761902 -77.200760 -26.070312
v -306.904053 -77.496231 -29.320679
v -315.864746 -77.738556 -32.183960
v -323.053284 -77.901154 -34.466675
v -327.878967 -77.957451 -35.975220
v -329.751099 -77.880890 -36.515869
v -331.077759 -77.767326 -36.781128
v -334.395508 -77.721352 -37.527832
v -339.306091 -77.729454 -38.659790
v -345.411316 -77.778114 -40.080566
v -352.312927 -77.853813 -41.693970
v -359.612793 -77.943031 -43.403687
v -366.912659 -78.032249 -45.113403
v -373.814270 -78.107948 -46.726807
v -379.919495 -78.156609 -48.147583
v -384.830078 -78.164711 -49.279541
v -388.147827 -78.118736 -50.026245
v -388.318237 -77.889175 -50.089233
v -384.771362 -77.836533 -49.543579
v -379.311951 -77.834557 -48.723022
v -372.418213 -77.870583 -47.696411
v -364.568176 -77.931946 -46.532349
v -356.240051 -78.005974 -45.299683
v -347.911926 -78.080002 -44.067017
v -340.061890 -78.141365 -42.902954
v -333.168152 -78.177391 -41.876343
v -327.708740 -78.175415 -41.055786
v -324.161865 -78.122772 -40.510132
v -323.005615 -78.006805 -40.307861
v -321.723511 -77.890686 -40.128174
v -317.828735 -77.837662 -39.644653
v -311.843872 -77.835114 -38.918091
v -304.291382 -77.870422 -38.009277
v -295.693848 -77.930962 -36.979004
v -286.573730 -78.004120 -35.887939
v -277.453613 -78.077278 -34.796875
v -268.856079 -78.137817 -33.766602
v -261.303589 -78.173126 -32.857788
v -255.318726 -78.170578 -32.131226
v -251.423950 -78.117554 -31.647705
v -250.141846 -78.001434 -31.468018
v -248.574158 -77.884766 -31.216431
v -243.889771 -77.830215 -30.534058
v -236.712036 -77.825356 -29.507080
v -227.664307 -77.857765 -28.221680
v -217.369873 -77.915024 -26.763916
v -206.452087 -77.984711 -25.219971
v -195.534332 -78.054398 -23.676025
v -185.239899 -78.111656 -22.218262
v -176.192139 -78.144066 -20.932861
v -169.014404 -78.139206 -19.905884
v -164.330017 -78.084656 -19.223511
v -162.762329 -77.967987 -18.971680
v -160.444427 -77.875885 -18.601562
v -153.685913 -77.889252 -17.591675
v -143.374939 -77.987000 -16.070068
v -130.399597 -78.148033 -14.164551
v -115.648010 -78.351250 -12.003174
v -100.008301 -78.575562 -9.713745
v -84.368591 -78.799873 -7.424316
v -69.617004 -79.003090 -5.262939
v -56.641663 -79.164124 -3.357422
v -46.330688 -79.261871 -1.835815
v -39.572174 -79.275238 -0.825928
v -37.254272 -79.183136 -0.455811
v -35.161102 -79.087227 -0.092529
v -29.023987 -79.090073 0.898438
v -19.651672 -79.171928 2.391602
v -7.852997 -79.313034 4.261475
v 5.563263 -79.493645 6.382324
v 19.788330 -79.694008 8.628784
v 34.013397 -79.894371 10.875244
v 47.429657 -80.074982 12.996094
v 59.228333 -80.216087 14.865967
v 68.600632 -80.297943 16.359131
v 74.737747 -80.300789 17.350098
v 76.830933 -80.204865 17.713379
v 78.450653 -80.094406 18.053711
v 83.278854 -80.057022 18.981445
v 90.673843 -80.078102 20.379028
v 99.993927 -80.143028 22.129028
v 110.597397 -80.237183 24.113892
v 121.842575 -80.345955 26.216187
v 133.087753 -80.454727 28.318481
v 143.691223 -80.548882 30.303345
v 153.011307 -80.613808 32.053345
v 160.406296 -80.634888 33.450928
v 165.234497 -80.597504 34.378662
v 166.854202 -80.487030 34.718994
v 168.435669 -80.343719 35.146118
v 173.158142 -80.215523 36.313843
v 180.393402 -80.099419 38.073975
v 189.513275 -79.992378 40.278320
v 199.889526 -79.891388 42.778931
v 210.893997 -79.793419 45.427612
v 221.898468 -79.695450 48.076294
v 232.274719 -79.594460 50.576904
v 241.394592 -79.487419 52.781250
v 248.629852 -79.371315 54.541382
v 253.352325 -79.243118 55.709106
v 254.933777 -79.099823 56.136108
v 254.713303 -78.931076 56.144409
v 254.710556 -78.928970 56.144531
v 255.157013 -79.270691 56.127441
v 255.154266 -79.268585 56.127563
v 254.933777 -79.099823 56.136108
v 256.974792 -78.924370 56.833496
v 262.967712 -78.707291 58.748169
v 272.122192 -78.456917 61.636719
v 283.647827 -78.181564 65.255737
v 296.754242 -77.889565 69.361572
v 310.651031 -77.589241 73.710938
v 324.547852 -77.288918 78.060303
v 337.654236 -76.996918 82.166138
v 349.179901 -76.721565 85.785156
v 358.334381 -76.471191 88.673706
v 364.327301 -76.254112 90.588379
v 366.368286 -76.078644 91.285767
v 368.788300 -75.931381 92.289795
v 375.829132 -75.792236 95.052124
v 386.566589 -75.659592 99.221191
v 400.076538 -75.531830 104.445312
v 415.434784 -75.407318 110.372803
v 431.717194 -75.284424 116.651978
v 447.999634 -75.161530 122.931152
v 463.357880 -75.037018 128.858643
v 476.867798 -74.909256 134.082764
v 487.605286 -74.776611 138.251831
v 494.646088 -74.637466 141.014160
v 497.066132 -74.490204 142.018555
v 499.055756 -74.340408 143.043945
v 504.906616 -74.194283 145.865601
v 513.846497 -74.051094 150.124268
v 525.103149 -73.910103 155.460693
v 537.904297 -73.770584 161.515625
v 551.477661 -73.631798 167.929810
v 565.051086 -73.493011 174.343994
v 577.852234 -73.353493 180.398926
v 589.108887 -73.212502 185.735352
v 598.048706 -73.069313 189.994019
v 603.899658 -72.923187 192.815674
v 605.889221 -72.773407 193.841553
v 607.502563 -72.624794 194.751831
v 612.313232 -72.481926 197.255127
v 619.681641 -72.343651 201.032837
v 628.968506 -72.208824 205.766357
v 639.534180 -72.076294 211.137085
v 650.739380 -71.944916 216.826416
v 661.944519 -71.813538 222.515747
v 672.510254 -71.681007 227.886475
v 681.796997 -71.546181 232.619995
v 689.165466 -71.407906 236.397705
v 693.976074 -71.265038 238.901001
v 695.589417 -71.116425 239.811035
v 693.660828 -71.015472 239.034546
v 688.678955 -71.004372 236.874390
v 681.254517 -71.065155 233.607300
v 671.998108 -71.179855 229.510010
v 661.520386 -71.330498 224.859253
v 650.432007 -71.499107 219.931763
v 639.343628 -71.667717 215.004272
v 628.865906 -71.818359 210.353516
v 619.609497 -71.933060 206.256226
v 612.185059 -71.993843 202.989136
v 607.203186 -71.982742 200.828979
v 605.274597 -71.881805 200.052124
v 604.202026 -71.754593 199.696533
v 601.586914 -71.670906 198.699951
v 597.737793 -71.622032 197.190674
v 592.963074 -71.599274 195.296875
v 587.571350 -71.593925 193.146729
v 581.871094 -71.597282 190.868408
v 576.170837 -71.600639 188.590088
v 570.779114 -71.595291 186.439941
v 566.004395 -71.572533 184.546143
v 562.155212 -71.523666 183.036865
v 559.540100 -71.439980 182.040283
v 558.467590 -71.312775 181.684570
v 557.404114 -71.167542 181.355103
v 554.814026 -71.034019 180.430908
v 551.002686 -70.909866 179.030884
v 546.275391 -70.792740 177.274048
v 540.937500 -70.680298 175.279297
v 535.294189 -70.570198 173.165527
v 529.651001 -70.460098 171.051758
v 524.313049 -70.347656 169.057007
v 519.585754 -70.230530 167.300171
v 515.774414 -70.106377 165.900146
v 513.184326 -69.972855 164.975952
v 512.120850 -69.827606 164.646362
v 510.954254 -69.684639 164.395142
v 508.079132 -69.557388 163.687134
v 503.837158 -69.442711 162.613770
v 498.570099 -69.337463 161.266357
v 492.619629 -69.238495 159.736328
v 486.327423 -69.142670 158.114868
v 480.035217 -69.046844 156.493408
v 474.084747 -68.947876 154.963379
v 468.817688 -68.842628 153.615967
v 464.575714 -68.727951 152.542603
v 461.700592 -68.600700 151.834595
v 460.533966 -68.457733 151.583496
v 459.108368 -68.368889 151.345947
v 455.517151 -68.391273 150.675659
v 450.193481 -68.502640 149.659302
v 443.570435 -68.680748 148.383301
v 436.081146 -68.903343 146.934204
v 428.158752 -69.148186 145.398560
v 420.236328 -69.393028 143.862915
v 412.747040 -69.615623 142.413818
v 406.123993 -69.793732 141.137817
v 400.800293 -69.905098 140.121460
v 397.209106 -69.927483 139.451172
v 395.783508 -69.838654 139.213501
v 394.380951 -69.725044 139.036499
v 390.853485 -69.678955 138.533936
v 385.626099 -69.686874 137.770752
v 379.123718 -69.735306 136.812256
v 371.771423 -69.810745 135.723511
v 363.994110 -69.899689 134.569580
v 356.216797 -69.988632 133.415649
v 348.864471 -70.064072 132.326904
v 342.362122 -70.112503 131.368408
v 337.134735 -70.120422 130.605225
v 333.607269 -70.074333 130.102661
v 332.204712 -69.960724 129.925659
v 331.640961 -69.872917 129.877075
v 330.432526 -69.898170 129.729492
v 328.708374 -70.013870 129.502686
v 326.597382 -70.197411 129.216431
v 324.228516 -70.426170 128.890625
v 321.730743 -70.677544 128.545044
v 319.232941 -70.928917 128.199463
v 316.864105 -71.157677 127.873657
v 314.753113 -71.341217 127.587402
v 308.192871 -71.225426 126.213623
v 305.035645 -71.223083 125.149414
v 301.128357 -71.258644 123.813354
v 296.720947 -71.319481 122.296143
v 292.063538 -71.392952 120.688354
v 287.406128 -71.466423 119.080566
v 282.998718 -71.527260 117.563354
v 279.091400 -71.562820 116.227295
v 275.934204 -71.560478 115.163086
v 269.997589 -71.332916 112.660034
v 267.052521 -71.453003 110.928955
v 263.411102 -71.642036 108.757080
v 259.305481 -71.877037 106.291260
v 254.967728 -72.135017 103.678467
v 250.629974 -72.392998 101.065674
v 246.524353 -72.627998 98.599854
v 242.882935 -72.817032 96.427979
v 239.937866 -72.937119 94.696899
v 233.885651 -72.715080 90.544800
v 230.600204 -72.718864 87.651367
v 226.532135 -72.762108 84.022461
v 221.942337 -72.831665 79.903320
v 217.091644 -72.914375 75.538940
v 212.240967 -72.997086 71.174561
v 207.651154 -73.066643 67.055420
v 203.583099 -73.109886 63.426514
v 200.297668 -73.113670 60.533081
v 198.055725 -73.064842 58.620239
v 197.118164 -72.950226 57.933228
v 195.946198 -72.836662 56.984375
v 193.056244 -72.790703 54.347900
v 188.791901 -72.798828 50.361206
v 183.496750 -72.847511 45.361938
v 177.514404 -72.923233 39.687500
v 171.188461 -73.012482 33.675537
v 164.862518 -73.101730 27.663574
v 158.880173 -73.177452 21.989136
v 153.585022 -73.226135 16.989868
v 149.320679 -73.234261 13.003174
v 146.430725 -73.188301 10.366699
v 145.258759 -73.074738 9.417969
v 143.811447 -72.935791 8.193848
v 140.160217 -72.819656 4.796265
v 134.745865 -72.721771 -0.340210
v 128.009155 -72.637573 -6.780762
v 120.390884 -72.562492 -14.090820
v 112.331833 -72.491974 -21.835571
v 104.272781 -72.421455 -29.580322
v 96.654510 -72.346375 -36.890381
v 89.917801 -72.262177 -43.330933
v 84.503448 -72.164291 -48.467407
v 80.852219 -72.048157 -51.864990
v 79.404938 -71.909210 -53.089111
v 78.320648 -71.766014 -53.966919
v 75.673050 -71.638123 -56.407349
v 71.774811 -71.522476 -60.097778
v 66.938599 -71.416016 -64.725708
v 61.477066 -71.315681 -69.978638
v 55.702866 -71.218407 -75.544067
v 49.928680 -71.121132 -81.109497
v 44.467133 -71.020798 -86.362427
v 39.630920 -70.914337 -90.990356
v 35.732697 -70.798691 -94.680786
v 33.085114 -70.670799 -97.121216
v 32.000763 -70.527618 -97.999023
v 31.259583 -70.382996 -98.625000
v 29.560608 -70.251160 -100.369019
v 27.095398 -70.129555 -103.007446
v 24.055511 -70.015625 -106.316772
v 20.632507 -69.906815 -110.073242
v 17.017944 -69.800560 -114.053345
v 13.403381 -69.694305 -118.033447
v 9.980377 -69.585495 -121.789917
v 6.940491 -69.471565 -125.099243
v 4.475281 -69.349960 -127.737671
v 2.776306 -69.218124 -129.481689
v 1.426697 -68.925781 -130.822388
v 0.094849 -68.785347 -132.811401
v -1.815765 -68.650757 -135.819946
v -4.160461 -68.520546 -139.593262
v -6.794525 -68.393257 -143.876343
v -9.573273 -68.267426 -148.414307
v -12.352020 -68.141594 -152.952271
v -14.986084 -68.014305 -157.235352
v -17.330780 -67.884094 -161.008667
v -19.241394 -67.749504 -164.017212
v -20.573242 -67.609070 -166.006226
v -21.181610 -67.461334 -166.720825
v -21.688568 -67.321396 -167.395142
v -22.739990 -67.202507 -169.272949
v -24.226959 -67.100464 -172.113525
v -26.040619 -67.011047 -175.676147
v -28.072052 -66.930054 -179.720093
v -30.212402 -66.853271 -184.004761
v -32.352753 -66.776489 -188.289429
v -34.384186 -66.695496 -192.333374
v -36.197845 -66.606079 -195.895996
v -37.684814 -66.504036 -198.736572
v -38.736237 -66.385147 -200.614380
v -39.243195 -66.245209 -201.288574
v -39.805267 -66.102654 -202.288330
v -41.009094 -65.976540 -205.065796
v -42.726288 -65.863579 -209.265381
v -44.828552 -65.760483 -214.531616
v -47.187500 -65.663963 -220.508911
v -49.674805 -65.570732 -226.841797
v -52.162109 -65.477501 -233.174683
v -54.521057 -65.380981 -239.151978
v -56.623322 -65.277885 -244.418213
v -58.340515 -65.164925 -248.617798
v -59.544342 -65.038811 -251.395264
v -60.106384 -64.896271 -252.395264
v -60.603516 -64.722656 -253.234985
v -61.627808 -64.510674 -255.569824
v -63.073822 -64.267998 -259.100830
v -64.836151 -64.002304 -263.528931
v -66.809326 -63.721260 -268.555176
v -68.887939 -63.432549 -273.880371
v -70.966553 -63.143837 -279.205566
v -72.939728 -62.862793 -284.231812
v -74.702057 -62.597099 -288.659912
v -76.148071 -62.354424 -292.190918
v -77.172363 -62.142441 -294.525757
v -77.669556 -61.968842 -295.365723
v -78.092682 -61.849625 -295.992310
v -78.912384 -61.788025 -297.738159
v -80.049316 -61.772522 -300.379272
v -81.424194 -61.791588 -303.691895
v -82.957672 -61.833702 -307.452148
v -84.570465 -61.887337 -311.436279
v -86.183258 -61.940971 -315.420410
v -87.716736 -61.983086 -319.180664
v -89.091614 -62.002151 -322.493286
v -90.228546 -61.986649 -325.134399
v -91.048248 -61.925049 -326.880249
v -91.471436 -61.805817 -327.507080
v -92.219421 -61.640175 -328.560791
v -93.937195 -61.450241 -331.487305
v -96.430786 -61.240868 -335.911987
v -99.506256 -61.016914 -341.460327
v -102.969635 -60.783241 -347.757812
v -106.626984 -60.544708 -354.429810
v -110.284332 -60.306175 -361.101807
v -113.747711 -60.072502 -367.399292
v -116.823181 -59.848549 -372.947632
v -119.316772 -59.639175 -377.372314
v -121.034546 -59.449242 -380.298828
v -121.782501 -59.283600 -381.352417
v -122.429993 -59.155739 -381.993408
v -123.869995 -59.070236 -383.778931
v -125.944000 -59.018631 -386.480103
v -128.493500 -58.992439 -389.867920
v -131.359985 -58.983192 -393.713623
v -134.384979 -58.982422 -397.788208
v -137.409973 -58.981651 -401.862793
v -140.276459 -58.972404 -405.708496
v -142.825958 -58.946213 -409.096313
v -144.899963 -58.894608 -411.797485
v -146.339966 -58.809105 -413.583008
v -146.987396 -58.681244 -414.223877
v -146.987396 -58.681252 -414.223877
v -146.987396 -58.681244 -414.223877
v -147.917725 -58.550774 -415.105225
v -150.139618 -58.458061 -417.555420
v -153.394775 -58.395561 -421.260620
v -157.424866 -58.355713 -425.906982
v -161.971588 -58.330971 -431.180908
v -166.776642 -58.313782 -436.768555
v -171.581696 -58.296593 -442.356201
v -176.128418 -58.271851 -447.630127
v -180.158508 -58.232002 -452.276489
v -183.413666 -58.169502 -455.981689
v -185.635559 -58.076790 -458.431885
v -186.870697 -57.830284 -459.464966
v -187.363312 -57.777496 -459.897461
v -188.006165 -57.775299 -460.554688
v -188.761658 -57.811050 -461.380371
v -189.592285 -57.872101 -462.318481
v -190.460449 -57.945801 -463.312744
v -191.328613 -58.019501 -464.307007
v -192.159241 -58.080551 -465.245117
v -194.355042 -57.945282 -467.312134
v -195.487122 -57.831459 -468.140869
v -198.266815 -57.784775 -470.445557
v -202.364624 -57.791801 -473.930908
v -207.450989 -57.839111 -478.301880
v -213.196411 -57.913277 -483.263184
v -219.271362 -58.000870 -488.519653
v -225.346313 -58.088463 -493.776123
v -231.091736 -58.162628 -498.737427
v -236.178101 -58.209938 -503.108398
v -240.275879 -58.216965 -506.593750
v -246.860168 -57.903183 -511.555054
v -249.583130 -57.918266 -513.591919
v -252.946106 -57.975677 -516.147095
v -256.735718 -58.061310 -519.047852
v -260.738708 -58.161049 -522.121338
v -264.741699 -58.260788 -525.194824
v -268.531311 -58.346420 -528.095581
v -271.894287 -58.403831 -530.650757
v -274.617249 -58.418915 -532.687622
v -281.793213 -58.129509 -537.337280
v -286.547485 -58.163567 -540.477295
v -292.456787 -58.244759 -544.415405
v -299.136108 -58.357376 -548.885498
v -306.200439 -58.485710 -553.621582
v -313.264771 -58.614044 -558.357666
v -319.944092 -58.726662 -562.827759
v -325.853394 -58.807854 -566.765869
v -330.607666 -58.841911 -569.905884
v -333.821960 -58.813118 -571.981934
v -335.111206 -58.705780 -572.728027
v -335.111206 -58.705788 -572.728027
v -335.111206 -58.705780 -572.728027
v -336.165710 -58.613892 -573.197266
v -338.730957 -58.627853 -574.508057
v -342.504822 -58.726494 -576.492065
v -347.185120 -58.888641 -578.980957
v -352.469727 -59.093132 -581.806396
v -358.056458 -59.318794 -584.800171
v -363.643188 -59.544456 -587.793945
v -368.927795 -59.748947 -590.619385
v -373.608093 -59.911095 -593.108276
v -377.381958 -60.009735 -595.092285
v -379.947205 -60.023697 -596.403076
v -381.001831 -59.931793 -596.872314
v -381.984680 -59.817032 -597.276367
v -384.351807 -59.767761 -598.406860
v -387.826416 -59.770882 -600.118530
v -392.131592 -59.813301 -602.266113
v -396.990479 -59.881912 -604.704224
v -402.126221 -59.963623 -607.287598
v -407.261963 -60.045334 -609.870972
v -412.120850 -60.113945 -612.309082
v -416.426025 -60.156364 -614.456665
v -419.900635 -60.159485 -616.168335
v -422.267761 -60.110214 -617.298828
v -423.250671 -59.995453 -617.703125
v -423.771301 -59.862556 -617.878174
v -424.856140 -59.764633 -618.375610
v -426.384888 -59.697212 -619.131104
v -428.237183 -59.655838 -620.080322
v -430.292786 -59.636047 -621.158936
v -432.431335 -59.633377 -622.302490
v -434.532471 -59.643356 -623.446655
v -436.475952 -59.661530 -624.527100
v -438.141418 -59.683434 -625.479492
v -439.408569 -59.704605 -626.239502
v -440.157104 -59.720581 -626.742676
v -440.266724 -59.726898 -626.924805
v -440.266724 -59.726898 -626.924805
v -440.266724 -59.726898 -626.924805
v -439.765747 -59.726746 -626.822876
v -438.821838 -59.726334 -626.541016
v -437.523560 -59.725708 -626.115356
v -435.959534 -59.724930 -625.581665
v -434.218384 -59.724045 -624.976074
v -432.388611 -59.723106 -624.334473
v -430.558838 -59.722168 -623.692871
v -428.817688 -59.721283 -623.087280
v -427.253662 -59.720505 -622.553589
v -425.955383 -59.719879 -622.127930
v -425.011475 -59.719467 -621.846069
v -424.510498 -59.719330 -621.744385
v -423.998840 -59.722351 -621.602417
v -423.025513 -59.730698 -621.209839
v -421.682800 -59.743309 -620.616821
v -420.063049 -59.759125 -619.873535
v -418.258606 -59.777069 -619.030029
v -416.361877 -59.796082 -618.136353
v -414.465149 -59.815094 -617.242676
v -412.660706 -59.833038 -616.399170
v -411.040955 -59.848854 -615.655884
v -409.698242 -59.861465 -615.062866
v -408.724915 -59.869812 -614.670288
v -408.213318 -59.872833 -614.528320
v -407.466736 -59.869095 -614.251221
v -405.843750 -59.858765 -613.485229
v -403.519714 -59.843155 -612.328125
v -400.669861 -59.823586 -610.877563
v -397.469421 -59.801384 -609.231445
v -394.093689 -59.777863 -607.487549
v -390.717957 -59.754341 -605.743652
v -387.517517 -59.732140 -604.097534
v -384.667664 -59.712570 -602.646973
v -382.343628 -59.696960 -601.489868
v -380.720642 -59.686630 -600.723877
v -379.973999 -59.682892 -600.446777
v -379.089233 -59.656502 -600.100220
v -377.084351 -59.583534 -599.141968
v -374.183411 -59.473305 -597.694458
v -370.610352 -59.335129 -595.880005
v -366.589294 -59.178322 -593.820923
v -362.344177 -59.012199 -591.639526
v -358.099060 -58.846077 -589.458130
v -354.078003 -58.689270 -587.399048
v -350.504944 -58.551094 -585.584595
v -347.604004 -58.440865 -584.137085
v -345.599121 -58.367897 -583.178833
v -344.714417 -58.341522 -582.832153
v -343.740356 -58.339333 -582.385742
v -341.488647 -58.333275 -581.151611
v -338.214722 -58.324120 -579.287231
v -334.174194 -58.312645 -576.950195
v -329.622559 -58.299622 -574.297974
v -324.815430 -58.285828 -571.488159
v -320.008301 -58.272034 -568.678345
v -315.456665 -58.259010 -566.026123
v -311.416138 -58.247536 -563.689087
v -308.142212 -58.238380 -561.824707
v -305.890503 -58.232323 -560.590576
v -304.916504 -58.230133 -560.144043
v -304.044800 -58.227913 -559.631470
v -302.075989 -58.221771 -558.214233
v -299.229492 -58.212494 -556.073364
v -295.724731 -58.200859 -553.389771
v -291.781128 -58.187660 -550.344238
v -287.618103 -58.173676 -547.117798
v -283.455078 -58.159691 -543.891357
v -279.511475 -58.146492 -540.845825
v -276.006714 -58.134857 -538.162231
v -273.160217 -58.125580 -536.021362
v -271.191406 -58.119438 -534.604126
v -270.319824 -58.117218 -534.091553
v -269.392212 -58.115898 -533.563354
v -267.268799 -58.112251 -532.103027
v -264.188782 -58.106743 -529.896973
v -260.391296 -58.099831 -527.131592
v -256.115479 -58.091988 -523.993286
v -251.600525 -58.083679 -520.668579
v -247.085571 -58.075371 -517.343872
v -242.809753 -58.067528 -514.205566
v -239.012268 -58.060616 -511.440186
v -235.932251 -58.055107 -509.234131
v -233.808838 -58.051460 -507.773804
v -232.881165 -58.050140 -507.245361
v -232.881165 -58.050140 -507.245361
v -232.881165 -58.050140 -507.245361
v -231.670593 -58.045532 -506.397827
v -228.764954 -58.032799 -504.054565
v -224.503296 -58.013565 -500.514771
v -219.224609 -57.989456 -496.077637
v -213.267883 -57.962097 -491.042236
v -206.972107 -57.933113 -485.707642
v -200.676361 -57.904129 -480.373047
v -194.719604 -57.876770 -475.337646
v -189.440887 -57.852661 -470.900513
v -185.179230 -57.833427 -467.360718
v -182.273621 -57.820694 -465.017456
v -181.063080 -57.816071 -464.170044
v -179.917816 -57.811218 -463.279297
v -177.192657 -57.797806 -460.816772
v -173.203613 -57.777542 -457.096802
v -168.266632 -57.752144 -452.433716
v -162.697693 -57.723320 -447.141846
v -156.812805 -57.692780 -441.535645
v -150.927917 -57.662239 -435.929443
v -145.358978 -57.633415 -430.637573
v -140.421997 -57.608017 -425.974487
v -136.432953 -57.587753 -422.254517
v -133.707825 -57.574341 -419.791992
v -132.562561 -57.569489 -418.901367
v -131.113281 -57.565872 -417.484009
v -127.547668 -57.555878 -413.565552
v -122.288971 -57.540779 -407.646118
v -115.760468 -57.521851 -400.225952
v -108.385406 -57.500366 -391.805298
v -100.587097 -57.477608 -382.884399
v -92.788788 -57.454849 -373.963501
v -85.413727 -57.433365 -365.542847
v -78.885223 -57.414436 -358.122681
v -73.626526 -57.399338 -352.203247
v -70.060913 -57.389343 -348.284790
v -68.611633 -57.385712 -346.867676
v -67.408600 -57.354042 -345.466675
v -64.523712 -57.266479 -341.593384
v -60.293335 -57.134209 -335.742188
v -55.053864 -56.968407 -328.407593
v -49.141663 -56.780243 -320.084106
v -42.893097 -56.580902 -311.266113
v -36.644531 -56.381561 -302.448120
v -30.732330 -56.193398 -294.124634
v -25.492859 -56.027596 -286.790039
v -21.262482 -55.895325 -280.938843
v -18.377594 -55.807762 -277.065552
v -17.174500 -55.776093 -275.664307
v -16.160278 -55.771568 -274.244141
v -13.797424 -55.759064 -270.317627
v -10.355652 -55.740173 -264.386108
v -6.104706 -55.716499 -256.950806
v -1.314301 -55.689629 -248.513062
v 3.745819 -55.661163 -239.574097
v 8.805939 -55.632698 -230.635132
v 13.596344 -55.605827 -222.197388
v 17.847290 -55.582153 -214.762085
v 21.289062 -55.563263 -208.830566
v 23.651917 -55.550758 -204.904053
v 24.666199 -55.546234 -203.483887
v 25.467987 -55.564362 -202.150635
v 27.241699 -55.614876 -198.462402
v 29.789948 -55.691994 -192.886230
v 32.915283 -55.789932 -185.889038
v 36.420288 -55.902901 -177.937988
v 40.107544 -56.025108 -169.500122
v 43.779633 -56.150772 -161.042603
v 47.239136 -56.274101 -153.032349
v 50.288605 -56.389313 -145.936401
v 52.730637 -56.490616 -140.221924
v 54.367813 -56.572220 -136.355957
v 55.002731 -56.628349 -134.805664
v 55.357986 -56.662697 -133.605469
v 56.222061 -56.684090 -130.707886
v 57.496216 -56.694435 -126.456299
v 59.081726 -56.695625 -121.194092
v 60.879868 -56.689568 -115.264771
v 62.791916 -56.678154 -109.011841
v 64.719131 -56.663284 -102.778687
v 66.562790 -56.646866 -96.908691
v 68.224167 -56.630791 -91.745239
v 69.604538 -56.616959 -87.631836
v 70.605164 -56.607262 -84.911987
v 73.168900 -56.600868 -78.927368
v 74.270370 -56.599060 -75.630005
v 75.486649 -56.597008 -71.888062
v 76.760330 -56.594833 -67.923828
v 78.034012 -56.592659 -63.959595
v 79.250290 -56.590607 -60.217651
v 80.351761 -56.588799 -56.920288
v 81.281036 -56.587357 -54.289795
v 81.980698 -56.586403 -52.548462
v 82.393341 -56.586029 -51.918701
v 83.058090 -56.607056 -49.998169
v 84.454758 -56.665184 -44.688477
v 86.436966 -56.752998 -36.667480
v 88.858322 -56.863075 -26.613037
v 91.572449 -56.987991 -15.203003
v 94.432968 -57.120331 -3.115112
v 97.293488 -57.252670 8.972778
v 100.007614 -57.377586 20.382812
v 102.428970 -57.487663 30.437256
v 104.411179 -57.575478 38.458252
v 105.807846 -57.633606 43.767944
v 106.472626 -57.654633 45.688232
v 106.995071 -57.687683 47.354736
v 107.998291 -57.779045 51.962158
v 109.386139 -57.917068 58.922241
v 111.062454 -58.090080 67.646851
v 112.931091 -58.286415 77.547729
v 114.895874 -58.494415 88.036865
v 116.860657 -58.702415 98.526001
v 118.729294 -58.898750 108.426880
v 120.405609 -59.071762 117.151489
v 121.793457 -59.209785 124.111572
v 122.796677 -59.301147 128.718872
v 123.319138 -59.334198 130.385254
v 123.823227 -59.356094 131.903809
v 124.775696 -59.416626 136.102295
v 126.086868 -59.508072 142.444702
v 127.667068 -59.622704 150.395020
v 129.426620 -59.752785 159.417236
v 131.275848 -59.890594 168.975464
v 133.125076 -60.028404 178.533691
v 134.884628 -60.158485 187.555908
v 136.464828 -60.273117 195.506226
v 137.776001 -60.364563 201.848633
v 138.728470 -60.425095 206.047119
v 139.232513 -60.446991 207.565796
v 139.842621 -60.500381 209.434692
v 141.088211 -60.647987 214.601685
v 142.842194 -60.870964 222.407104
v 144.977478 -61.150467 232.191406
v 147.366959 -61.467659 243.294922
v 149.883530 -61.803688 255.058105
v 152.400101 -62.139717 266.821289
v 154.789581 -62.456909 277.924805
v 156.924866 -62.736412 287.709106
v 158.678848 -62.959389 295.514526
v 159.924438 -63.106995 300.681519
v 160.534546 -63.160370 302.550537
v 161.113266 -63.201485 304.089111
v 162.272079 -63.315147 308.342896
v 163.894958 -63.486855 314.768799
v 165.865891 -63.702087 322.823853
v 168.068863 -63.946342 331.964966
v 170.387863 -64.205109 341.649048
v 172.706863 -64.463875 351.333130
v 174.909836 -64.708130 360.474243
v 176.880768 -64.923363 368.529297
v 178.503647 -65.095070 374.955200
v 179.662460 -65.208733 379.208984
v 180.241180 -65.249847 380.747681
v 180.836151 -65.307274 382.341675
v 182.039871 -65.466042 386.748657
v 183.730606 -65.705887 393.406067
v 185.786591 -66.006531 401.751221
v 188.086090 -66.347717 411.221619
v 190.507324 -66.709167 421.254578
v 192.928558 -67.070618 431.287537
v 195.228058 -67.411804 440.757935
v 197.284042 -67.712448 449.103088
v 198.974777 -67.952293 455.760498
v 200.178497 -68.111061 460.167480
v 200.773468 -68.168488 461.761536
v 201.686096 -68.217667 463.920227
v 203.764664 -68.355881 469.888550
v 206.770126 -68.569130 478.904846
v 210.463486 -68.843422 490.207458
v 214.605713 -69.164764 503.034729
v 218.957825 -69.519157 516.624939
v 223.280762 -69.892601 530.216431
v 227.335541 -70.271111 543.047607
v 230.883118 -70.640678 554.356750
v 233.684509 -70.987320 563.382141
v 235.500687 -71.297035 569.362183
v 236.092621 -71.555832 571.535217
v 235.195129 -71.686012 569.456848
v 232.893463 -71.640160 563.683044
v 229.474274 -71.449661 554.952637
v 225.224243 -71.145920 544.004456
v 220.430038 -70.760330 531.577271
v 215.378326 -70.324295 518.409973
v 210.355743 -69.869202 505.241394
v 205.649002 -69.426453 492.810364
v 201.544739 -69.027435 481.855652
v 198.329636 -68.703552 473.116150
v 196.290344 -68.486198 467.330627
v 195.713562 -68.406769 465.237854
v 195.370514 -68.387894 464.001770
v 193.980896 -68.335709 460.584412
v 191.754028 -68.256882 455.421997
v 188.899216 -68.158066 448.950806
v 185.625793 -68.045929 441.607056
v 182.143036 -67.927132 433.827087
v 178.660309 -67.808334 426.047119
v 175.386887 -67.696198 418.703369
v 172.532089 -67.597382 412.232178
v 170.305222 -67.518555 407.069763
v 168.915604 -67.466370 403.652405
v 168.572540 -67.447479 402.416260
v 168.041626 -67.431358 400.976440
v 166.132614 -67.386795 396.995789
v 163.121124 -67.319473 390.982422
v 159.282776 -67.235077 383.444580
v 154.893188 -67.139305 374.890381
v 150.227982 -67.037842 365.828003
v 145.562775 -66.936378 356.765625
v 141.173187 -66.840607 348.211426
v 137.334839 -66.756210 340.673584
v 134.323349 -66.688889 334.660278
v 132.414337 -66.644325 330.679565
v 131.883438 -66.628204 329.239624
v 131.883469 -66.628204 329.239624
v 131.883438 -66.628204 329.239624
v 131.176132 -66.654610 327.351440
v 128.779465 -66.727608 322.131226
v 125.031311 -66.837883 314.245361
v 120.269531 -66.976112 304.360229
v 114.832001 -67.132980 293.142334
v 109.056610 -67.299164 281.257935
v 103.281219 -67.465347 269.373535
v 97.843689 -67.622215 258.155518
v 93.081909 -67.760445 248.270386
v 89.333755 -67.870720 240.384521
v 86.187164 -67.964653 232.800171
v 85.628143 -67.949539 231.484253
v 84.656006 -67.926704 229.496338
v 83.374039 -67.898079 227.004395
v 81.885513 -67.865593 224.176514
v 80.293701 -67.831177 221.180542
v 78.701889 -67.796761 218.184570
v 77.213364 -67.764275 215.356689
v 75.931396 -67.735649 212.864746
v 74.411652 -67.723167 207.483765
v 74.166916 -67.757492 205.707520
v 73.796753 -67.800514 203.480957
v 73.342987 -67.849335 200.954224
v 72.847412 -67.901062 198.277344
v 72.351837 -67.952789 195.600464
v 71.898071 -68.001610 193.073730
v 71.527924 -68.044632 190.847168
v 71.492218 -68.041023 184.549683
v 71.359497 -67.964622 181.310181
v 71.129745 -67.868851 177.249390
v 70.835297 -67.760162 172.640991
v 70.508514 -67.645020 167.758911
v 70.181732 -67.529877 162.876831
v 69.887283 -67.421188 158.268433
v 69.657532 -67.325417 154.207642
v 69.998901 -67.107986 145.040771
v 69.964813 -67.060417 143.058228
v 69.892426 -67.006432 140.808472
v 69.800888 -66.949242 138.425049
v 69.709351 -66.892052 136.041626
v 69.636963 -66.838066 133.791870
v 71.017120 -66.728027 125.554688
v 71.927368 -66.738754 121.952026
v 73.005005 -66.752205 117.436035
v 74.194229 -66.767464 112.311157
v 75.439240 -66.783630 106.881836
v 76.684250 -66.799797 101.452515
v 77.873474 -66.815056 96.327637
v 78.951111 -66.828506 91.811646
v 81.944855 -66.738480 83.145874
v 82.736618 -66.615974 81.131592
v 83.665726 -66.462418 78.606689
v 84.686386 -66.288155 75.741333
v 85.752838 -66.103539 72.705688
v 86.819290 -65.918922 69.670044
v 87.839951 -65.744659 66.804688
v 88.769058 -65.591103 64.279785
v 91.912781 -65.357780 58.911621
v 93.120880 -65.357330 57.205322
v 94.571869 -65.356766 55.066406
v 96.184799 -65.356125 52.639160
v 97.878693 -65.355446 50.067627
v 99.572586 -65.354767 47.496094
v 101.185516 -65.354126 45.068848
v 102.636505 -65.353561 42.929932
v 107.185028 -65.358246 37.353882
v 109.073364 -65.364410 34.766968
v 111.377045 -65.372139 31.524292
v 113.957626 -65.380905 27.844360
v 116.676666 -65.390198 23.945801
v 119.395706 -65.399490 20.047241
v 121.976288 -65.408257 16.367310
v 124.279968 -65.415985 13.124634
v 126.168304 -65.422150 10.537720
v 130.767654 -65.518661 6.572388
v 133.372360 -65.619568 4.760376
v 136.574036 -65.746056 2.489014
v 140.173691 -65.889595 -0.088501
v 143.972336 -66.041664 -2.819214
v 147.770981 -66.193733 -5.549927
v 151.370636 -66.337273 -8.127441
v 154.572311 -66.463760 -10.398804
v 157.177017 -66.564667 -12.210815
v 158.985764 -66.631462 -13.410278
v 159.799622 -66.655609 -13.843994
v 160.445892 -66.645592 -14.105225
v 161.791473 -66.617905 -14.827515
v 163.696503 -66.576080 -15.918579
v 166.021118 -66.523651 -17.286255
v 168.625443 -66.464149 -18.838257
v 171.369629 -66.401115 -20.482544
v 174.113815 -66.338081 -22.126831
v 176.718140 -66.278580 -23.678833
v 179.042755 -66.226151 -25.046509
v 180.947784 -66.184326 -26.137573
v 182.293365 -66.156639 -26.859863
v 182.939636 -66.146637 -27.120850
v 183.596588 -66.164536 -27.313599
v 184.971695 -66.214027 -27.846558
v 186.921326 -66.288795 -28.651611
v 189.301849 -66.382515 -29.660889
v 191.974838 -66.374695 -30.784302
v 194.829193 -66.373199 -31.984863
v 197.649277 -66.295578 -33.161865
v 200.324005 -66.249702 -34.277954
v 202.704529 -66.343422 -35.287231
v 204.659363 -66.304008 -36.070435
v 206.034454 -66.353500 -36.603394
v 206.729156 -66.371414 -36.805176
v 207.257111 -66.349220 -36.880859
v 208.379913 -66.287865 -37.114990
v 209.943176 -66.309364 -37.490479
v 211.838989 -66.345421 -37.963013
v 213.955887 -66.403877 -38.502441
v 216.144745 -66.492554 -39.070068
v 218.381729 -66.352875 -39.603027
v 220.507294 -66.221031 -40.106079
v 222.410034 -66.104851 -40.549438
v 223.978516 -66.012169 -40.903076
v 225.101303 -65.950813 -41.137207
v 225.666992 -65.928619 -41.221802
v 226.300415 -65.948441 -41.284302
v 227.610504 -66.003235 -41.457031
v 229.461914 -66.086006 -41.717896
v 231.719299 -66.189766 -42.044922
v 234.247345 -66.307510 -42.416016
v 236.910736 -66.432251 -42.809204
v 239.574112 -66.556992 -43.202393
v 242.102173 -66.674736 -43.573486
v 244.359558 -66.778496 -43.900513
v 246.210968 -66.861267 -44.161377
v 247.521042 -66.916061 -44.334106
v 248.154465 -66.935883 -44.396362
v 249.175415 -66.941933 -44.418091
v 251.556870 -66.958664 -44.478271
v 255.026733 -66.983940 -44.569214
v 259.312897 -67.015625 -44.683228
v 264.143250 -67.051582 -44.812622
v 269.245697 -67.089676 -44.949707
v 274.348175 -67.127769 -45.086792
v 279.178528 -67.163727 -45.216187
v 283.464691 -67.195412 -45.330200
v 286.934540 -67.220688 -45.421143
v 289.315979 -67.237419 -45.481323
v 290.336945 -67.243500 -45.503052
v 291.003235 -67.244225 -45.390503
v 292.404114 -67.246231 -45.079468
v 294.392700 -67.249260 -44.609497
v 296.822052 -67.253059 -44.020386
v 299.545258 -67.257370 -43.351929
v 302.415375 -67.261932 -42.643677
v 305.285492 -67.266495 -41.935425
v 308.008698 -67.270805 -41.266968
v 310.438049 -67.274605 -40.677856
v 312.426636 -67.277634 -40.207886
v 313.827515 -67.279640 -39.896851
v 314.493805 -67.280365 -39.784546
v 315.304596 -67.299835 -39.553467
v 317.105072 -67.353653 -38.914551
v 319.697235 -67.434959 -37.949463
v 322.883179 -67.536873 -36.739746
v 326.465027 -67.652527 -35.366821
v 330.244781 -67.775055 -33.912354
v 334.024536 -67.897583 -32.457886
v 337.606354 -68.013237 -31.084961
v 340.792297 -68.115150 -29.875244
v 343.384460 -68.196457 -28.910156
v 345.184937 -68.250275 -28.271240
v 345.995728 -68.269745 -28.040405
v 346.784027 -68.292931 -27.724365
v 348.522217 -68.357040 -26.850708
v 351.020355 -68.453888 -25.530884
v 354.088440 -68.575287 -23.876465
v 357.536499 -68.713051 -21.999023
v 361.174530 -68.859001 -20.010132
v 364.812592 -69.004951 -18.021240
v 368.260620 -69.142715 -16.143799
v 371.328735 -69.264114 -14.489380
v 373.826843 -69.360962 -13.169556
v 375.565063 -69.425072 -12.295898
v 376.353333 -69.448273 -11.980103
v 377.413849 -69.490784 -11.288330
v 379.904694 -69.608307 -9.375854
v 383.539795 -69.785843 -6.486816
v 388.033081 -70.008392 -2.865479
v 393.098511 -70.260948 1.244141
v 398.450012 -70.528503 5.597900
v 403.801514 -70.796059 9.951660
v 408.866943 -71.048615 14.061279
v 413.360229 -71.271164 17.682617
v 416.995361 -71.448700 20.571655
v 419.486206 -71.566223 22.484131
v 420.546722 -71.608734 23.175903
v 421.470398 -71.638489 23.831055
v 423.582977 -71.720741 25.642212
v 426.646637 -71.845001 28.378296
v 430.423645 -72.000763 31.808105
v 434.676178 -72.177521 35.700317
v 439.166504 -72.364784 39.823730
v 443.656799 -72.552048 43.947144
v 447.909332 -72.728806 47.839355
v 451.686340 -72.884567 51.269165
v 454.750000 -73.008827 54.005249
v 456.862549 -73.091080 55.816406
v 457.786255 -73.120819 56.471436
v 459.238525 -73.118904 57.411499
v 462.812500 -73.113602 60.010498
v 468.083801 -73.105598 63.936523
v 474.628113 -73.095566 68.857910
v 482.021088 -73.084175 74.442871
v 489.838379 -73.072113 80.359619
v 497.655701 -73.060051 86.276367
v 505.048676 -73.048660 91.861328
v 511.592957 -73.038628 96.782715
v 516.864258 -73.030624 100.708740
v 520.438232 -73.025322 103.307739
v 521.890503 -73.023407 104.247803
v 522.486145 -73.023148 104.526245
v 523.691772 -73.022438 105.295898
v 525.385315 -73.021370 106.458618
v 527.444824 -73.020027 107.916138
v 529.748352 -73.018509 109.570190
v 532.173828 -73.016899 111.322388
v 534.599365 -73.015289 113.074585
v 536.902832 -73.013771 114.728638
v 538.962402 -73.012428 116.186157
v 540.655945 -73.011360 117.348877
v 541.861572 -73.010651 118.118530
v 542.457153 -73.010406 118.396851
v 543.694946 -73.008423 118.982422
v 546.671692 -73.002968 120.603271
v 551.032532 -72.994781 123.055298
v 556.422546 -72.984612 126.134399
v 562.486938 -72.973206 129.636475
v 568.870789 -72.961311 133.357544
v 575.219238 -72.949669 137.093506
v 581.177368 -72.939026 140.640259
v 586.390381 -72.930130 143.793701
v 590.503296 -72.923729 146.349854
v 593.161255 -72.920563 148.104614
v 594.009521 -72.921387 148.853760
v 594.009460 -72.921387 148.853760
v 594.009521 -72.921387 148.853760
v 592.493774 -72.926682 148.362305
v 588.616211 -72.935905 146.686768
v 582.856201 -72.948219 144.061035
v 575.693298 -72.962784 140.718994
v 567.606873 -72.978767 136.894409
v 559.076416 -72.995331 132.821045
v 550.581360 -73.011635 128.732788
v 542.601196 -73.026848 124.863525
v 535.615356 -73.040138 121.447021
v 530.103271 -73.050667 118.717163
v 526.544434 -73.057594 116.907837
v 525.418335 -73.060089 116.252930
v 525.418335 -73.060089 116.252930
v 525.418335 -73.060089 116.252930
v 524.505981 -73.075958 115.765381
v 521.542358 -73.119835 114.417603
v 516.937744 -73.186119 112.381470
v 511.102356 -73.269211 109.829224
v 504.446472 -73.363503 106.932861
v 497.380371 -73.463402 103.864380
v 490.314240 -73.563301 100.795898
v 483.658386 -73.657593 97.899536
v 477.822998 -73.740685 95.347290
v 473.218384 -73.806969 93.311157
v 470.254761 -73.850845 91.963379
v 469.342377 -73.866730 91.475830
v 468.337585 -73.884331 91.017212
v 465.118530 -73.932999 89.749268
v 460.128021 -74.006516 87.833862
v 453.808929 -74.098663 85.432861
v 446.604126 -74.203239 82.708130
v 438.956421 -74.314026 79.821533
v 431.308777 -74.424812 76.934937
v 424.103943 -74.529388 74.210205
v 417.784851 -74.621536 71.809204
v 412.794342 -74.695053 69.893799
v 409.575256 -74.743721 68.625854
v 408.570465 -74.761322 68.167603
v 408.570465 -74.761322 68.167603
v 407.182587 -74.794685 67.607544
v 402.904358 -74.886932 66.059082
v 396.313843 -75.026283 63.719849
v 387.989105 -75.200966 60.787598
v 378.508209 -75.399200 57.460083
v 368.449280 -75.609215 53.934814
v 358.390320 -75.819229 50.409546
v 348.909424 -76.017464 47.082031
v 340.584686 -76.192146 44.149780
v 333.994171 -76.331497 41.810547
v 329.715942 -76.423744 40.262085
v 328.328064 -76.457123 39.702026
v 326.953949 -76.489731 39.271362
v 322.713776 -76.579887 38.080566
v 316.180725 -76.716080 36.281738
v 307.928009 -76.886803 34.026978
v 298.528870 -77.080544 31.468140
v 288.556519 -77.285797 28.757324
v 278.584198 -77.491051 26.046509
v 269.185059 -77.684792 23.487671
v 260.932343 -77.855515 21.232910
v 254.399292 -77.991707 19.434082
v 250.159103 -78.081863 18.243286
v 248.785004 -78.114471 17.812744
v 247.990631 -78.137306 17.562988
v 245.353210 -78.200439 16.872681
v 241.241394 -78.295807 15.829834
v 236.023758 -78.415352 14.522583
v 230.068909 -78.551018 13.039062
v 223.745453 -78.694740 11.467407
v 217.421997 -78.838463 9.895752
v 211.467148 -78.974129 8.412231
v 206.249512 -79.093674 7.104980
v 202.137695 -79.189041 6.062134
v 199.500275 -79.252174 5.371826
v 198.705902 -79.274994 5.121826
v 197.720703 -79.269562 4.901611
v 194.555725 -79.254547 4.292847
v 189.646927 -79.231865 3.373291
v 183.430267 -79.203430 2.220581
v 176.341705 -79.171158 0.912476
v 168.817184 -79.136971 -0.473267
v 161.292664 -79.102783 -1.859009
v 154.204102 -79.070511 -3.167114
v 147.987442 -79.042076 -4.319824
v 143.078644 -79.019394 -5.239380
v 139.913666 -79.004379 -5.848145
v 138.928497 -78.998932 -6.067993
v 137.586334 -79.009155 -6.369873
v 133.434479 -79.037407 -7.204346
v 127.034866 -79.080093 -8.464966
v 118.949448 -79.133598 -10.045166
v 109.740143 -79.194313 -11.838379
v 99.968903 -79.258636 -13.738159
v 90.197662 -79.322960 -15.637939
v 80.988358 -79.383675 -17.431152
v 72.902939 -79.437180 -19.011353
v 66.503326 -79.479866 -20.271973
v 62.351471 -79.508118 -21.106445
v 61.009338 -79.518341 -21.408447
v 61.009369 -79.518341 -21.408447
v 61.009369 -79.518341 -21.408447
v 44.072479 -79.276413 -23.709717
v 32.662262 -79.116920 -25.226807
v 19.679871 -78.935921 -26.948486
v 5.911407 -78.744171 -28.772461
v -7.857056 -78.552422 -30.596436
v -20.839447 -78.371422 -32.318115
v -32.249664 -78.211929 -33.835205
v -41.301636 -78.084694 -35.045532
v -47.209290 -78.000465 -35.846680
v -49.186523 -77.970001 -36.136230
v -51.544189 -77.972923 -36.523315
v -58.503632 -77.981003 -37.593506
v -69.144501 -77.993210 -39.210205
v -82.546448 -78.008514 -41.236816
v -97.789093 -78.025879 -43.536621
v -113.952087 -78.044273 -45.973145
v -130.115082 -78.062668 -48.409668
v -145.357727 -78.080032 -50.709473
v -158.759674 -78.095337 -52.736084
v -169.400543 -78.107544 -54.352783
v -176.359985 -78.115623 -55.422974
v -178.717651 -78.118561 -55.810303
v -180.609406 -78.091766 -56.124023
v -186.280762 -78.017685 -56.991455
v -194.975800 -77.905769 -58.301880
v -205.938599 -77.765480 -59.944580
v -218.413208 -77.606277 -61.808716
v -231.643738 -77.437622 -63.783569
v -244.874268 -77.268967 -65.758423
v -257.348877 -77.109764 -67.622559
v -268.311646 -76.969475 -69.265259
v -277.006653 -76.857559 -70.575684
v -282.677979 -76.783478 -71.443115
v -284.569824 -76.756683 -71.756836
v -286.838135 -76.754585 -72.059082
v -293.550537 -76.748772 -72.894775
v -303.818237 -76.739998 -74.157227
v -316.752380 -76.728996 -75.739746
v -331.464172 -76.716507 -77.535645
v -347.064758 -76.703278 -79.438232
v -362.665344 -76.690048 -81.340820
v -377.377136 -76.677559 -83.136719
v -390.311279 -76.666557 -84.719238
v -400.578979 -76.657784 -85.981689
v -407.291382 -76.651970 -86.817383
v -409.559814 -76.649872 -87.119751
v -411.026428 -76.673500 -87.300171
v -415.522339 -76.738823 -87.798950
v -422.441711 -76.837502 -88.552368
v -431.178711 -76.961205 -89.496826
v -441.127441 -77.101585 -90.568604
v -451.682007 -77.250305 -91.703979
v -462.236572 -77.399025 -92.839355
v -472.185303 -77.539406 -93.911133
v -480.922302 -77.663109 -94.855591
v -487.841675 -77.761787 -95.609009
v -492.337585 -77.827110 -96.107788
v -493.804321 -77.850739 -96.288086
v -495.171204 -77.857849 -96.409790
v -499.391357 -77.877510 -96.746338
v -505.894165 -77.907211 -97.254639
v -514.108948 -77.944435 -97.891846
v -523.465027 -77.986679 -98.614990
v -533.391785 -78.031433 -99.380981
v -543.318542 -78.076187 -100.146973
v -552.674622 -78.118431 -100.870117
v -560.889404 -78.155655 -101.507324
v -567.392212 -78.185356 -102.015625
v -571.612366 -78.205017 -102.352173
v -572.979065 -78.212128 -102.473755
v -573.964478 -78.224083 -102.593506
v -577.130066 -78.257133 -102.924683
v -582.039795 -78.307060 -103.425049
v -588.257568 -78.369644 -104.052246
v -595.347412 -78.440666 -104.764038
v -602.873291 -78.515907 -105.518066
v -610.399170 -78.591148 -106.272095
v -617.489014 -78.662170 -106.983887
v -623.706787 -78.724754 -107.611084
v -628.616516 -78.774681 -108.111450
v -631.782104 -78.807732 -108.442627
v -632.767578 -78.819672 -108.562500
v -631.283569 -78.807999 -108.529663
v -627.621887 -78.775734 -108.438843
v -622.218079 -78.726990 -108.301758
v -615.507690 -78.665894 -108.129883
v -607.926270 -78.596558 -107.934814
v -599.909302 -78.523102 -107.728149
v -591.892334 -78.449646 -107.521484
v -584.310913 -78.380310 -107.326416
v -577.600525 -78.319214 -107.154541
v -572.196716 -78.270470 -107.017456
v -568.535034 -78.238205 -106.926636
v -567.051147 -78.226532 -106.893677
v -565.691345 -78.217461 -106.827271
v -562.373047 -78.192383 -106.643799
v -557.487976 -78.154495 -106.366699
v -551.427856 -78.107002 -106.019409
v -544.584290 -78.053108 -105.625244
v -537.349060 -77.996010 -105.207642
v -530.113831 -77.938911 -104.790039
v -523.270264 -77.885017 -104.395874
v -517.210144 -77.837524 -104.048584
v -512.325073 -77.799637 -103.771484
v -509.006775 -77.774559 -103.588013
v -507.647034 -77.765472 -103.521729
v -506.367920 -77.753151 -103.430542
v -503.272766 -77.719093 -103.178467
v -498.724792 -77.667648 -102.797729
v -493.087158 -77.603157 -102.320435
v -486.723145 -77.529976 -101.778809
v -479.995911 -77.452446 -101.205078
v -473.268677 -77.374916 -100.631348
v -466.904663 -77.301735 -100.089722
v -461.267029 -77.237244 -99.612427
v -456.719055 -77.185799 -99.231689
v -453.623901 -77.151741 -98.979614
v -452.344788 -77.139435 -98.888672
v -452.153809 -77.139435 -98.888672
v -452.067017 -77.139435 -98.888672
v -452.063538 -77.139435 -98.888672
v -452.122559 -77.139435 -98.888672
v -452.223267 -77.139435 -98.888672
v -452.344788 -77.139435 -98.888672
v -452.466309 -77.139435 -98.888672
v -452.567017 -77.139435 -98.888672
v -452.626038 -77.139435 -98.888672
v -452.622559 -77.139435 -98.888672
v -452.535767 -77.139435 -98.888672
v -452.344788 -77.139435 -98.888672
v -450.336792 -77.098763 -98.746216
v -445.226379 -76.986320 -98.352295
v -437.634033 -76.816460 -97.757202
v -428.180298 -76.603539 -97.011230
v -417.485596 -76.361908 -96.164673
v -406.170410 -76.105927 -95.267822
v -394.855225 -75.849945 -94.370972
v -384.160522 -75.608315 -93.524414
v -374.706787 -75.395393 -92.778442
v -367.114441 -75.225533 -92.183350
v -362.004028 -75.113091 -91.789429
v -359.995972 -75.072418 -91.646362
v -358.521301 -75.013023 -91.590088
v -354.885437 -74.848808 -91.434448
v -349.520630 -74.600739 -91.199341
v -342.859070 -74.289780 -90.904541
v -335.333069 -73.936897 -90.570068
v -327.374817 -73.563049 -90.215698
v -319.416565 -73.189201 -89.861328
v -311.890564 -72.836319 -89.526855
v -305.229004 -72.525360 -89.232056
v -299.864197 -72.277290 -88.996948
v -296.228333 -72.113075 -88.841309
v -294.753540 -72.053680 -88.784912
v -294.753540 -72.053680 -88.784912
v -294.753540 -72.053680 -88.784912
v -293.814148 -72.024704 -88.774414
v -291.658203 -71.944588 -88.745361
v -288.528992 -71.823563 -88.701416
v -284.669861 -71.671852 -88.646362
v -280.324097 -71.499687 -88.583862
v -275.735046 -71.317291 -88.517578
v -271.145996 -71.134895 -88.451294
v -266.800232 -70.962730 -88.388794
v -262.941101 -70.811020 -88.333740
v -259.811890 -70.689995 -88.289795
v -257.655945 -70.609879 -88.260742
v -256.716553 -70.580902 -88.250000
v -255.460754 -70.580360 -88.307983
v -252.430054 -70.578850 -88.468262
v -247.979492 -70.576576 -88.710327
v -242.463989 -70.573723 -89.013794
v -236.238525 -70.570480 -89.358154
v -229.658081 -70.567047 -89.723022
v -223.077637 -70.563614 -90.087891
v -216.852173 -70.560371 -90.432251
v -211.336670 -70.557518 -90.735718
v -206.886108 -70.555244 -90.977783
v -203.855438 -70.553734 -91.138062
v -202.599548 -70.553192 -91.195801
v -201.679718 -70.554031 -91.266113
v -199.577820 -70.556358 -91.460449
v -196.530304 -70.559875 -91.754028
v -192.773529 -70.564285 -92.122070
v -188.543945 -70.569290 -92.539795
v -184.077942 -70.574593 -92.982300
v -179.611938 -70.579895 -93.424805
v -175.382355 -70.584900 -93.842529
v -171.625580 -70.589310 -94.210571
v -168.578064 -70.592827 -94.504150
v -166.476166 -70.595154 -94.698486
v -165.556396 -70.595978 -94.768799
v -164.330902 -70.594833 -94.880249
v -161.383942 -70.591660 -95.188477
v -157.059814 -70.586868 -95.654175
v -151.702820 -70.580864 -96.237915
v -145.657227 -70.574051 -96.900391
v -139.267334 -70.566833 -97.602173
v -132.877441 -70.559616 -98.303955
v -126.831848 -70.552803 -98.966431
v -121.474854 -70.546799 -99.550171
v -117.150726 -70.542007 -100.015869
v -114.203766 -70.538834 -100.324097
v -112.978271 -70.537689 -100.435913
v -112.163666 -70.562141 -100.382080
v -110.352722 -70.629738 -100.233276
v -107.744690 -70.731850 -100.008545
v -104.538849 -70.859848 -99.726807
v -100.934448 -71.005104 -99.407104
v -97.130798 -71.158989 -99.068481
v -93.327148 -71.312874 -98.729858
v -89.722748 -71.458130 -98.410156
v -86.516907 -71.586128 -98.128418
v -83.908875 -71.688240 -97.903687
v -82.097931 -71.755836 -97.754883
v -81.283264 -71.780304 -97.701294
v -80.277100 -71.783501 -97.516602
v -77.936523 -71.792328 -97.005859
v -74.528412 -71.805664 -96.234375
v -70.319641 -71.822380 -95.267334
v -65.577118 -71.841354 -94.169800
v -60.567688 -71.861450 -93.007080
v -55.558258 -71.881546 -91.844360
v -50.815735 -71.900520 -90.746826
v -46.606964 -71.917236 -89.779785
v -43.198853 -71.930573 -89.008301
v -37.295319 -71.939697 -87.190430
v -34.763641 -71.936485 -85.945190
v -31.653503 -71.932457 -84.384277
v -28.157745 -71.927887 -82.612915
v -24.469177 -71.923050 -80.736328
v -20.780609 -71.918213 -78.859741
v -17.284851 -71.913643 -77.088379
v -14.174713 -71.909615 -75.527466
v -11.643036 -71.906403 -74.282227
v -6.392609 -71.906876 -71.437134
v -3.708923 -71.910606 -69.526245
v -0.408234 -71.915283 -67.130981
v 3.303772 -71.920593 -64.412720
v 7.221466 -71.926216 -61.532959
v 11.139160 -71.931839 -58.653198
v 14.851166 -71.937149 -55.934937
v 18.151855 -71.941826 -53.539673
v 20.835541 -71.945557 -51.628784
v 25.854431 -71.937630 -48.154297
v 28.127350 -72.033730 -46.206543
v 30.910828 -72.252792 -43.759888
v 34.032532 -72.395027 -40.976074
v 37.320190 -72.549995 -38.016846
v 40.601501 -72.710823 -35.043823
v 43.704193 -72.870621 -32.218750
v 46.455963 -73.022507 -29.703247
v 48.684509 -73.159592 -27.659058
v 52.062866 -73.413933 -24.463501
v 55.019028 -73.433243 -21.528198
v 59.397400 -73.425171 -17.181519
v 64.843994 -73.395096 -11.779907
v 71.004868 -73.348396 -5.679443
v 77.526047 -73.290459 0.763428
v 84.053558 -73.226662 7.192627
v 90.233444 -73.162399 13.251709
v 95.711746 -73.103043 18.584473
v 100.134491 -73.053978 22.834717
v 103.147705 -73.020592 25.646118
v 104.397430 -73.008270 26.662476
v 106.799484 -72.990242 28.846069
v 112.998688 -72.941849 34.883545
v 122.234604 -72.871635 44.005371
v 133.746796 -72.788139 55.441772
v 146.774826 -72.699905 68.423218
v 160.558273 -72.615463 82.179932
v 174.336700 -72.543358 95.942261
v 187.349670 -72.492134 108.940552
v 198.836761 -72.470322 120.405151
v 208.037506 -72.486465 129.566406
v 214.191528 -72.549103 135.654663
v 216.538361 -72.666794 137.900513
v 217.304825 -72.749390 138.923218
v 219.089020 -72.716499 141.631348
v 221.687378 -72.591225 145.687744
v 224.896393 -72.396660 150.755371
v 228.512512 -72.155907 156.497192
v 232.332153 -71.892052 162.576050
v 236.151825 -71.628204 168.654907
v 239.767929 -71.387451 174.396729
v 242.976944 -71.192894 179.464355
v 245.575317 -71.067627 183.520752
v 247.359528 -71.034744 186.228882
v 249.703506 -71.197433 191.508057
v 251.222305 -71.105865 196.147705
v 253.078064 -70.953552 201.946411
v 255.158447 -70.760742 208.517822
v 257.351135 -70.547684 215.475586
v 259.543823 -70.334633 222.433350
v 261.624207 -70.141830 229.004761
v 263.479980 -69.989525 234.803467
v 264.998779 -69.897964 239.443115
v 266.068329 -69.887390 242.537231
v 267.205292 -70.097076 245.821411
v 267.671814 -70.048691 248.093018
v 268.208496 -69.950516 250.923340
v 268.791962 -69.819138 254.126221
v 269.398804 -69.671165 257.515381
v 270.005646 -69.523193 260.904541
v 270.589111 -69.391823 264.107422
v 271.125824 -69.293648 266.937744
v 271.592346 -69.245270 269.209351
v 272.533173 -69.518883 274.669800
v 272.647888 -69.509972 278.290894
v 272.743591 -69.461266 282.812866
v 272.826599 -69.386032 287.935425
v 272.903290 -69.297539 293.358276
v 272.979950 -69.209045 298.781128
v 273.062988 -69.133812 303.903687
v 273.158661 -69.085106 308.425659
v 273.273376 -69.076195 312.046753
v 273.413483 -69.120338 314.466675
v 273.475098 -69.399895 318.935425
v 273.115906 -69.405792 322.794800
v 272.610168 -69.373993 327.620239
v 271.999939 -69.315559 333.094116
v 271.327362 -69.241539 338.898804
v 270.634521 -69.162994 344.716675
v 269.963562 -69.090973 350.230103
v 269.356537 -69.036537 355.121399
v 268.855621 -69.010735 359.072876
v 268.502899 -69.024628 361.766968
v 268.340454 -69.089264 362.886108
v 268.265472 -69.161743 363.779175
v 268.152466 -69.196869 365.850220
v 268.009827 -69.202271 368.863647
v 267.845825 -69.185585 372.583862
v 267.668762 -69.154449 376.775391
v 267.486938 -69.116493 381.202576
v 267.308716 -69.079346 385.629944
v 267.142395 -69.050644 389.821899
v 266.996246 -69.038025 393.542847
v 266.878601 -69.049118 396.557312
v 266.797791 -69.091553 398.629639
v 266.762085 -69.172966 399.524292
v 266.724579 -69.298706 401.487000
v 266.640381 -69.463318 406.511841
v 266.521118 -69.658264 413.986145
v 266.378296 -69.874985 423.297180
v 266.223450 -70.104942 433.832214
v 266.068146 -70.339592 444.978577
v 265.923920 -70.570381 456.123474
v 265.802307 -70.788757 466.654236
v 265.714844 -70.986183 475.958130
v 265.673096 -71.154106 483.422485
v -4.820374 -70.000397 59.271973
v -4.820374 -70.000404 59.271851
v -4.820374 -70.000397 59.271973
v -5.736511 -69.896851 59.314209
v -7.919189 -69.878578 59.417847
v -11.115112 -69.928528 59.570557
v -15.070953 -70.029648 59.760010
v -19.533417 -70.164879 59.973999
v -24.249176 -70.317162 60.200195
v -28.964935 -70.469444 60.426392
v -33.427399 -70.604675 60.640381
v -37.383240 -70.705795 60.829834
v -40.579163 -70.755745 60.982544
v -42.761841 -70.737473 61.086182
v -43.677979 -70.633942 61.128418
v -44.820923 -70.543793 60.979614
v -47.630646 -70.562553 60.554810
v -51.773773 -70.668449 59.909180
v -56.916962 -70.839699 59.097900
v -62.726868 -71.054512 58.176270
v -68.870148 -71.291107 57.199341
v -75.013428 -71.527702 56.222412
v -80.823334 -71.742516 55.300781
v -85.966522 -71.913765 54.489502
v -90.109650 -72.019661 53.843872
v -92.919373 -72.038422 53.419067
v -94.062317 -71.948273 53.270020
v -95.165863 -71.856209 52.907227
v -97.866638 -71.869682 51.890991
v -101.845245 -71.967590 50.352051
v -106.782196 -72.128822 48.421021
v -112.358032 -72.332268 46.228516
v -118.253326 -72.556824 43.905396
v -124.148621 -72.781380 41.582275
v -129.724457 -72.984825 39.389771
v -134.661407 -73.146057 37.458740
v -138.640015 -73.243965 35.919800
v -141.340790 -73.257439 34.903564
v -142.444336 -73.165375 34.540771
v -143.951141 -73.081779 33.938354
v -147.766815 -73.118675 32.259399
v -153.429596 -73.251961 29.719360
v -160.477722 -73.457535 26.533447
v -168.449402 -73.711304 22.916870
v -176.882843 -73.989174 19.085083
v -185.316284 -74.267044 15.253296
v -193.287964 -74.520813 11.636719
v -200.336090 -74.726387 8.450806
v -205.998901 -74.859673 5.910767
v -209.814575 -74.896568 4.231812
v -211.321350 -74.812958 3.629395
v -212.082581 -74.717873 3.391846
v -213.837036 -74.723000 2.721802
v -216.386047 -74.808296 1.705688
v -219.531006 -74.953712 0.430054
v -223.073242 -75.139214 -1.018555
v -226.814148 -75.344757 -2.553711
v -230.555054 -75.550301 -4.088867
v -234.097290 -75.735802 -5.537476
v -237.242249 -75.881218 -6.813110
v -239.791260 -75.966507 -7.829224
v -241.545715 -75.971634 -8.499268
v -242.307007 -75.876556 -8.736694
v -244.179138 -75.799980 -9.277466
v -249.004822 -75.856277 -10.786011
v -256.193359 -76.018875 -13.068726
v -265.154053 -76.261200 -15.932007
v -275.296204 -76.556671 -19.182373
v -286.029053 -76.878716 -22.626343
v -296.761902 -77.200760 -26.070312
v -306.904053 -77.496231 -29.320679
v -315.864746 -77.738556 -32.183960
v -323.053284 -77.901154 -34.466675
v -327.878967 -77.957451 -35.975220
v -329.751099 -77.880890 -36.515869
v -331.077759 -77.767326 -36.781128
v -334.395508 -77.721352 -37.527832
v -339.306091 -77.729454 -38.659790
v -345.411316 -77.778114 -40.080566
v -352.312927 -77.853813 -41.693970
v -359.612793 -77.943031 -43.403687
v -366.912659 -78.032249 -45.113403
v -373.814270 -78.107948 -46.726807
v -379.919495 -78.156609 -48.147583
v -384.830078 -78.164711 -49.279541
v -388.318237 -77.889175 -50.089233
v -388.318237 -77.889175 -50.089233
v -384.771362 -77.836533 -49.543579
v -379.311951 -77.834557 -48.723022
v -372.418213 -77.870583 -47.696411
v -364.568176 -77.931946 -46.532349
v -356.240051 -78.005974 -45.299683
v -347.911926 -78.080002 -44.067017
v -340.061890 -78.141365 -42.902954
v -333.168152 -78.177391 -41.876343
v -327.708740 -78.175415 -41.055786
v -324.161865 -78.122772 -40.510132
v -323.005615 -78.006805 -40.307861
v -321.723511 -77.890686 -40.128174
v -317.828735 -77.837662 -39.644653
v -311.843872 -77.835114 -38.918091
v -304.291382 -77.870422 -38.009277
v -295.693848 -77.930962 -36.979004
v -286.573730 -78.004120 -35.887939
v -277.453613 -78.077278 -34.796875
v -268.856079 -78.137817 -33.766602
v -261.303589 -78.173126 -32.857788
v -255.318726 -78.170578 -32.131226
v -251.423950 -78.117554 -31.647705
v -250.141846 -78.001434 -31.468018
v -248.574158 -77.884766 -31.216431
v -243.889771 -77.830215 -30.534058
v -236.712036 -77.825356 -29.507080
v -227.664307 -77.857765 -28.221680
v -217.369873 -77.915024 -26.763916
v -206.452087 -77.984711 -25.219971
v -195.534332 -78.054398 -23.676025
v -185.239899 -78.111656 -22.218262
v -176.192139 -78.144066 -20.932861
v -169.014404 -78.139206 -19.905884
v -164.330017 -78.084656 -19.223511
v -162.762329 -77.967987 -18.971680
v -160.444427 -77.875885 -18.601562
v -153.685913 -77.889252 -17.591675
v -143.374939 -77.987000 -16.070068
v -130.399597 -78.148033 -14.164551
v -115.648010 -78.351250 -12.003174
v -100.008301 -78.575562 -9.713745
v -84.368591 -78.799873 -7.424316
v -69.617004 -79.003090 -5.262939
v -56.641663 -79.164124 -3.357422
v -46.330688 -79.261871 -1.835815
v -39.572174 -79.275238 -0.825928
v -37.254272 -79.183136 -0.455811
v -35.161102 -79.087227 -0.092529
v -29.023987 -79.090073 0.898438
v -19.651672 -79.171928 2.391602
v -7.852997 -79.313034 4.261475
v 5.563263 -79.493645 6.382324
v 19.788330 -79.694008 8.628784
v 34.013397 -79.894371 10.875244
v 47.429657 -80.074982 12.996094
v 59.228333 -80.216087 14.865967
v 68.600632 -80.297943 16.359131
v 74.737747 -80.300789 17.350098
v 76.830933 -80.204865 17.713379
v 78.450653 -80.094406 18.053711
v 83.278854 -80.057022 18.981445
v 90.673843 -80.078102 20.379028
v 99.993927 -80.143028 22.129028
v 110.597397 -80.237183 24.113892
v 121.842575 -80.345955 26.216187
v 133.087753 -80.454727 28.318481
v 143.691223 -80.548882 30.303345
v 153.011307 -80.613808 32.053345
v 160.406296 -80.634888 33.450928
v 165.234497 -80.597504 34.378662
v 166.854202 -80.487030 34.718994
v 168.435669 -80.343719 35.146118
v 173.158142 -80.215523 36.313843
v 180.393402 -80.099419 38.073975
v 189.513275 -79.992378 40.278320
v 199.889526 -79.891388 42.778931
v 210.893997 -79.793419 45.427612
v 221.898468 -79.695450 48.076294
v 232.274719 -79.594460 50.576904
v 241.394592 -79.487419 52.781250
v 248.629852 -79.371315 54.541382
v 253.352325 -79.243118 55.709106
v 254.933777 -79.099823 56.136108
v 254.713303 -78.931076 56.144409
v 254.710556 -78.928970 56.144531
v 254.933777 -79.099831 56.135986
v 254.933777 -79.099823 56.136108
v 256.974792 -78.924370 56.833496
v 262.967712 -78.707291 58.748169
v 272.122192 -78.456917 61.636719
v 283.647827 -78.181564 65.255737
v 296.754242 -77.889565 69.361572
v 310.651031 -77.589241 73.710938
v 324.547852 -77.288918 78.060303
v 337.654236 -76.996918 82.166138
v 349.179901 -76.721565 85.785156
v 358.334381 -76.471191 88.673706
v 364.327301 -76.254112 90.588379
v 366.368286 -76.078644 91.285767
v 368.788300 -75.931381 92.289795
v 375.829132 -75.792236 95.052124
v 386.566589 -75.659592 99.221191
v 400.076538 -75.531830 104.445312
v 415.434784 -75.407318 110.372803
v 431.717194 -75.284424 116.651978
v 447.999634 -75.161530 122.931152
v 463.357880 -75.037018 128.858643
v 476.867798 -74.909256 134.082764
v 487.605286 -74.776611 138.251831
v 494.646088 -74.637466 141.014160
v 497.066132 -74.490204 142.018555
v 499.055756 -74.340408 143.043945
v 504.906616 -74.194283 145.865601
v 513.846497 -74.051094 150.124268
v 525.103149 -73.910103 155.460693
v 537.904297 -73.770584 161.515625
v 551.477661 -73.631798 167.929810
v 565.051086 -73.493011 174.343994
v 577.852234 -73.353493 180.398926
v 589.108887 -73.212502 185.735352
v 598.048706 -73.069313 189.994019
v 603.899658 -72.923187 192.815674
v 605.889221 -72.773407 193.841553
v 607.502563 -72.624794 194.751831
v 612.313232 -72.481926 197.255127
v 619.681641 -72.343651 201.032837
v 628.968506 -72.208824 205.766357
v 639.534180 -72.076294 211.137085
v 650.739380 -71.944916 216.826416
v 661.944519 -71.813538 222.515747
v 672.510254 -71.681007 227.886475
v 681.796997 -71.546181 232.619995
v 689.165466 -71.407906 236.397705
v 693.976074 -71.265038 238.901001
v 695.589417 -71.116425 239.811035
v 693.660828 -71.015472 239.034546
v 688.678955 -71.004372 236.874390
v 681.254517 -71.065155 233.607300
v 671.998108 -71.179855 229.510010
v 661.520386 -71.330498 224.859253
v 650.432007 -71.499107 219.931763
v 639.343628 -71.667717 215.004272
v 628.865906 -71.818359 210.353516
v 619.609497 -71.933060 206.256226
v 612.185059 -71.993843 202.989136
v 607.203186 -71.982742 200.828979
v 605.274597 -71.881805 200.052124
v 604.202026 -71.754593 199.696533
v 601.586914 -71.670906 198.699951
v 597.737793 -71.622032 197.190674
v 592.963074 -71.599274 195.296875
v 587.571350 -71.593925 193.146729
v 581.871094 -71.597282 190.868408
v 576.170837 -71.600639 188.590088
v 570.779114 -71.595291 186.439941
v 566.004395 -71.572533 184.546143
v 562.155212 -71.523666 183.036865
v 559.540100 -71.439980 182.040283
v 558.467590 -71.312775 181.684570
v 557.404114 -71.167542 181.355103
v 554.814026 -71.034019 180.430908
v 551.002686 -70.909866 179.030884
v 546.275391 -70.792740 177.274048
v 540.937500 -70.680298 175.279297
v 535.294189 -70.570198 173.165527
v 529.651001 -70.460098 171.051758
v 524.313049 -70.347656 169.057007
v 519.585754 -70.230530 167.300171
v 515.774414 -70.106377 165.900146
v 513.184326 -69.972855 164.975952
v 512.120850 -69.827606 164.646362
v 510.954254 -69.684639 164.395142
v 508.079132 -69.557388 163.687134
v 503.837158 -69.442711 162.613770
v 498.570099 -69.337463 161.266357
v 492.619629 -69.238495 159.736328
v 486.327423 -69.142670 158.114868
v 480.035217 -69.046844 156.493408
v 474.084747 -68.947876 154.963379
v 468.817688 -68.842628 153.615967
v 464.575714 -68.727951 152.542603
v 461.700592 -68.600700 151.834595
v 460.533966 -68.457733 151.583496
v 459.108368 -68.368889 151.345947
v 455.517151 -68.391273 150.675659
v 450.193481 -68.502640 149.659302
v 443.570435 -68.680748 148.383301
v 436.081146 -68.903343 146.934204
v 428.158752 -69.148186 145.398560
v 420.236328 -69.393028 143.862915
v 412.747040 -69.615623 142.413818
v 406.123993 -69.793732 141.137817
v 400.800293 -69.905098 140.121460
v 397.209106 -69.927483 139.451172
v 395.783508 -69.838654 139.213501
v 394.380951 -69.725044 139.036499
v 390.853485 -69.678955 138.533936
v 385.626099 -69.686874 137.770752
v 379.123718 -69.735306 136.812256
v 371.771423 -69.810745 135.723511
v 363.994110 -69.899689 134.569580
v 356.216797 -69.988632 133.415649
v 348.864471 -70.064072 132.326904
v 342.362122 -70.112503 131.368408
v 337.134735 -70.120422 130.605225
v 333.607269 -70.074333 130.102661
v 332.204712 -69.960724 129.925659
v 331.640961 -69.872917 129.877075
v 330.432526 -69.898170 129.729492
v 328.708374 -70.013870 129.502686
v 326.597382 -70.197411 129.216431
v 324.228516 -70.426170 128.890625
v 321.730743 -70.677544 128.545044
v 319.232941 -70.928917 128.199463
v 316.864105 -71.157677 127.873657
v 314.753113 -71.341217 127.587402
v 308.192871 -71.225426 126.213623
v 305.035645 -71.223083 125.149414
v 301.128357 -71.258644 123.813354
v 296.720947 -71.319481 122.296143
v 292.063538 -71.392952 120.688354
v 287.406128 -71.466423 119.080566
v 282.998718 -71.527260 117.563354
v 279.091400 -71.562820 116.227295
v 275.934204 -71.560478 115.163086
v 269.997589 -71.332916 112.660034
v 267.052521 -71.453003 110.928955
v 263.411102 -71.642036 108.757080
v 259.305481 -71.877037 106.291260
v 254.967728 -72.135017 103.678467
v 250.629974 -72.392998 101.065674
v 246.524353 -72.627998 98.599854
v 242.882935 -72.817032 96.427979
v 239.937866 -72.937119 94.696899
v 233.885651 -72.715080 90.544800
v 230.600204 -72.718864 87.651367
v 226.532135 -72.762108 84.022461
v 221.942337 -72.831665 79.903320
v 217.091644 -72.914375 75.538940
v 212.240967 -72.997086 71.174561
v 207.651154 -73.066643 67.055420
v 203.583099 -73.109886 63.426514
v 200.297668 -73.113670 60.533081
v 198.055725 -73.064842 58.620239
v 197.118164 -72.950226 57.933228
v 195.946198 -72.836662 56.984375
v 193.056244 -72.790703 54.347900
v 188.791901 -72.798828 50.361206
v 183.496750 -72.847511 45.361938
v 177.514404 -72.923233 39.687500
v 171.188461 -73.012482 33.675537
v 164.862518 -73.101730 27.663574
v 158.880173 -73.177452 21.989136
v 153.585022 -73.226135 16.989868
v 149.320679 -73.234261 13.003174
v 146.430725 -73.188301 10.366699
v 145.258759 -73.074738 9.417969
v 143.811447 -72.935791 8.193848
v 140.160217 -72.819656 4.796265
v 134.745865 -72.721771 -0.340210
v 128.009155 -72.637573 -6.780762
v 120.390884 -72.562492 -14.090820
v 112.331833 -72.491974 -21.835571
v 104.272781 -72.421455 -29.580322
v 96.654510 -72.346375 -36.890381
v 89.917801 -72.262177 -43.330933
v 84.503448 -72.164291 -48.467407
v 80.852219 -72.048157 -51.864990
v 79.404938 -71.909210 -53.089111
v 78.320648 -71.766014 -53.966919
v 75.673050 -71.638123 -56.407349
v 71.774811 -71.522476 -60.097778
v 66.938599 -71.416016 -64.725708
v 61.477066 -71.315681 -69.978638
v 55.702866 -71.218407 -75.544067
v 49.928680 -71.121132 -81.109497
v 44.467133 -71.020798 -86.362427
v 39.630920 -70.914337 -90.990356
v 35.732697 -70.798691 -94.680786
v 33.085114 -70.670799 -97.121216
v 32.000763 -70.527618 -97.999023
v 31.259583 -70.382996 -98.625000
v 29.560608 -70.251160 -100.369019
v 27.095398 -70.129555 -103.007446
v 24.055511 -70.015625 -106.316772
v 20.632507 -69.906815 -110.073242
v 17.017944 -69.800560 -114.053345
v 13.403381 -69.694305 -118.033447
v 9.980377 -69.585495 -121.789917
v 6.940491 -69.471565 -125.099243
v 4.475281 -69.349960 -127.737671
v 2.776306 -69.218124 -129.481689
v 1.426697 -68.925781 -130.822388
v 0.094849 -68.785347 -132.811401
v -1.815765 -68.650757 -135.819946
v -4.160461 -68.520546 -139.593262
v -6.794525 -68.393257 -143.876343
v -9.573273 -68.267426 -148.414307
v -12.352020 -68.141594 -152.952271
v -14.986084 -68.014305 -157.235352
v -17.330780 -67.884094 -161.008667
v -19.241394 -67.749504 -164.017212
v -20.573242 -67.609070 -166.006226
v -21.181610 -67.461334 -166.720825
v -21.688568 -67.321396 -167.395142
v -22.739990 -67.202507 -169.272949
v -24.226959 -67.100464 -172.113525
v -26.040619 -67.011047 -175.676147
v -28.072052 -66.930054 -179.720093
v -30.212402 -66.853271 -184.004761
v -32.352753 -66.776489 -188.289429
v -34.384186 -66.695496 -192.333374
v -36.197845 -66.606079 -195.895996
v -37.684814 -66.504036 -198.736572
v -38.736237 -66.385147 -200.614380
v -39.243195 -66.245209 -201.288574
v -39.805267 -66.102654 -202.288330
v -41.009094 -65.976540 -205.065796
v -42.726288 -65.863579 -209.265381
v -44.828552 -65.760483 -214.531616
v -47.187500 -65.663963 -220.508911
v -49.674805 -65.570732 -226.841797
v -52.162109 -65.477501 -233.174683
v -54.521057 -65.380981 -239.151978
v -56.623322 -65.277885 -244.418213
v -58.340515 -65.164925 -248.617798
v -59.544342 -65.038811 -251.395264
v -60.106384 -64.896271 -252.395264
v -60.603516 -64.722656 -253.234985
v -61.627808 -64.510674 -255.569824
v -63.073822 -64.267998 -259.100830
v -64.836151 -64.002304 -263.528931
v -66.809326 -63.721260 -268.555176
v -68.887939 -63.432549 -273.880371
v -70.966553 -63.143837 -279.205566
v -72.939728 -62.862793 -284.231812
v -74.702057 -62.597099 -288.659912
v -76.148071 -62.354424 -292.190918
v -77.172363 -62.142441 -294.525757
v -77.669556 -61.968842 -295.365723
v -78.092682 -61.849625 -295.992310
v -78.912384 -61.788025 -297.738159
v -80.049316 -61.772522 -300.379272
v -81.424194 -61.791588 -303.691895
v -82.957672 -61.833702 -307.452148
v -84.570465 -61.887337 -311.436279
v -86.183258 -61.940971 -315.420410
v -87.716736 -61.983086 -319.180664
v -89.091614 -62.002151 -322.493286
v -90.228546 -61.986649 -325.134399
v -91.048248 -61.925049 -326.880249
v -91.471436 -61.805817 -327.507080
v -92.219421 -61.640175 -328.560791
v -93.937195 -61.450241 -331.487305
v -96.430786 -61.240868 -335.911987
v -99.506256 -61.016914 -341.460327
v -102.969635 -60.783241 -347.757812
v -106.626984 -60.544708 -354.429810
v -110.284332 -60.306175 -361.101807
v -113.747711 -60.072502 -367.399292
v -116.823181 -59.848549 -372.947632
v -119.316772 -59.639175 -377.372314
v -121.034546 -59.449242 -380.298828
v -121.782501 -59.283600 -381.352417
v -122.429993 -59.155739 -381.993408
v -123.869995 -59.070236 -383.778931
v -125.944000 -59.018631 -386.480103
v -128.493500 -58.992439 -389.867920
v -131.359985 -58.983192 -393.713623
v -134.384979 -58.982422 -397.788208
v -137.409973 -58.981651 -401.862793
v -140.276459 -58.972404 -405.708496
v -142.825958 -58.946213 -409.096313
v -144.899963 -58.894608 -411.797485
v -146.339966 -58.809105 -413.583008
v -146.987396 -58.681244 -414.223877
v -146.987396 -58.681252 -414.223877
v -146.987396 -58.681244 -414.223877
v -147.917725 -58.550774 -415.105225
v -150.139618 -58.458061 -417.555420
v -153.394775 -58.395561 -421.260620
v -157.424866 -58.355713 -425.906982
v -161.971588 -58.330971 -431.180908
v -166.776642 -58.313782 -436.768555
v -171.581696 -58.296593 -442.356201
v -176.128418 -58.271851 -447.630127
v -180.158508 -58.232002 -452.276489
v -183.413666 -58.169502 -455.981689
v -185.635559 -58.076790 -458.431885
v -186.870697 -57.830284 -459.464966
v -187.363312 -57.777496 -459.897461
v -188.006165 -57.775299 -460.554688
v -188.761658 -57.811050 -461.380371
v -189.592285 -57.872101 -462.318481
v -190.460449 -57.945801 -463.312744
v -191.328613 -58.019501 -464.307007
v -192.159241 -58.080551 -465.245117
v -194.355042 -57.945282 -467.312134
v -195.487122 -57.831459 -468.140869
v -198.266815 -57.784775 -470.445557
v -202.364624 -57.791801 -473.930908
v -207.450989 -57.839111 -478.301880
v -213.196411 -57.913277 -483.263184
v -219.271362 -58.000870 -488.519653
v -225.346313 -58.088463 -493.776123
v -231.091736 -58.162628 -498.737427
v -236.178101 -58.209938 -503.108398
v -240.275879 -58.216965 -506.593750
v -246.860168 -57.903183 -511.555054
v -249.583130 -57.918266 -513.591919
v -252.946106 -57.975677 -516.147095
v -256.735718 -58.061310 -519.047852
v -260.738708 -58.161049 -522.121338
v -264.741699 -58.260788 -525.194824
v -268.531311 -58.346420 -528.095581
v -271.894287 -58.403831 -530.650757
v -274.617249 -58.418915 -532.687622
v -281.793213 -58.129509 -537.337280
v -286.547485 -58.163567 -540.477295
v -292.456787 -58.244759 -544.415405
v -299.136108 -58.357376 -548.885498
v -306.200439 -58.485710 -553.621582
v -313.264771 -58.614044 -558.357666
v -319.944092 -58.726662 -562.827759
v -325.853394 -58.807854 -566.765869
v -330.607666 -58.841911 -569.905884
v -333.821960 -58.813118 -571.981934
v -335.111206 -58.705780 -572.728027
v -335.111206 -58.705788 -572.728027
v -335.111206 -58.705780 -572.728027
v -338.730957 -58.627853 -574.508057
v -342.504822 -58.726494 -576.492065
v -347.185120 -58.888641 -578.980957
v -352.469727 -59.093132 -581.806396
v -358.056458 -59.318794 -584.800171
v -363.643188 -59.544456 -587.793945
v -368.927795 -59.748947 -590.619385
v -373.608093 -59.911095 -593.108276
v -377.381958 -60.009735 -595.092285
v -379.947205 -60.023697 -596.403076
v -381.001831 -59.931793 -596.872314
v -381.984680 -59.817032 -597.276367
v -384.351807 -59.767761 -598.406860
v -387.826416 -59.770882 -600.118530
v -392.131592 -59.813301 -602.266113
v -396.990479 -59.881912 -604.704224
v -402.126221 -59.963623 -607.287598
v -407.261963 -60.045334 -609.870972
v -412.120850 -60.113945 -612.309082
v -416.426025 -60.156364 -614.456665
v -419.900635 -60.159485 -616.168335
v -422.267761 -60.110214 -617.298828
v -423.250671 -59.995453 -617.703125
v -200.145905 -58.726349 -458.276978
v -199.833740 -58.721947 -458.202637
v -199.191284 -58.709778 -457.776489
v -198.284607 -58.691391 -457.068848
v -197.179779 -58.668343 -456.150146
v -195.942841 -58.642189 -455.090698
v -194.639832 -58.614479 -453.960815
v -193.336823 -58.586769 -452.830933
v -192.099884 -58.560616 -451.771484
v -190.995056 -58.537567 -450.852783
v -190.088379 -58.519180 -450.145142
v -189.445923 -58.507011 -449.718994
v -187.868622 -58.528816 -448.653564
v -186.617432 -58.557899 -447.401855
v -185.080750 -58.594360 -445.801025
v -183.353729 -58.635735 -443.967529
v -181.531525 -58.679565 -442.017700
v -179.709320 -58.723396 -440.067871
v -177.982300 -58.764771 -438.234375
v -176.445618 -58.801231 -436.633545
v -175.194427 -58.830315 -435.381836
v -171.937622 -58.885956 -432.200562
v -169.880493 -58.918594 -429.618286
v -167.333527 -58.959511 -426.349609
v -164.459991 -59.005943 -422.623413
v -161.423157 -59.055138 -418.668335
v -158.386322 -59.104332 -414.713257
v -155.512787 -59.150764 -410.987061
v -152.965820 -59.191681 -407.718384
v -150.908691 -59.224319 -405.136108
v -149.504669 -59.245926 -403.468994
v -146.847260 -59.148003 -399.724243
v -144.703491 -59.030685 -395.998291
v -142.047913 -58.883621 -391.296021
v -139.051147 -58.716728 -385.942871
v -135.883759 -58.539925 -380.264282
v -132.716370 -58.363121 -374.585693
v -129.719604 -58.196228 -369.232544
v -127.064026 -58.049164 -364.530273
v -124.920258 -57.931847 -360.804321
v -123.458893 -57.854187 -358.380127
v -122.850525 -57.826080 -357.582764
v -122.269684 -57.901405 -356.839844
v -120.884430 -58.109665 -354.565186
v -118.855652 -58.424263 -351.065186
v -116.344238 -58.818619 -346.646240
v -113.511047 -59.266151 -341.614624
v -110.516998 -59.740265 -336.276611
v -107.522949 -60.214378 -330.938599
v -104.689758 -60.661911 -325.906982
v -102.178345 -61.056267 -321.488037
v -100.149567 -61.370865 -317.988037
v -98.764313 -61.579124 -315.713379
v -98.183533 -61.654449 -314.970703
v -97.584137 -61.711891 -313.937744
v -96.147583 -61.870697 -310.861206
v -94.041290 -62.110596 -306.149780
v -91.432709 -62.411316 -300.212280
v -88.489258 -62.752586 -293.457275
v -85.378387 -63.114128 -286.293579
v -82.267517 -63.475670 -279.129883
v -79.324066 -63.816940 -272.374878
v -76.715485 -64.117661 -266.437378
v -74.609192 -64.357559 -261.725952
v -73.172638 -64.516365 -258.649414
v -71.222015 -64.693649 -254.302246
v -69.875336 -64.826584 -250.473145
v -68.218933 -64.993217 -245.641602
v -66.356049 -65.182320 -240.141846
v -64.389923 -65.382660 -234.307861
v -62.423798 -65.583000 -228.473877
v -60.560913 -65.772102 -222.974121
v -58.904510 -65.938736 -218.142578
v -57.557831 -66.071671 -214.313477
v -55.746368 -66.202950 -210.341309
v -54.694366 -66.234604 -208.301025
v -53.168976 -66.282425 -205.155029
v -51.288574 -66.342369 -201.179810
v -49.171478 -66.410393 -196.651733
v -46.936035 -66.482460 -191.847290
v -44.700592 -66.554527 -187.042847
v -42.583496 -66.622551 -182.514771
v -40.703094 -66.682495 -178.539551
v -39.177704 -66.730316 -175.393555
v -37.293091 -66.792198 -172.303711
v -36.484528 -66.844147 -171.001099
v -35.326935 -66.922623 -168.969482
v -33.907562 -67.020996 -166.391113
v -32.313660 -67.132637 -163.448364
v -30.632507 -67.250908 -160.323364
v -28.951355 -67.369179 -157.198364
v -27.357452 -67.480820 -154.255615
v -25.938080 -67.579193 -151.677246
v -24.780487 -67.657669 -149.645630
v -22.714783 -67.783424 -147.090698
v -20.488953 -67.935478 -144.489746
v -17.190338 -68.165176 -140.496948
v -13.087158 -68.453110 -135.460083
v -8.447571 -68.779869 -129.727295
v -3.539795 -69.126038 -123.646484
v 1.367981 -69.472206 -117.565674
v 6.007568 -69.798965 -111.832886
v 10.110748 -70.086899 -106.796021
v 13.409363 -70.316597 -102.803223
v 17.005157 -70.524467 -99.017822
v 18.125671 -70.526718 -97.902344
v 19.754547 -70.530121 -96.153564
v 21.764679 -70.534393 -93.929688
v 24.028961 -70.539238 -91.389160
v 26.420349 -70.544373 -88.690186
v 28.811737 -70.549507 -85.991211
v 31.076019 -70.554352 -83.450684
v 33.086151 -70.558624 -81.226807
v 37.452911 -70.589714 -77.223877
v 40.362885 -70.657791 -74.750122
v 44.694977 -70.760628 -70.949463
v 50.093658 -70.889542 -66.153442
v 56.203384 -71.035835 -60.693970
v 62.668640 -71.190819 -54.902710
v 69.133896 -71.345802 -49.111450
v 75.243622 -71.492096 -43.651978
v 80.642288 -71.621010 -38.855957
v 84.974380 -71.723846 -35.055298
v 87.884354 -71.791924 -32.581543
v 92.821350 -71.907349 -28.339233
v 96.889816 -72.008064 -24.384521
v 101.958038 -72.134308 -19.395508
v 107.692764 -72.277580 -13.716919
v 113.760742 -72.429359 -7.693604
v 119.828720 -72.581139 -1.670288
v 125.563446 -72.724411 4.008301
v 130.631668 -72.850655 8.997314
v 134.700134 -72.951370 12.952026
v 137.435593 -73.018044 15.527710
v 138.504791 -73.042145 16.379883
v 139.088760 -73.040421 16.777344
v 140.482681 -73.035652 18.096924
v 142.524567 -73.028442 20.154053
v 145.052414 -73.019409 22.764404
v 147.904236 -73.009155 25.743652
v 150.918060 -72.998291 28.907227
v 153.931885 -72.987427 32.070801
v 156.783707 -72.977173 35.050049
v 159.311554 -72.968140 37.660400
v 161.353439 -72.960930 39.717529
v 164.421204 -72.943810 42.279663
v 167.213821 -72.914429 44.836670
v 171.368622 -72.870041 48.763184
v 176.545059 -72.814400 53.716797
v 182.402588 -72.751259 59.355225
v 188.600677 -72.684364 65.336060
v 194.798752 -72.617470 71.316895
v 200.656281 -72.554329 76.955322
v 205.832718 -72.498688 81.908936
v 209.987518 -72.454300 85.835449
v 216.290192 -72.353508 90.789429
v 218.822723 -72.286095 92.663330
v 221.965622 -72.201591 95.044067
v 225.515411 -72.105698 97.762573
v 229.268677 -72.004105 100.650024
v 233.021912 -71.902512 103.537476
v 236.571716 -71.806618 106.255981
v 239.714600 -71.722115 108.636719
v 242.247131 -71.654701 110.510620
v 246.293823 -71.574455 112.755127
v 247.945923 -71.552811 113.675903
v 249.985168 -71.525673 114.861816
v 252.282501 -71.494881 116.224487
v 254.708908 -71.462257 117.675537
v 257.135315 -71.429634 119.126587
v 259.432648 -71.398842 120.489258
v 261.471893 -71.371704 121.675171
v 268.633362 -71.331070 124.679932
v 271.070953 -71.331421 125.719238
v 273.820343 -71.331818 126.915527
v 276.725647 -71.332237 128.190308
v 279.630920 -71.332657 129.465088
v 282.380310 -71.333054 130.661377
v 284.817902 -71.333405 131.700684
v 292.611267 -71.225067 133.797852
v 296.797119 -71.104271 134.734009
v 302.012512 -70.952850 135.939209
v 307.914276 -70.781013 137.323730
v 314.159180 -70.598969 138.797974
v 320.404083 -70.416924 140.272217
v 326.305847 -70.245087 141.656738
v 331.521240 -70.093666 142.861938
v 335.707092 -69.972870 143.798096
v 338.520294 -69.892906 144.375610
v 339.617615 -69.863983 144.504517
v 340.970856 -69.862488 144.570068
v 344.491608 -69.858345 144.971924
v 349.746338 -69.852089 145.642822
v 356.301544 -69.844246 146.515503
v 363.723755 -69.835342 147.522705
v 371.579468 -69.825912 148.597168
v 379.435181 -69.816483 149.671631
v 386.857422 -69.807579 150.678833
v 393.412628 -69.799736 151.551514
v 398.667358 -69.793480 152.222412
v 402.188110 -69.789337 152.624268
v 403.541351 -69.787811 152.689941
v 404.580292 -69.786263 152.775391
v 407.232117 -69.781975 153.232300
v 411.174194 -69.775497 153.986328
v 416.083984 -69.767372 154.963135
v 421.638916 -69.758156 156.088623
v 427.516388 -69.748390 157.288330
v 433.393890 -69.738625 158.488037
v 438.948822 -69.729408 159.613525
v 443.858612 -69.721283 160.590332
v 447.800690 -69.714806 161.344360
v 450.452484 -69.710518 161.801270
v 451.491425 -69.708954 161.886719
v 451.491425 -69.708954 161.886719
v 451.491425 -69.708954 161.886719
v 452.992126 -69.718277 162.205200
v 456.920471 -69.744049 163.306396
v 462.790955 -69.782982 165.033813
v 470.118073 -69.831787 167.230835
v 478.416260 -69.887177 169.740845
v 487.199951 -69.945854 172.407471
v 495.983643 -70.004532 175.074097
v 504.281830 -70.059921 177.584106
v 511.608948 -70.108727 179.781128
v 517.479431 -70.147659 181.508545
v 521.407776 -70.173431 182.609741
v 522.908508 -70.182770 182.928223
v 524.028198 -70.203568 183.160767
v 526.903198 -70.261063 184.024292
v 531.182373 -70.347916 185.392700
v 536.514771 -70.456787 187.139648
v 542.549316 -70.580338 189.139038
v 548.934937 -70.711227 191.264648
v 555.320496 -70.842117 193.390259
v 561.355042 -70.965668 195.389648
v 566.687439 -71.074539 197.136597
v 574.961304 -71.239655 199.601318
v 567.105713 -71.062149 197.526123
v 561.804565 -70.945129 196.280151
v 555.771851 -70.812332 194.883057
v 549.373291 -70.671646 193.410400
v 542.974792 -70.530960 191.937744
v 536.942017 -70.398163 190.540649
v 531.640930 -70.281143 189.294678
v 527.437256 -70.187790 188.275513
v 520.779236 -70.045670 186.884521
v 518.675171 -70.007431 186.785889
v 516.270630 -69.964035 186.690796
v 513.715759 -69.918060 186.597412
v 511.160919 -69.872086 186.504028
v 508.756348 -69.828690 186.408936
v 506.652313 -69.790451 186.310303
v 502.805298 -69.703888 185.898315
v 500.259888 -69.624908 185.905884
v 496.350861 -69.505600 185.981201
v 491.419128 -69.356041 186.107300
v 485.805603 -69.186317 186.267334
v 479.851135 -69.006508 186.444214
v 473.896729 -68.826698 186.621094
v 468.283173 -68.656975 186.781128
v 463.351440 -68.507416 186.907227
v 459.442444 -68.388107 186.982544
v 456.897034 -68.309128 186.990112
v 452.724518 -68.258698 187.607422
v 450.405884 -68.244293 188.187256
v 447.757782 -68.227943 188.862183
v 444.944946 -68.210625 189.584595
v 442.132080 -68.193306 190.307007
v 439.483978 -68.176956 190.981934
v 437.165344 -68.162552 191.561768
v 435.340942 -68.151062 191.999146
v 431.295319 -68.134529 193.105713
v 428.326904 -68.127663 194.200562
v 424.574280 -68.119057 195.604614
v 420.298798 -68.109291 197.214844
v 415.761902 -68.098946 198.928223
v 411.225037 -68.088600 200.641602
v 406.949554 -68.078835 202.251831
v 403.196899 -68.070229 203.655884
v 400.228516 -68.063362 204.750732
v 395.035278 -67.953903 207.191650
v 391.937775 -67.839348 209.109619
v 388.023285 -67.695755 211.545410
v 383.564148 -67.532799 214.326538
v 378.832672 -67.360161 217.280273
v 374.101196 -67.187523 220.234009
v 369.642059 -67.024567 223.015137
v 365.727570 -66.880974 225.450928
v 362.630035 -66.766418 227.368896
v 358.175842 -66.672821 230.713257
v 356.027252 -66.683517 232.810059
v 353.302277 -66.696930 235.470215
v 350.193054 -66.712151 238.505859
v 346.891663 -66.728271 241.729248
v 343.590271 -66.744392 244.952637
v 340.481049 -66.759613 247.988281
v 337.756073 -66.773026 250.648438
v 335.607483 -66.783722 252.745239
v 331.818756 -66.812599 257.436279
v 329.459534 -66.833939 260.848267
v 326.470459 -66.860687 265.156860
v 323.061554 -66.891037 270.063232
v 319.442688 -66.923195 275.268555
v 315.823853 -66.955353 280.473877
v 312.414917 -66.985703 285.380249
v 309.425873 -67.012451 289.688843
v 307.066650 -67.033791 293.100830
v 304.070465 -67.174767 298.970459
v 302.801147 -67.309845 302.374756
v 301.178314 -67.479172 306.673828
v 299.319824 -67.671326 311.569458
v 297.343506 -67.874901 316.763306
v 295.367188 -68.078476 321.957153
v 293.508698 -68.270630 326.852783
v 291.885864 -68.439957 331.151855
v 290.616547 -68.575035 334.556152
v 289.571747 -68.708397 338.167847
v 289.246307 -68.740433 340.269043
v 288.690857 -68.788826 343.507080
v 287.962891 -68.849487 347.597778
v 287.119904 -68.918335 352.256836
v 286.219421 -68.991272 357.200134
v 285.318939 -69.064209 362.143433
v 284.475952 -69.133057 366.802490
v 283.747986 -69.193718 370.893188
v 282.829163 -69.285736 376.912781
v 283.326324 -69.280876 372.528625
v 283.725494 -69.275482 367.817322
v 284.194183 -69.268715 361.943298
v 284.709198 -69.261040 355.294128
v 285.247406 -69.252907 348.257446
v 285.785614 -69.244774 341.220703
v 286.300629 -69.237099 334.571533
v 286.769318 -69.230331 328.697510
v 287.168518 -69.224937 323.986206
v 287.475006 -69.221367 320.825195
v 287.665649 -69.220062 319.602173
v 287.762146 -69.222527 318.729736
v 287.808319 -69.229347 316.538330
v 287.814240 -69.239647 313.291626
v 287.789978 -69.252563 309.253540
v 287.745605 -69.267220 304.687866
v 287.691162 -69.282745 299.858398
v 287.636719 -69.298271 295.028931
v 287.592346 -69.312927 290.463257
v 287.568085 -69.325844 286.425171
v 287.574005 -69.336143 283.178467
v 287.620178 -69.342964 280.987061
v 286.612762 -69.365150 274.571655
v 285.235779 -69.387032 268.574829
v 283.477997 -69.414459 261.089355
v 281.466370 -69.445580 252.611450
v 279.327789 -69.478554 243.637329
v 277.189209 -69.511528 234.663208
v 275.177582 -69.542648 226.185303
v 273.419800 -69.570076 218.699829
v 272.042816 -69.591957 212.703003
v 271.173523 -69.606438 208.691040
v 269.374237 -69.646179 202.942505
v 268.220490 -69.668930 200.284302
v 266.894348 -69.694748 197.284546
v 265.481995 -69.722099 194.114014
v 264.069641 -69.749451 190.943481
v 262.743469 -69.775269 187.943726
v 261.589722 -69.798019 185.285522
v 260.694611 -69.816170 183.139648
v 258.636627 -69.941658 178.255249
v 256.943970 -70.062767 175.286743
v 254.790466 -70.214584 171.597412
v 252.329773 -70.386871 167.427490
v 249.715485 -70.569389 163.017334
v 247.101181 -70.751907 158.607178
v 244.640488 -70.924194 154.437256
v 242.487000 -71.076012 150.747925
v 240.794342 -71.197121 147.779419
v 237.912659 -71.315689 142.759399
v 236.103790 -71.326103 140.463379
v 233.804657 -71.339157 137.616943
v 231.178665 -71.353966 134.403564
v 228.389252 -71.369659 131.006714
v 225.599838 -71.385353 127.609863
v 222.973846 -71.400162 124.396484
v 220.674713 -71.413216 121.550049
v 218.865845 -71.423630 119.254028
v 214.154205 -71.540749 113.633301
v 210.431396 -71.660263 109.998779
v 205.733093 -71.810081 105.474487
v 200.384476 -71.980103 100.357056
v 194.710678 -72.160217 94.942993
v 189.036880 -72.340332 89.528931
v 183.688263 -72.510353 84.411499
v 178.989960 -72.660172 79.887207
v 175.267166 -72.779686 76.252686
v 172.845032 -72.858803 73.804443
v 169.193512 -72.893593 69.895264
v 165.873642 -72.900436 66.781860
v 161.680435 -72.909012 62.910767
v 156.904999 -72.918747 58.534668
v 151.838440 -72.929054 53.906006
v 146.771881 -72.939362 49.277344
v 141.996445 -72.949097 44.901245
v 137.803238 -72.957672 41.030151
v 134.483368 -72.964516 37.916748
v 129.252838 -72.874168 32.586792
v 126.465393 -72.767113 30.092163
v 122.939575 -72.632919 26.996826
v 118.921524 -72.480629 23.500977
v 114.657349 -72.319298 19.804810
v 110.393173 -72.157967 16.108643
v 106.375122 -72.005676 12.612793
v 102.849304 -71.871483 9.517456
v 100.061859 -71.764427 7.022827
v 98.258896 -71.693558 5.329224
v 97.686554 -71.667938 4.636719
v 97.169571 -71.669167 3.944702
v 95.519073 -71.673393 2.251831
v 92.960709 -71.681419 -0.241943
v 89.720139 -71.694046 -3.336792
v 86.023010 -71.712074 -6.832764
v 82.094986 -71.736305 -10.530151
v 78.161728 -71.767540 -14.229004
v 74.448883 -71.806587 -17.729370
v 71.182129 -71.854240 -20.831543
v 68.587097 -71.911308 -23.335571
v 66.889465 -71.978592 -25.041504
v 65.611435 -72.102753 -26.625000
v 63.556961 -72.081169 -28.794312
v 60.421661 -72.005638 -31.998535
v 56.475739 -71.889641 -35.979004
v 51.989410 -71.746666 -40.476929
v 47.232880 -71.590202 -45.233521
v 42.476349 -71.433739 -49.990112
v 37.990021 -71.290764 -54.488037
v 34.044098 -71.174767 -58.468506
v 30.908813 -71.099236 -61.672729
v 28.854340 -71.077652 -63.842041
v 25.418579 -71.184944 -66.832031
v 22.311707 -71.150627 -69.003784
v 18.401398 -71.086296 -71.690063
v 13.955505 -71.001953 -74.719238
v 9.241791 -70.907600 -77.919922
v 4.528076 -70.813248 -81.120605
v 0.082153 -70.728905 -84.149780
v -3.828156 -70.664574 -86.836060
v -6.935028 -70.630257 -89.007812
v -8.970673 -70.635956 -90.493652
v -12.625793 -70.770782 -92.496948
v -15.983582 -70.756058 -93.848511
v -20.208405 -70.716286 -95.506470
v -25.011261 -70.659821 -97.368774
v -30.103119 -70.595001 -99.333252
v -35.194977 -70.530182 -101.297729
v -39.997833 -70.473717 -103.160034
v -44.222656 -70.433945 -104.817993
v -47.580444 -70.419220 -106.169556
v -53.516876 -70.595268 -108.133789
v -56.896271 -70.600349 -108.613770
v -61.148193 -70.585403 -109.179321
v -65.981781 -70.557106 -109.801880
v -71.106201 -70.522133 -110.453003
v -76.230621 -70.487160 -111.104126
v -81.064209 -70.458862 -111.726685
v -85.316132 -70.443916 -112.292236
v -88.695526 -70.448997 -112.772217
v -90.911591 -70.480782 -113.138184
v -91.673523 -70.545929 -113.361572
v -92.958710 -70.612122 -113.409790
v -96.621582 -70.646744 -113.291626
v -102.186584 -70.656120 -113.040405
v -109.178192 -70.646553 -112.689331
v -117.120850 -70.624359 -112.271729
v -125.539062 -70.595856 -111.820923
v -133.957275 -70.567352 -111.370117
v -141.899933 -70.545158 -110.952515
v -148.891541 -70.535591 -110.601440
v -154.456543 -70.544968 -110.350220
v -158.119415 -70.579590 -110.232056
v -159.404602 -70.645782 -110.280518
v -160.441071 -70.708893 -110.304688
v -163.416290 -70.734993 -110.119995
v -167.942535 -70.731491 -109.768311
v -173.632019 -70.705788 -109.291260
v -180.097015 -70.665283 -108.730713
v -186.949738 -70.617378 -108.128418
v -193.802460 -70.569473 -107.526123
v -200.267456 -70.528969 -106.965576
v -205.956909 -70.503265 -106.488525
v -210.483154 -70.499763 -106.136841
v -213.458374 -70.525864 -105.952148
v -214.494873 -70.588959 -105.976196
v -214.494812 -70.588951 -105.976074
v -214.494873 -70.588959 -105.976196
v -215.187073 -70.652229 -105.965698
v -217.210388 -70.678780 -105.685059
v -220.298645 -70.675957 -105.188232
v -224.185608 -70.651100 -104.529419
v -228.605042 -70.611557 -103.762573
v -233.290710 -70.564667 -102.941650
v -237.976379 -70.517776 -102.120728
v -242.395813 -70.478233 -101.353882
v -246.282776 -70.453377 -100.695068
v -249.371033 -70.450554 -100.198364
v -251.394348 -70.477104 -99.917725
v -252.086487 -70.540375 -99.906982
v -254.335083 -70.694435 -100.062134
v -260.661499 -70.972038 -100.239624
v -270.250183 -71.348480 -100.434937
v -282.285522 -71.799049 -100.643555
v -295.952026 -72.299034 -100.861084
v -310.434082 -72.823730 -101.083008
v -324.916138 -73.348427 -101.304932
v -338.582642 -73.848419 -101.522461
v -350.617981 -74.298996 -101.731079
v -360.206665 -74.675446 -101.926392
v -366.533081 -74.953064 -102.103882
v -368.781677 -75.107147 -102.259033
v -367.167969 -75.115326 -102.492920
v -362.816162 -74.989578 -102.887817
v -356.273926 -74.756683 -103.411499
v -348.088806 -74.443436 -104.031738
v -338.808472 -74.076614 -104.716431
v -328.980530 -73.683014 -105.433350
v -319.152588 -73.289413 -106.150269
v -309.872253 -72.922592 -106.834961
v -301.687134 -72.609344 -107.455200
v -295.144897 -72.376450 -107.978882
v -290.793091 -72.250702 -108.373779
v -289.179321 -72.258881 -108.607544
v -288.441528 -72.296501 -108.903320
v -286.511414 -72.252144 -109.469482
v -283.627441 -72.142204 -110.251831
v -280.028076 -71.983078 -111.196411
v -275.951782 -71.791161 -112.249146
v -271.637024 -71.582848 -113.355957
v -267.322266 -71.374535 -114.462769
v -263.245972 -71.182617 -115.515503
v -259.646606 -71.023491 -116.460083
v -256.762634 -70.913551 -117.242432
v -254.832520 -70.869194 -117.808594
v -254.094421 -70.906830 -118.104492
v -253.559143 -70.926567 -118.424561
v -252.188904 -70.832764 -119.057983
v -250.150696 -70.648125 -119.942017
v -247.611511 -70.395363 -121.014038
v -244.738342 -70.097183 -122.211426
v -241.698181 -69.776299 -123.471436
v -238.658020 -69.455414 -124.731445
v -235.784851 -69.157234 -125.928833
v -233.245667 -68.904472 -127.000854
v -231.207458 -68.719833 -127.884888
v -229.837219 -68.626030 -128.518311
v -229.301758 -68.645782 -128.838623
v -228.737000 -68.692406 -129.290771
v -227.285278 -68.672935 -130.289185
v -225.124023 -68.600594 -131.724731
v -222.430603 -68.488594 -133.488037
v -219.382385 -68.350159 -135.469849
v -216.156799 -68.198509 -137.560913
v -212.931213 -68.046860 -139.651978
v -209.882996 -67.908424 -141.633789
v -207.189575 -67.796425 -143.397095
v -205.028320 -67.724083 -144.832642
v -203.576599 -67.704613 -145.831055
v -203.011780 -67.751251 -146.283203
v -202.245941 -67.785446 -147.190918
v -200.238373 -67.731613 -149.448730
v -197.237396 -67.607361 -152.786743
v -193.491364 -67.430290 -156.934814
v -189.248627 -67.218010 -161.623047
v -184.757538 -66.988121 -166.581299
v -180.266449 -66.758232 -171.539551
v -176.023712 -66.545952 -176.227783
v -172.277679 -66.368881 -180.375854
v -169.276703 -66.244629 -183.713867
v -167.269135 -66.190796 -185.971680
v -166.503326 -66.225006 -186.879272
v -166.278534 -66.276161 -187.243530
v -165.766754 -66.269218 -187.999146
v -165.025391 -66.215797 -189.067749
v -164.111816 -66.127518 -190.371094
v -163.083466 -66.015999 -191.830933
v -161.997711 -65.892860 -193.369019
v -160.911957 -65.769722 -194.907104
v -159.883606 -65.658203 -196.366943
v -158.970032 -65.569923 -197.670288
v -158.228668 -65.516502 -198.738892
v -157.716888 -65.509560 -199.494507
v -157.492065 -65.560699 -199.858765
v -157.141693 -65.610191 -200.557251
v -156.282745 -65.598648 -202.236938
v -155.016937 -65.538277 -204.701538
v -153.445953 -65.441284 -207.754761
v -151.671539 -65.319878 -211.200439
v -149.795410 -65.186264 -214.842285
v -147.919281 -65.052650 -218.484131
v -146.144867 -64.931244 -221.929810
v -144.573883 -64.834251 -224.983032
v -143.308075 -64.773880 -227.447632
v -142.449127 -64.762337 -229.127319
v -142.098816 -64.811798 -229.825684
v -141.831482 -64.847649 -230.728394
v -141.202118 -64.798386 -232.972412
v -140.283142 -64.681030 -236.289429
v -139.146942 -64.512604 -240.411255
v -137.865906 -64.310135 -245.069580
v -136.512482 -64.090645 -249.996216
v -135.159058 -63.871155 -254.922852
v -133.878021 -63.668686 -259.581177
v -132.741821 -63.500259 -263.703003
v -131.822845 -63.382904 -267.020020
v -131.193481 -63.333641 -269.264038
v -130.926117 -63.369476 -270.166382
v -130.819702 -63.409294 -270.869263
v -130.635223 -63.370995 -272.560913
v -130.388306 -63.270210 -275.043457
v -130.094543 -63.122559 -278.119263
v -129.769531 -62.943665 -281.590576
v -129.428925 -62.749146 -285.259644
v -129.088318 -62.554626 -288.928711
v -128.763306 -62.375732 -292.400024
v -128.469543 -62.228081 -295.475830
v -128.222626 -62.127296 -297.958374
v -128.038147 -62.088997 -299.650024
v -127.931732 -62.128815 -300.353027
v -127.891907 -62.179550 -300.811523
v -127.891510 -62.171440 -301.827637
v -127.922638 -62.116249 -303.289917
v -127.977417 -62.025757 -305.086670
v -128.047943 -61.911728 -307.106567
v -128.126373 -61.785927 -309.237915
v -128.204803 -61.660126 -311.369263
v -128.275330 -61.546097 -313.389160
v -128.330109 -61.455605 -315.185913
v -128.361237 -61.400414 -316.648193
v -128.360840 -61.392303 -317.664307
v -128.320984 -61.443024 -318.122925
v -128.352997 -61.487633 -318.785400
v -128.551208 -61.462601 -320.365234
v -128.882385 -61.381851 -322.678955
v -129.313293 -61.259308 -325.543213
v -129.810699 -61.108910 -328.774414
v -130.341339 -60.944580 -332.189087
v -130.871979 -60.780251 -335.603760
v -131.369385 -60.629852 -338.834961
v -131.800293 -60.507309 -341.699219
v -132.131470 -60.426559 -344.012939
v -132.819885 -60.443451 -348.348999
v -133.403900 -60.338005 -350.498047
v -134.151733 -60.184509 -353.155762
v -135.008759 -59.998978 -356.152588
v -135.920410 -59.797432 -359.318970
v -136.832062 -59.595886 -362.485352
v -137.689087 -59.410355 -365.482178
v -138.436920 -59.256859 -368.139893
v -139.020935 -59.151413 -370.288940
v -139.479065 -59.148712 -372.382812
v -139.832825 -59.215279 -373.248413
v -140.920532 -59.250946 -375.390015
v -142.595398 -59.261887 -378.552368
v -144.710663 -59.254288 -382.480225
v -147.119507 -59.234329 -386.918457
v -149.675140 -59.208191 -391.611816
v -152.230774 -59.182053 -396.305176
v -154.639618 -59.162094 -400.743408
v -156.754883 -59.154495 -404.671265
v -158.429749 -59.165436 -407.833496
v -159.517456 -59.201103 -409.975098
v -161.081299 -59.310822 -412.666016
v -162.499573 -59.256218 -414.517212
v -164.293182 -59.166458 -416.801514
v -166.337006 -59.053261 -419.374634
v -168.505920 -58.928345 -422.092163
v -170.674866 -58.803429 -424.809692
v -172.718689 -58.690231 -427.382812
v -174.512299 -58.600471 -429.667114
v -175.930573 -58.545868 -431.518311
v -178.166901 -58.690536 -434.633545
v -179.381012 -58.700684 -435.890747
v -180.918701 -58.692093 -437.430542
v -182.672089 -58.671005 -439.158813
v -184.533325 -58.643669 -440.981201
v -186.394562 -58.616333 -442.803589
v -188.147949 -58.595245 -444.531860
v -189.685638 -58.586655 -446.071655
v -192.483185 -58.817184 -449.497681
v -193.175690 -58.844597 -450.298340
v -194.057617 -58.855072 -451.265259
v -195.064056 -58.851921 -452.342529
v -196.130157 -58.838455 -453.474243
v -197.191010 -58.817986 -454.604492
v -198.181763 -58.793816 -455.677368
v -199.037506 -58.769257 -456.636963
v -199.693359 -58.747620 -457.427368
v -200.084442 -58.732208 -457.992554
v 94.448410 -67.960144 275.857422
v 90.721466 -67.962669 269.320068
v 88.142227 -67.964333 265.132446
v 85.198364 -67.966217 260.397095
v 82.072189 -67.968216 255.387817
v 78.946014 -67.970215 250.378540
v 76.002151 -67.972099 245.643188
v 73.422913 -67.973763 241.455566
v 71.390594 -67.975090 238.089600
v 70.087509 -67.975967 235.819214
v 69.695984 -67.976288 234.918213
v 69.336182 -67.978447 234.106079
v 68.120834 -67.984406 232.081421
v 66.221054 -67.993408 229.086670
v 63.807953 -68.004692 225.364380
v 61.052643 -68.017502 221.157104
v 58.126221 -68.031067 216.707275
v 55.199799 -68.044632 212.257446
v 52.444489 -68.057442 208.050171
v 50.031403 -68.068726 204.327881
v 48.131622 -68.077728 201.333130
v 46.916290 -68.083687 199.308472
v 46.556458 -68.085846 198.496582
v 46.281952 -68.087364 197.935303
v 45.302460 -68.091560 196.604126
v 43.759003 -68.097900 194.657104
v 41.792542 -68.105850 192.248169
v 39.544098 -68.114868 189.531250
v 37.154633 -68.124420 186.660400
v 34.765167 -68.133972 183.789551
v 32.516724 -68.142990 181.072632
v 30.550262 -68.150940 178.663696
v 29.006805 -68.157280 176.716675
v 28.027313 -68.161476 175.385498
v 27.752838 -68.162994 174.824097
v 27.202576 -68.165504 174.046021
v 25.460632 -68.172440 172.115601
v 22.765381 -68.182915 169.263184
v 19.355133 -68.196045 165.719360
v 15.468201 -68.210953 161.714478
v 11.342957 -68.226746 157.479126
v 7.217712 -68.242538 153.243774
v 3.330780 -68.257446 149.238892
v -0.079468 -68.270576 145.695068
v -2.774719 -68.281052 142.842651
v -4.516663 -68.287987 140.912231
v -5.066925 -68.290497 140.134277
v -5.498596 -68.319336 139.589600
v -6.912628 -68.399078 138.304443
v -9.112549 -68.519539 136.426880
v -11.901855 -68.670540 134.104980
v -15.084106 -68.841896 131.486938
v -18.462830 -69.023438 128.720703
v -21.841553 -69.204979 125.954468
v -25.023804 -69.376335 123.336426
v -27.813110 -69.527336 121.014526
v -30.013031 -69.647797 119.136963
v -31.427063 -69.727539 117.851807
v -31.858734 -69.756378 117.307373
v -32.659821 -69.761513 116.563843
v -35.095154 -69.775719 114.728882
v -38.837860 -69.797173 112.020752
v -43.561127 -69.824066 108.657715
v -48.938080 -69.854591 104.858154
v -54.641907 -69.886925 100.840332
v -60.345734 -69.919258 96.822510
v -65.722687 -69.949783 93.022949
v -70.445953 -69.976677 89.659912
v -74.188660 -69.998131 86.951782
v -76.623993 -70.012337 85.116821
v -77.425049 -70.017487 84.373413
v -78.077759 -70.055504 83.838501
v -80.102936 -70.160606 82.580200
v -83.226074 -70.319374 80.743164
v -87.172668 -70.518394 78.472046
v -91.668243 -70.744247 75.911621
v -96.438324 -70.983521 73.206421
v -101.208405 -71.222794 70.501221
v -105.703979 -71.448647 67.940796
v -109.650574 -71.647667 65.669678
v -112.773712 -71.806435 63.832642
v -114.798889 -71.911537 62.574341
v -115.451630 -71.949554 62.039185
v -115.808807 -71.951942 61.661987
v -117.016937 -71.958534 60.839844
v -118.905792 -71.968498 59.661621
v -121.305206 -71.980988 58.216431
v -124.044983 -71.995155 56.593262
v -126.954956 -72.010170 54.880981
v -129.864929 -72.025185 53.168701
v -132.604706 -72.039352 51.545532
v -135.004120 -72.051842 50.100342
v -136.892975 -72.061806 48.922119
v -138.101074 -72.068398 48.099976
v -138.458252 -72.070770 47.722656
v -137.792969 -72.065125 47.882202
v -136.174194 -72.049515 48.543945
v -133.792664 -72.025940 49.607422
v -130.839050 -71.996384 50.972168
v -127.504059 -71.962845 52.537720
v -123.978363 -71.927315 54.203735
v -120.452667 -71.891785 55.869751
v -117.117676 -71.858246 57.435303
v -114.164062 -71.828690 58.800049
v -111.782532 -71.805115 59.863525
v -110.163757 -71.789505 60.525269
v -109.498474 -71.783844 60.684814
v -108.717529 -71.748779 60.769043
v -106.778992 -71.651848 61.222534
v -103.914398 -71.505417 61.971436
v -100.355255 -71.321861 62.941895
v -96.333069 -71.113556 64.060181
v -92.079376 -70.892876 65.252319
v -87.825684 -70.672195 66.444458
v -83.803497 -70.463890 67.562744
v -80.244354 -70.280334 68.533203
v -77.379761 -70.133904 69.282104
v -75.441223 -70.036972 69.735596
v -74.660278 -70.001923 69.819946
v -74.021301 -70.000999 69.775879
v -72.475311 -69.998459 69.874634
v -70.203735 -69.994614 70.087646
v -67.387939 -69.989799 70.386353
v -64.209351 -69.984337 70.742188
v -60.849365 -69.978546 71.126587
v -57.489380 -69.972755 71.510986
v -54.310791 -69.967293 71.866821
v -51.494995 -69.962479 72.165527
v -49.223419 -69.958633 72.378540
v -47.677429 -69.956093 72.477295
v -47.038483 -69.955170 72.433594
v -46.255768 -69.927170 72.324219
v -44.312347 -69.849754 72.242554
v -41.440369 -69.732811 72.182983
v -37.871979 -69.586220 72.140015
v -33.839325 -69.419861 72.108032
v -29.574524 -69.243622 72.081543
v -25.309723 -69.067383 72.055054
v -21.277069 -68.901024 72.023071
v -17.708679 -68.754433 71.980103
v -14.836700 -68.637489 71.920532
v -12.893280 -68.560074 71.838867
v -12.110596 -68.532074 71.729370
v -11.645874 -68.532242 71.541992
v -10.581665 -68.532700 71.244629
v -9.037872 -68.533386 70.859131
v -7.134399 -68.534248 70.407715
v -4.991119 -68.535225 69.912231
v -2.727936 -68.536263 69.394775
v -0.464752 -68.537300 68.877319
v 1.678528 -68.538277 68.381836
v 3.582001 -68.539139 67.930420
v 5.125793 -68.539825 67.544922
v 6.190002 -68.540283 67.247559
v 6.654694 -68.540436 67.060059
v 7.564789 -68.512772 66.710571
v 9.860321 -68.436279 65.964966
v 13.264221 -68.320732 64.902466
v 17.499420 -68.175888 63.602295
v 22.288788 -68.011513 62.143677
v 27.355255 -67.837372 60.605835
v 32.421722 -67.663231 59.067993
v 37.211090 -67.498856 57.609375
v 41.446289 -67.354012 56.309204
v 44.850189 -67.238464 55.246704
v 47.145721 -67.161972 54.501099
v 48.055817 -67.134308 54.151367
v 48.548553 -67.131714 53.838745
v 49.690247 -67.124542 53.195068
v 51.351105 -67.113716 52.286499
v 53.401337 -67.100143 51.179321
v 55.711136 -67.084740 49.939697
v 58.150726 -67.068420 48.633911
v 60.590317 -67.052101 47.328125
v 62.900116 -67.036697 46.088501
v 64.950348 -67.023125 44.981323
v 66.611206 -67.012299 44.072754
v 67.752899 -67.005127 43.429077
v 68.245636 -67.002533 43.116455
v 68.596283 -66.973267 42.860718
v 69.345108 -66.892365 42.374390
v 70.412491 -66.770149 41.703613
v 71.718781 -66.616951 40.894409
v 73.184357 -66.443092 39.992920
v 74.729568 -66.258911 39.045410
v 76.274780 -66.074730 38.097900
v 77.740341 -65.900871 37.196411
v 79.046631 -65.747673 36.387207
v 80.114014 -65.625458 35.716431
v 80.862839 -65.544556 35.230103
v 81.213470 -65.515289 34.974487
v 81.788956 -65.513664 34.488892
v 83.159424 -65.509178 33.367065
v 85.165863 -65.502403 31.736206
v 87.649292 -65.493912 29.723633
v 90.450714 -65.484276 27.456543
v 93.411133 -65.474068 25.062256
v 96.371552 -65.463860 22.667969
v 99.172974 -65.454224 20.400879
v 101.656403 -65.445732 18.388306
v 103.662842 -65.438957 16.757446
v 105.033310 -65.434471 15.635620
v 105.608780 -65.432831 15.150269
v 106.118668 -65.430550 14.607788
v 107.307755 -65.424248 13.328491
v 109.040207 -65.414734 11.459839
v 111.180191 -65.402809 9.149048
v 113.591858 -65.389275 6.543579
v 116.139359 -65.374939 3.790771
v 118.686859 -65.360603 1.037964
v 121.098526 -65.347069 -1.567505
v 123.238510 -65.335144 -3.878296
v 124.970963 -65.325630 -5.746948
v 126.160049 -65.319328 -7.026245
v 126.669952 -65.317047 -7.568726
v 127.028946 -65.291466 -8.009155
v 127.800858 -65.220741 -9.006226
v 128.903107 -65.113907 -10.448608
v 130.253113 -64.979980 -12.225098
v 131.768295 -64.828003 -14.224243
v 133.366058 -64.666992 -16.334717
v 134.963821 -64.505981 -18.445190
v 136.479004 -64.354004 -20.444336
v 137.829010 -64.220078 -22.220825
v 138.931259 -64.113243 -23.663208
v 139.703171 -64.042519 -24.660278
v 140.062164 -64.016937 -25.100586
v 140.370361 -64.005135 -25.601440
v 141.001831 -63.972496 -26.765381
v 141.891922 -63.923195 -28.459839
v 142.975983 -63.861389 -30.552246
v 144.189346 -63.791252 -32.909912
v 145.467377 -63.716949 -35.400269
v 146.745407 -63.642647 -37.890625
v 147.958771 -63.572510 -40.248291
v 149.042831 -63.510704 -42.340698
v 149.932922 -63.461403 -44.035156
v 150.564392 -63.428764 -45.199097
v 150.872559 -63.416962 -45.700073
v 151.142166 -63.403503 -46.177002
v 151.666977 -63.366302 -47.275146
v 152.395950 -63.310104 -48.870117
v 153.278046 -63.239655 -50.837769
v 154.262222 -63.159706 -53.053955
v 155.297440 -63.075012 -55.394409
v 156.332657 -62.990318 -57.734863
v 157.316833 -62.910370 -59.951050
v 158.198929 -62.839920 -61.918701
v 158.927902 -62.783722 -63.513672
v 159.452713 -62.746521 -64.611816
v 159.722290 -62.733063 -65.088867
v 160.048508 -62.707458 -65.878052
v 160.729797 -62.636665 -67.839233
v 161.695160 -62.529724 -70.738037
v 162.873566 -62.395668 -74.340088
v 164.194000 -62.243538 -78.411011
v 165.585449 -62.082367 -82.716309
v 166.976898 -61.921196 -87.021606
v 168.297333 -61.769066 -91.092529
v 169.475739 -61.635010 -94.694580
v 170.441101 -61.528069 -97.593384
v 171.850632 -61.327843 -104.058228
v 172.144272 -61.212662 -108.026611
v 172.480667 -61.068283 -112.969360
v 172.845566 -60.904434 -118.561768
v 173.224716 -60.730858 -124.479004
v 173.603867 -60.557281 -130.396240
v 173.968765 -60.393433 -135.988647
v 174.305161 -60.249054 -140.931396
v 174.598801 -60.133873 -144.899780
v 174.835434 -60.057625 -147.568970
v 175.000870 -60.030060 -148.614258
v 174.966339 -60.005127 -149.573486
v 174.650299 -59.936203 -152.005005
v 174.109039 -59.832085 -155.614258
v 173.398880 -59.701569 -160.106812
v 172.576111 -59.553452 -165.188354
v 171.697037 -59.396538 -170.564331
v 170.817963 -59.239624 -175.940308
v 169.995193 -59.091507 -181.021851
v 169.285034 -58.960991 -185.514404
v 168.743774 -58.856873 -189.123657
v 168.427734 -58.787949 -191.555176
v 168.393234 -58.763031 -192.514282
v 168.361252 -58.761459 -193.020264
v 168.052231 -58.757103 -194.198730
v 167.521576 -58.750526 -195.915039
v 166.824692 -58.742287 -198.034790
v 166.016998 -58.732933 -200.423462
v 165.153900 -58.723022 -202.946655
v 164.290802 -58.713112 -205.469849
v 163.483109 -58.703758 -207.858521
v 162.786224 -58.695518 -209.978271
v 162.255569 -58.688942 -211.694580
v 160.860367 -58.686760 -215.847778
v 159.538574 -58.690918 -218.434204
v 157.849976 -58.696129 -221.644653
v 155.916855 -58.702042 -225.271118
v 153.861465 -58.708305 -229.105591
v 151.806076 -58.714569 -232.940063
v 149.872955 -58.720482 -236.566528
v 148.184357 -58.725693 -239.776978
v 146.862564 -58.729851 -242.363403
v 143.851379 -58.548752 -247.782837
v 142.438980 -58.426880 -249.605835
v 140.819290 -58.288574 -251.657837
v 139.095947 -58.142052 -253.824341
v 137.372604 -57.995529 -255.990845
v 135.752914 -57.857224 -258.042847
v 134.340515 -57.735352 -259.865845
v 133.239044 -57.638130 -261.345459
v 129.433289 -57.404091 -265.747803
v 127.366119 -57.307564 -267.558228
v 125.003372 -57.198021 -269.595825
v 122.492844 -57.081970 -271.747070
v 119.982315 -56.965919 -273.898315
v 117.619568 -56.856377 -275.935913
v 115.552399 -56.759850 -277.746338
v 113.928589 -56.682846 -279.215820
v 112.895920 -56.631874 -280.230835
v 112.602203 -56.613434 -280.677734
v 113.046432 -56.623413 -280.568481
v 114.054001 -56.651009 -280.045898
v 115.512253 -56.692696 -279.192505
v 117.308517 -56.744957 -278.091187
v 119.330109 -56.804260 -276.824463
v 121.464371 -56.867088 -275.475098
v 123.598633 -56.929916 -274.125732
v 125.620224 -56.989220 -272.859009
v 127.416489 -57.041481 -271.757690
v 128.874741 -57.083168 -270.904297
v 134.795654 -57.188606 -267.317627
v 137.619736 -57.233330 -265.247559
v 140.807739 -57.284088 -262.881470
v 144.177704 -57.337860 -260.367432
v 147.547668 -57.391632 -257.853394
v 150.735672 -57.442390 -255.487305
v 153.559753 -57.487114 -253.417236
v 155.837952 -57.522797 -251.791138
v 161.490799 -57.643143 -248.148682
v 165.179077 -57.740974 -245.429199
v 169.770721 -57.863609 -241.988647
v 174.964600 -58.002777 -238.067261
v 180.459595 -58.150208 -233.905518
v 185.954605 -58.297638 -229.743774
v 191.148483 -58.436806 -225.822388
v 195.740112 -58.559441 -222.381836
v 199.428391 -58.657272 -219.662354
v 206.495010 -58.958382 -214.350342
v 210.341583 -59.194603 -210.872070
v 215.131653 -59.490707 -206.480225
v 220.550735 -59.826736 -201.479370
v 226.284302 -60.182732 -196.174072
v 232.017883 -60.538727 -190.868774
v 237.436951 -60.874756 -185.867920
v 242.227036 -61.170860 -181.476074
v 246.073608 -61.407082 -177.997803
v 248.662186 -61.563454 -175.737549
v 255.019958 -61.919876 -169.937378
v 258.419312 -62.117561 -166.477783
v 262.260132 -62.341896 -162.534790
v 266.321716 -62.579559 -158.350098
v 270.383270 -62.817223 -154.165405
v 274.224091 -63.041557 -150.222412
v 277.623444 -63.239243 -146.762817
v 280.360565 -63.396942 -144.028198
v 286.311829 -63.661972 -138.676025
v 288.395935 -63.742981 -136.559937
v 290.744202 -63.834915 -134.141724
v 293.224518 -63.932312 -131.572388
v 295.704834 -64.029709 -129.003052
v 298.053101 -64.121643 -126.584839
v 300.137207 -64.202652 -124.468750
v 301.825073 -64.267281 -122.805908
v 305.691437 -64.440422 -119.022827
v 307.988068 -64.567879 -116.183838
v 310.835266 -64.727646 -112.593384
v 314.049500 -64.908958 -108.502075
v 317.447266 -65.101044 -104.160278
v 320.845032 -65.293129 -99.818481
v 324.059265 -65.474442 -95.727173
v 326.906464 -65.634209 -92.136719
v 329.203094 -65.761665 -89.297729
v 330.765686 -65.846039 -87.460693
v 331.410645 -65.876556 -86.875854
v 331.410645 -65.876556 -86.875854
v 331.410645 -65.876556 -86.875854
v 332.314697 -65.919815 -86.047729
v 334.593597 -66.039421 -83.537598
v 337.972321 -66.220100 -79.681763
v 342.175934 -66.446587 -74.816772
v 346.929504 -66.703613 -69.278931
v 351.958008 -66.975906 -63.404663
v 356.986511 -67.248199 -57.530396
v 361.740082 -67.505226 -51.992554
v 365.943695 -67.731712 -47.127563
v 369.322449 -67.912392 -43.271729
v 371.601318 -68.031998 -40.761597
v 372.505371 -68.075287 -39.933594
v 373.179688 -68.112724 -39.388794
v 374.823334 -68.216232 -37.661987
v 377.242493 -68.372597 -34.989624
v 380.243256 -68.568604 -31.608154
v 383.631775 -68.791039 -27.753784
v 387.214142 -69.026688 -23.663086
v 390.796539 -69.262337 -19.572388
v 394.185059 -69.484772 -15.718018
v 397.185791 -69.680779 -12.336548
v 399.604950 -69.837143 -9.664185
v 401.248627 -69.940651 -7.937378
v 401.922943 -69.978119 -7.392700
v 402.553131 -70.007980 -6.993042
v 404.074799 -70.090546 -5.667358
v 406.309692 -70.215271 -3.600952
v 409.079468 -70.371613 -0.979004
v 412.205841 -70.549034 2.013306
v 415.510529 -70.737000 5.190796
v 418.815216 -70.924965 8.368286
v 421.941589 -71.102386 11.360596
v 424.805847 -71.253181 13.783081
v 427.072968 -71.377907 15.806030
v 428.594666 -71.460472 17.131714
v 429.098114 -71.495880 17.774536
v 428.367310 -71.454857 17.293945
v 426.518646 -71.352928 15.806030
v 423.804138 -71.203110 13.484863
v 420.191803 -71.010101 10.779053
v 416.075562 -70.791069 7.725220
v 411.707367 -70.559021 4.497437
v 407.339172 -70.326973 1.269653
v 403.222931 -70.107941 -1.784180
v 399.610596 -69.914932 -4.489990
v 396.754120 -69.760956 -6.673828
v 394.905487 -69.659027 -8.161743
v 394.316620 -69.622162 -8.779663
v 394.019958 -69.609840 -9.194336
v 392.979187 -69.575783 -10.119995
v 391.343140 -69.524330 -11.454590
v 389.260590 -69.459839 -13.095825
v 386.880432 -69.386650 -14.941528
v 384.351440 -69.309113 -16.889404
v 381.822449 -69.231575 -18.837280
v 379.442261 -69.158386 -20.682983
v 377.359741 -69.093895 -22.324219
v 375.723694 -69.042442 -23.658813
v 374.682922 -69.008385 -24.584473
v 374.386261 -68.996063 -24.999268
v 374.006287 -68.975807 -25.386719
v 372.735138 -68.919800 -26.237305
v 370.751068 -68.835197 -27.458374
v 368.232300 -68.729149 -28.957275
v 365.357117 -68.608795 -30.641479
v 362.303650 -68.481293 -32.418213
v 359.250214 -68.353790 -34.194946
v 356.375000 -68.233437 -35.879150
v 353.856262 -68.127388 -37.378052
v 351.872192 -68.042786 -38.599121
v 350.601044 -67.986778 -39.449707
v 350.221069 -67.966522 -39.837036
v 349.707123 -67.951347 -40.152710
v 348.065613 -67.909386 -40.804810
v 345.522034 -67.846001 -41.726074
v 342.301941 -67.766541 -42.849243
v 338.630798 -67.676369 -44.106934
v 334.734161 -67.580841 -45.431885
v 330.837524 -67.485313 -46.756836
v 327.166412 -67.395142 -48.014526
v 323.946320 -67.315681 -49.137695
v 321.402740 -67.252296 -50.058960
v 319.761230 -67.210335 -50.711060
v 319.247284 -67.195160 -51.026855
v 318.730713 -67.196716 -51.218384
v 317.081970 -67.201027 -51.527222
v 314.527496 -67.207542 -51.929932
v 311.293701 -67.215706 -52.403076
v 307.607056 -67.224976 -52.923218
v 303.693970 -67.234795 -53.466797
v 299.780853 -67.244614 -54.010376
v 296.094208 -67.253883 -54.530518
v 292.860413 -67.262047 -55.003662
v 290.305939 -67.268562 -55.406372
v 288.657196 -67.272873 -55.715210
v 288.140625 -67.274445 -55.906616
v 288.036377 -67.265701 -56.046021
v 287.527527 -67.241539 -56.210938
v 286.695007 -67.205032 -56.396240
v 285.619751 -67.159271 -56.596924
v 284.382660 -67.107346 -56.807739
v 283.064667 -67.052330 -57.023682
v 281.746674 -66.997314 -57.239624
v 280.509583 -66.945389 -57.450439
v 279.434326 -66.899628 -57.651123
v 278.601807 -66.863121 -57.836426
v 278.092957 -66.838959 -58.001343
v 277.988708 -66.830231 -58.140869
v 277.590729 -66.827118 -58.218262
v 276.269836 -66.818504 -58.211792
v 274.210602 -66.805496 -58.138184
v 271.597626 -66.789185 -58.014160
v 268.615509 -66.770676 -57.856567
v 265.448792 -66.751068 -57.682129
v 262.282074 -66.731461 -57.507690
v 259.299927 -66.712952 -57.350098
v 256.686951 -66.696640 -57.226074
v 254.627731 -66.683632 -57.152466
v 253.306839 -66.675018 -57.145996
v 252.908859 -66.671906 -57.223267
v 252.596771 -66.654503 -57.263550
v 251.513367 -66.606400 -57.154297
v 249.812881 -66.533730 -56.925415
v 247.649612 -66.442642 -56.606812
v 245.177795 -66.339272 -56.228394
v 242.551727 -66.229759 -55.820068
v 239.925659 -66.120247 -55.411743
v 237.453857 -66.016876 -55.033325
v 235.290588 -65.925789 -54.714722
v 233.590118 -65.853119 -54.485840
v 232.506699 -65.805016 -54.376587
v 232.194611 -65.787628 -54.417114
v 231.729645 -65.786392 -54.348022
v 230.223602 -65.782967 -53.936279
v 227.884659 -65.777794 -53.250366
v 224.921066 -65.771309 -52.358887
v 221.541031 -65.763954 -51.330444
v 217.952789 -65.756165 -50.233398
v 214.364532 -65.748375 -49.136353
v 210.984497 -65.741020 -48.107910
v 208.020905 -65.734535 -47.216431
v 205.681976 -65.729362 -46.530518
v 204.175903 -65.725937 -46.118774
v 203.710968 -65.724701 -46.049683
v 203.195129 -65.722603 -45.915161
v 201.548370 -65.716789 -45.322632
v 198.996887 -65.708015 -44.363647
v 195.766846 -65.697014 -43.129883
v 192.084473 -65.684525 -41.712891
v 188.175903 -65.671295 -40.204346
v 184.267334 -65.658066 -38.695801
v 180.584930 -65.645576 -37.278809
v 177.354904 -65.634575 -36.045044
v 174.803421 -65.625801 -35.086060
v 173.156662 -65.619987 -34.493530
v 172.640808 -65.617889 -34.359131
v 172.254135 -65.616035 -34.184814
v 170.964523 -65.610916 -33.482178
v 168.952560 -65.603180 -32.356934
v 166.398834 -65.593475 -30.914795
v 163.483932 -65.582466 -29.261353
v 160.388443 -65.570801 -27.502197
v 157.292953 -65.559135 -25.743042
v 154.378052 -65.548126 -24.089600
v 151.824326 -65.538422 -22.647461
v 149.812363 -65.530685 -21.522217
v 148.522751 -65.525566 -20.819580
v 148.136108 -65.523712 -20.645142
v 147.795547 -65.522408 -20.424194
v 146.633408 -65.518806 -19.592773
v 144.813995 -65.513367 -18.272949
v 142.501633 -65.506546 -16.586792
v 139.860641 -65.498802 -14.656494
v 137.055328 -65.490601 -12.604004
v 134.250015 -65.482399 -10.551514
v 131.609024 -65.474655 -8.621216
v 129.296661 -65.467834 -6.935059
v 127.477249 -65.462395 -5.615234
v 124.609695 -65.455170 -3.102783
v 122.943237 -65.452599 -1.330811
v 120.822601 -65.449371 0.921997
v 118.399185 -65.445709 3.495483
v 115.824371 -65.441833 6.229248
v 113.249557 -65.437958 8.963013
v 110.826141 -65.434296 11.536499
v 108.705505 -65.431068 13.789307
v 107.039047 -65.428497 15.561279
v 104.710083 -65.425949 18.434082
v 103.488190 -65.425690 20.153809
v 101.924835 -65.425369 22.341309
v 100.133835 -65.425003 24.840576
v 98.229004 -65.424614 27.495728
v 96.324173 -65.424225 30.150879
v 94.533173 -65.423859 32.650146
v 92.969818 -65.423538 34.837646
v 91.747925 -65.423279 36.557373
v 89.801117 -65.432030 39.679688
v 88.558563 -65.441971 41.728516
v 86.969315 -65.454430 44.328491
v 85.148926 -65.468575 47.295776
v 83.212967 -65.483559 50.446777
v 81.277008 -65.498543 53.597778
v 79.456619 -65.512688 56.565063
v 77.867371 -65.525146 59.165039
v 76.624817 -65.535088 61.213867
v 74.669678 -65.533066 65.437012
v 73.438522 -65.520889 68.377930
v 71.863556 -65.505630 72.096191
v 70.059387 -65.488312 76.332642
v 68.140610 -65.469963 80.828247
v 66.221832 -65.451614 85.323853
v 64.417664 -65.434296 89.560303
v 62.842697 -65.419037 93.278564
v 61.611542 -65.406860 96.219482
v 59.826416 -65.431763 103.087524
v 59.168427 -65.455406 106.080322
v 58.404861 -65.482231 109.493530
v 57.588501 -65.510651 113.116943
v 56.772141 -65.539070 116.740356
v 56.008575 -65.565895 120.153564
v 55.350586 -65.589539 123.146362
v 54.850952 -65.608398 125.508667
v 54.701782 -65.684937 130.358398
v 54.731232 -65.750984 133.680908
v 54.736465 -65.833771 137.877441
v 54.725555 -65.927727 142.656738
v 54.706558 -66.027260 147.727295
v 54.687561 -66.126793 152.797852
v 54.676651 -66.220749 157.577148
v 54.681885 -66.303535 161.773682
v 54.711334 -66.369583 165.096191
v 56.051743 -66.530205 172.235840
v 56.705154 -66.596848 175.181030
v 57.429810 -66.672478 178.540161
v 58.190094 -66.752602 182.106323
v 58.950378 -66.832726 185.672485
v 59.675034 -66.908356 189.031616
v 60.328445 -66.974998 191.976807
v 60.874985 -67.028168 194.301025
v 62.798859 -67.219086 199.574097
v 63.529648 -67.313362 201.881836
v 64.342117 -67.420349 204.517578
v 65.195435 -67.533691 207.317383
v 66.048752 -67.647034 210.117188
v 66.861221 -67.754021 212.752930
v 67.592010 -67.848297 215.060669
v 68.200287 -67.923508 216.876465
v 70.147675 -67.986389 220.699829
v 71.395111 -67.980934 223.430176
v 72.927109 -67.974091 226.884399
v 74.648804 -67.966331 230.821167
v 76.465363 -67.958107 234.999268
v 78.281921 -67.949883 239.177368
v 80.003616 -67.942123 243.114136
v 81.535614 -67.935280 246.568359
v 82.783051 -67.929825 249.298706
v 86.853165 -67.934036 257.794434
v 88.018982 -67.938156 260.677856
v 89.246628 -67.942520 263.739990
v 90.474274 -67.946884 266.802124
v 91.640091 -67.951004 269.685547
v 92.682251 -67.954636 272.211548
v -1313.208862 -89.474045 -229.002686
v -1313.017944 -89.474045 -229.002686
v -1312.931152 -89.474045 -229.002686
v -1312.927734 -89.474045 -229.002686
v -1312.986816 -89.474045 -229.002686
v -1313.087524 -89.474045 -229.002686
v -1313.209106 -89.474045 -229.002686
v -1313.330688 -89.474045 -229.002686
v -1313.431396 -89.474045 -229.002686
v -1313.490479 -89.474045 -229.002686
v -1313.487061 -89.474045 -229.002686
v -1313.400269 -89.474045 -229.002686
v -1313.208862 -89.474045 -229.002686
v -1312.168945 -89.473503 -228.764404
v -1309.735107 -89.472008 -228.105713
v -1306.186157 -89.469749 -227.110596
v -1301.800781 -89.466919 -225.863281
v -1296.857910 -89.463707 -224.447754
v -1291.636230 -89.460304 -222.948120
v -1286.414551 -89.456902 -221.448486
v -1281.471680 -89.453690 -220.032959
v -1277.086304 -89.450859 -218.785645
v -1273.537354 -89.448601 -217.790527
v -1271.103516 -89.447105 -217.131836
v -1270.063477 -89.446564 -216.893433
v -1268.463989 -89.413177 -216.521362
v -1264.483154 -89.320877 -215.492798
v -1258.597168 -89.181442 -213.938965
v -1251.282349 -89.006660 -211.991211
v -1243.015015 -88.808311 -209.780762
v -1234.271362 -88.598175 -207.439087
v -1225.527710 -88.388039 -205.097412
v -1217.260376 -88.189690 -202.886963
v -1209.945557 -88.014908 -200.939209
v -1204.059570 -87.875473 -199.385376
v -1200.078735 -87.783173 -198.356812
v -1198.479126 -87.749786 -197.984497
v -1196.730469 -87.717659 -197.600952
v -1192.337280 -87.628838 -196.540405
v -1185.828369 -87.494667 -194.938354
v -1177.732666 -87.326477 -192.930054
v -1168.579102 -87.135612 -190.651001
v -1158.896606 -86.933411 -188.236572
v -1149.214111 -86.731209 -185.822144
v -1140.060547 -86.540344 -183.543091
v -1131.964844 -86.372154 -181.534790
v -1125.455933 -86.237984 -179.932739
v -1121.062744 -86.149162 -178.872192
v -1119.314331 -86.117035 -178.488525
v -1117.640625 -86.112595 -178.190918
v -1113.454468 -86.100319 -177.368164
v -1107.258423 -86.081779 -176.125244
v -1099.554932 -86.058533 -174.567139
v -1090.846436 -86.032158 -172.798950
v -1081.635498 -86.004211 -170.925781
v -1072.424561 -85.976265 -169.052612
v -1063.716064 -85.949890 -167.284424
v -1056.012573 -85.926643 -165.726318
v -1049.816528 -85.908104 -164.483398
v -1045.630371 -85.895828 -163.660645
v -1043.956909 -85.891388 -163.362793
v -1042.119019 -85.858994 -163.158203
v -1037.478882 -85.769432 -162.592407
v -1030.597046 -85.634132 -161.737793
v -1022.033813 -85.464539 -160.666504
v -1012.349731 -85.272072 -159.450684
v -1002.105225 -85.068176 -158.162720
v -991.860718 -84.864281 -156.874756
v -982.176636 -84.671814 -155.658936
v -973.613403 -84.502220 -154.587646
v -966.731567 -84.366920 -153.733032
v -962.091431 -84.277359 -153.167236
v -960.253540 -84.244965 -152.962402
v -958.512451 -84.224258 -152.797729
v -954.140015 -84.167015 -152.342407
v -947.662598 -84.080544 -151.654541
v -939.606323 -83.972153 -150.792236
v -930.497559 -83.849144 -149.813721
v -920.862549 -83.718834 -148.777100
v -911.227539 -83.588524 -147.740479
v -902.118774 -83.465515 -146.761963
v -894.062500 -83.357124 -145.899658
v -887.585083 -83.270653 -145.211792
v -883.212646 -83.213409 -144.756470
v -881.471558 -83.192719 -144.591675
v -879.957642 -83.149704 -144.471924
v -876.213257 -83.030785 -144.140747
v -870.684448 -82.851143 -143.640503
v -863.817383 -82.625961 -143.013428
v -856.058105 -82.370415 -142.301880
v -847.852661 -82.099693 -141.547974
v -839.647217 -81.828972 -140.794067
v -831.887939 -81.573425 -140.082520
v -825.020874 -81.348244 -139.455444
v -819.492065 -81.168602 -138.955200
v -815.747681 -81.049683 -138.624023
v -814.233521 -81.006683 -138.504272
v -812.694946 -80.984619 -138.370605
v -808.882324 -80.923607 -138.001221
v -803.250488 -80.831444 -137.443115
v -796.254272 -80.715919 -136.743530
v -788.348511 -80.584816 -135.949707
v -779.987915 -80.445923 -135.108643
v -771.627319 -80.307030 -134.267578
v -763.721558 -80.175926 -133.473755
v -756.725342 -80.060402 -132.774170
v -751.093506 -79.968239 -132.216064
v -747.280884 -79.907227 -131.846680
v -745.742310 -79.885162 -131.713135
v -744.737305 -79.884079 -131.626221
v -742.399902 -79.881096 -131.386108
v -738.996582 -79.876587 -131.023315
v -734.793823 -79.870934 -130.568604
v -730.058228 -79.864517 -130.052490
v -725.056152 -79.857719 -129.505737
v -720.054077 -79.850922 -128.958984
v -715.318420 -79.844505 -128.442871
v -711.115723 -79.838852 -127.988159
v -707.712463 -79.834343 -127.625366
v -705.375061 -79.831360 -127.385254
v -704.369995 -79.830292 -127.298340
v -702.321594 -79.799606 -127.203247
v -697.099548 -79.714775 -126.940308
v -689.338623 -79.586624 -126.543091
v -679.673523 -79.425987 -126.045166
v -668.738953 -79.243690 -125.480103
v -657.169678 -79.050568 -124.881470
v -645.600403 -78.857445 -124.282837
v -634.665833 -78.675148 -123.717773
v -625.000732 -78.514511 -123.219849
v -617.239807 -78.386360 -122.822632
v -612.017761 -78.301529 -122.559692
v -609.969360 -78.270844 -122.464600
v -607.914368 -78.270981 -122.396118
v -602.674011 -78.271355 -122.206665
v -594.885437 -78.271919 -121.920532
v -585.185669 -78.272621 -121.561768
v -574.211792 -78.273422 -121.154663
v -562.600830 -78.274269 -120.723389
v -550.989868 -78.275116 -120.292114
v -540.015991 -78.275917 -119.885010
v -530.316223 -78.276619 -119.526245
v -522.527649 -78.277184 -119.240112
v -517.287292 -78.277557 -119.050659
v -515.232239 -78.277679 -118.982300
v -513.512146 -78.249199 -118.948120
v -509.197815 -78.170464 -118.853638
v -502.808105 -78.051521 -118.710815
v -494.861877 -77.902420 -118.531738
v -485.877930 -77.733215 -118.328613
v -476.375183 -77.553963 -118.113403
v -466.872437 -77.374710 -117.898193
v -457.888489 -77.205505 -117.695068
v -449.942261 -77.056404 -117.515991
v -443.552551 -76.937462 -117.373169
v -439.238220 -76.858727 -117.278687
v -437.518250 -76.830231 -117.244385
v -435.741638 -76.797188 -117.223633
v -431.271057 -76.705833 -117.166138
v -424.645325 -76.567825 -117.079224
v -416.403198 -76.394836 -116.970337
v -407.083496 -76.198517 -116.846680
v -397.224976 -75.990540 -116.715698
v -387.366455 -75.782562 -116.584717
v -378.046753 -75.586243 -116.461060
v -369.804626 -75.413254 -116.352173
v -363.178894 -75.275246 -116.265259
v -358.708313 -75.183891 -116.207764
v -356.931885 -75.150848 -116.186768
v -356.010193 -75.112434 -116.203979
v -353.903076 -75.006218 -116.251709
v -350.847656 -74.845772 -116.323730
v -347.080994 -74.644646 -116.414062
v -342.840210 -74.416397 -116.516479
v -338.362305 -74.174591 -116.625000
v -333.884399 -73.932785 -116.733521
v -329.643616 -73.704536 -116.835938
v -325.876953 -73.503410 -116.926270
v -322.821533 -73.342964 -116.998291
v -320.714417 -73.236748 -117.046021
v -319.792786 -73.198334 -117.063232
v -318.779053 -73.173386 -117.200439
v -316.417542 -73.104416 -117.579712
v -312.977783 -73.000229 -118.152710
v -308.729370 -72.869629 -118.870972
v -303.941833 -72.721420 -119.686035
v -298.884705 -72.564407 -120.549561
v -293.827576 -72.407394 -121.413086
v -289.040039 -72.259186 -122.228149
v -284.791626 -72.128586 -122.946411
v -281.351868 -72.024399 -123.519409
v -278.990356 -71.955429 -123.898682
v -277.976562 -71.930511 -124.035767
v -277.115479 -71.912178 -124.283325
v -275.175964 -71.861496 -124.967773
v -272.373779 -71.784935 -126.001831
v -268.924561 -71.688965 -127.297974
v -265.043945 -71.580055 -128.768921
v -260.947632 -71.464676 -130.327148
v -256.851318 -71.349297 -131.885376
v -252.970703 -71.240387 -133.356323
v -249.521484 -71.144417 -134.652466
v -246.719299 -71.067856 -135.686523
v -244.779785 -71.017174 -136.370972
v -243.918701 -70.998871 -136.618530
v -243.257080 -70.977074 -136.901367
v -241.869141 -70.916817 -137.683228
v -239.900085 -70.825790 -138.864380
v -237.495239 -70.711693 -140.344971
v -234.799805 -70.582207 -142.025146
v -231.959106 -70.445030 -143.805176
v -229.118408 -70.307854 -145.585205
v -226.422974 -70.178368 -147.265381
v -224.018127 -70.064270 -148.745972
v -222.049072 -69.973244 -149.927124
v -220.661133 -69.912987 -150.708984
v -219.999512 -69.891205 -150.991699
v -218.999573 -69.849350 -151.702881
v -216.676147 -69.733635 -153.669189
v -213.294006 -69.558838 -156.639526
v -209.117798 -69.339722 -160.362915
v -204.412231 -69.091064 -164.588257
v -199.441956 -68.827637 -169.064575
v -194.471680 -68.564209 -173.540894
v -189.766083 -68.315552 -177.766235
v -185.589874 -68.096436 -181.489624
v -182.207733 -67.921638 -184.459961
v -177.071625 -67.649124 -189.818970
v -175.365326 -67.521614 -192.793945
v -173.289825 -67.361778 -196.523071
v -170.968201 -67.180389 -200.755005
v -168.523499 -66.988220 -205.238403
v -166.078796 -66.796051 -209.721802
v -163.757172 -66.614662 -213.953735
v -161.681671 -66.454826 -217.682861
v -159.975372 -66.327316 -220.657837
v -156.549561 -66.049431 -226.496216
v -155.730591 -65.942009 -228.577271
v -154.834900 -65.820099 -230.938843
v -153.900848 -65.690948 -233.440674
v -152.966797 -65.561798 -235.942505
v -152.071106 -65.439888 -238.304077
v -151.252136 -65.332466 -240.385132
v -150.548248 -65.246773 -242.045288
v -148.949860 -65.004189 -245.656006
v -148.489929 -64.820770 -248.001587
v -147.976807 -64.590851 -250.941772
v -147.428192 -64.329926 -254.278442
v -146.861847 -64.053505 -257.813354
v -146.295502 -63.777084 -261.348267
v -145.746887 -63.516159 -264.684937
v -145.233765 -63.286240 -267.625122
v -144.773834 -63.102821 -269.970703
v -143.574677 -62.925743 -274.703979
v -143.313660 -62.912727 -277.609619
v -143.049866 -62.896416 -281.251831
v -142.784210 -62.877899 -285.385132
v -142.517639 -62.858284 -289.763916
v -142.251068 -62.838669 -294.142700
v -141.985413 -62.820152 -298.276001
v -141.721619 -62.803841 -301.918213
v -141.460602 -62.790825 -304.823853
v -140.885895 -62.718803 -309.856812
v -141.118683 -62.651932 -312.534790
v -141.473877 -62.568108 -315.891724
v -141.910675 -62.472984 -319.701294
v -142.388275 -62.372208 -323.737183
v -142.865875 -62.271431 -327.773071
v -143.302673 -62.176308 -331.582642
v -143.657867 -62.092484 -334.939575
v -143.890656 -62.025612 -337.617554
v -144.193359 -61.856804 -342.532715
v -144.905823 -61.736374 -345.307861
v -145.862305 -61.585411 -348.786499
v -146.981445 -61.414093 -352.734253
v -148.181915 -61.232597 -356.916504
v -149.382385 -61.051102 -361.098755
v -150.501526 -60.879784 -365.046509
v -151.458008 -60.728821 -368.525146
v -152.170471 -60.608391 -371.300293
v -152.557587 -60.528671 -373.137329
v -153.519897 -60.404434 -376.399780
v -154.913818 -60.298584 -379.282104
v -156.724518 -60.165901 -382.895142
v -158.813049 -60.015327 -386.995361
v -161.040497 -59.855804 -391.339111
v -163.267944 -59.696281 -395.682861
v -165.356476 -59.545708 -399.783081
v -167.167175 -59.413025 -403.396118
v -168.561096 -59.307175 -406.278442
v -170.861481 -59.212555 -410.842407
v -172.628937 -59.213432 -413.023315
v -174.907867 -59.214531 -415.757202
v -177.527771 -59.215782 -418.859741
v -180.318176 -59.217102 -422.146484
v -183.108582 -59.218422 -425.433228
v -185.728485 -59.219673 -428.535767
v -188.007416 -59.220772 -431.269653
v -189.774872 -59.221649 -433.450562
v -190.860382 -59.222229 -434.894287
v -193.176544 -59.240456 -437.939941
v -195.792206 -59.260445 -440.739258
v -199.134369 -59.285500 -444.248169
v -202.960876 -59.313934 -448.230225
v -207.029541 -59.344055 -452.448853
v -211.098206 -59.374176 -456.667480
v -214.924744 -59.402611 -460.649536
v -218.266907 -59.427666 -464.158447
v -225.180603 -59.359993 -471.621582
v -227.942444 -59.242752 -473.996460
v -231.467896 -59.095787 -476.973511
v -235.502380 -58.929008 -480.351929
v -239.791382 -58.752319 -483.931030
v -244.080383 -58.575630 -487.510132
v -248.114868 -58.408852 -490.888550
v -251.640320 -58.261887 -493.865601
v -254.402161 -58.144646 -496.240479
v -259.048096 -58.089439 -500.466553
v -262.049683 -58.145424 -502.779663
v -265.875671 -58.215599 -505.679199
v -270.251221 -58.295242 -508.969727
v -274.901550 -58.379616 -512.455688
v -279.551880 -58.463989 -515.941650
v -283.927429 -58.543633 -519.232178
v -287.753418 -58.613808 -522.131714
v -290.755005 -58.669792 -524.444824
v -296.754639 -58.801735 -529.145142
v -301.018250 -58.892143 -532.046631
v -306.426147 -59.005470 -535.683716
v -312.596924 -59.134079 -539.811157
v -319.149109 -59.270325 -544.183716
v -325.701294 -59.406570 -548.556274
v -331.872070 -59.535179 -552.683716
v -337.279968 -59.648506 -556.320801
v -341.543579 -59.738914 -559.222290
v -346.813843 -59.824448 -562.969971
v -349.006470 -59.828934 -564.226196
v -351.818359 -59.834557 -565.800903
v -355.043091 -59.840935 -567.587891
v -358.474182 -59.847694 -569.481079
v -361.905273 -59.854454 -571.374268
v -365.130005 -59.860832 -573.161255
v -367.941895 -59.866455 -574.735962
v -370.134521 -59.870941 -575.992188
v -371.501465 -59.873909 -576.823730
v -371.836243 -59.874969 -577.124390
v -372.456238 -59.876129 -577.566040
v -374.611450 -59.879326 -578.787109
v -377.994873 -59.884155 -580.631592
v -382.299438 -59.890213 -582.943726
v -387.218140 -59.897087 -585.567627
v -392.443848 -59.904366 -588.347412
v -397.669556 -59.911644 -591.127197
v -402.588257 -59.918518 -593.751099
v -406.892822 -59.924576 -596.063232
v -410.276245 -59.929405 -597.907715
v -412.431458 -59.932602 -599.128784
v -413.051514 -59.933746 -599.570435
v -413.893555 -59.935371 -600.062134
v -416.662781 -59.939873 -601.421509
v -420.973755 -59.946671 -603.475098
v -426.441040 -59.955193 -606.049316
v -432.679199 -59.964867 -608.970581
v -439.302795 -59.975113 -612.065308
v -445.926392 -59.985359 -615.160034
v -452.164551 -59.995033 -618.081299
v -457.631836 -60.003555 -620.655518
v -461.942810 -60.010353 -622.709106
v -464.712036 -60.014854 -624.068481
v -465.554077 -60.016510 -624.560059
v -466.224792 -60.017525 -624.863770
v -468.520264 -60.020325 -625.703247
v -472.115601 -60.024551 -626.971436
v -476.685791 -60.029854 -628.561157
v -481.905884 -60.035866 -630.365234
v -487.450928 -60.042236 -632.276489
v -492.995972 -60.048607 -634.187744
v -498.216064 -60.054619 -635.991821
v -502.786255 -60.059921 -637.581543
v -506.381592 -60.064148 -638.849731
v -508.677063 -60.066948 -639.689209
v -509.347778 -60.067963 -639.992920
v -510.648743 -60.069328 -640.403564
v -514.686646 -60.073097 -641.538940
v -520.914062 -60.078796 -643.254028
v -528.783691 -60.085938 -645.403931
v -537.748108 -60.094040 -647.843750
v -547.259888 -60.102623 -650.428467
v -556.771667 -60.111206 -653.013184
v -565.736084 -60.119308 -655.453003
v -573.605713 -60.126450 -657.602905
v -579.833130 -60.132149 -659.317993
v -583.871033 -60.135918 -660.453369
v -585.171875 -60.137299 -660.864136
v -585.937073 -60.137970 -661.083130
v -588.493774 -60.139839 -661.688599
v -592.483704 -60.142654 -662.603149
v -597.548584 -60.146187 -663.749634
v -603.330078 -60.150200 -665.050659
v -609.469849 -60.154449 -666.428955
v -615.609619 -60.158699 -667.807251
v -621.391113 -60.162712 -669.108276
v -626.455994 -60.166245 -670.254761
v -630.445923 -60.169060 -671.169312
v -633.002625 -60.170929 -671.774780
v -633.767761 -60.171600 -671.993530
v -634.962219 -60.172340 -672.250000
v -638.705688 -60.174385 -672.959229
v -644.488403 -60.177475 -674.030518
v -651.800537 -60.181351 -675.373291
v -660.132263 -60.185745 -676.897217
v -668.973816 -60.190399 -678.511719
v -677.815369 -60.195053 -680.126221
v -686.147095 -60.199448 -681.650146
v -693.459229 -60.203323 -682.992920
v -699.241943 -60.206413 -684.064209
v -702.985413 -60.208458 -684.773438
v -704.179993 -60.209198 -685.029297
v -705.599060 -60.210182 -685.238525
v -709.963623 -60.212914 -685.817383
v -716.684570 -60.217033 -686.691650
v -725.172729 -60.222198 -687.787598
v -734.839111 -60.228065 -689.031494
v -745.094604 -60.234276 -690.349121
v -755.350098 -60.240486 -691.666748
v -765.016479 -60.246353 -692.910645
v -773.504639 -60.251518 -694.006592
v -780.225586 -60.255638 -694.880859
v -784.590088 -60.258369 -695.459717
v -786.008911 -60.259369 -695.669189
v -787.335327 -60.258682 -695.926270
v -791.443604 -60.256790 -696.636963
v -797.777466 -60.253929 -697.710693
v -805.780518 -60.250343 -699.056641
v -814.896240 -60.246277 -700.584229
v -824.568359 -60.241966 -702.202393
v -834.240479 -60.237656 -703.820557
v -843.356201 -60.233589 -705.348145
v -851.359253 -60.230003 -706.694092
v -857.693115 -60.227142 -707.767822
v -861.801392 -60.225250 -708.478516
v -863.128052 -60.224579 -708.736084
v -864.226318 -60.227455 -708.982422
v -867.703979 -60.235413 -709.663330
v -873.085205 -60.247437 -710.691895
v -879.894043 -60.262505 -711.981201
v -887.654663 -60.279610 -713.444336
v -895.891113 -60.297729 -714.994385
v -904.127563 -60.315849 -716.544434
v -911.888184 -60.332954 -718.007568
v -918.697021 -60.348022 -719.296875
v -924.078247 -60.360046 -720.325439
v -927.555908 -60.368004 -721.006348
v -928.654175 -60.370880 -721.251953
v -929.662598 -60.371506 -721.576660
v -932.891846 -60.373222 -722.474365
v -937.897827 -60.375824 -723.830566
v -944.236328 -60.379082 -725.530762
v -951.463135 -60.382774 -727.459961
v -959.134155 -60.386688 -729.503906
v -966.805176 -60.390602 -731.547852
v -974.031982 -60.394295 -733.477051
v -980.370483 -60.397552 -735.177246
v -985.376465 -60.400154 -736.533447
v -988.605713 -60.401871 -737.431152
v -989.614136 -60.402496 -737.756104
v -990.413330 -60.403000 -738.076416
v -993.064209 -60.404396 -738.961914
v -997.196289 -60.406502 -740.299805
v -1002.439331 -60.409142 -741.976807
v -1008.422974 -60.412140 -743.879883
v -1014.776978 -60.415314 -745.895996
v -1021.130981 -60.418488 -747.912109
v -1027.114624 -60.421486 -749.815186
v -1032.357666 -60.424126 -751.492188
v -1036.489746 -60.426231 -752.830078
v -1039.140625 -60.427628 -753.715576
v -1039.940063 -60.428131 -754.035645
v -1040.489990 -60.429794 -754.278076
v -1042.451416 -60.434395 -754.948242
v -1045.542114 -60.441345 -755.960449
v -1049.479736 -60.450050 -757.229248
v -1053.982056 -60.459930 -758.669189
v -1058.766724 -60.470398 -760.194824
v -1063.551392 -60.480865 -761.720459
v -1068.053711 -60.490746 -763.160400
v -1071.991333 -60.499451 -764.429199
v -1075.082031 -60.506401 -765.441406
v -1077.043457 -60.511002 -766.111572
v -1077.593506 -60.512665 -766.354004
v -1078.369873 -60.514221 -766.713867
v -1080.957275 -60.518524 -767.708984
v -1084.993652 -60.525032 -769.212158
v -1090.116699 -60.533188 -771.096436
v -1095.964233 -60.542442 -773.234863
v -1102.173950 -60.552246 -775.500244
v -1108.383667 -60.562050 -777.765625
v -1114.231201 -60.571304 -779.904053
v -1119.354248 -60.579460 -781.788330
v -1123.390625 -60.585968 -783.291504
v -1125.978027 -60.590271 -784.286621
v -1126.754517 -60.591827 -784.647217
v -1127.168701 -60.593620 -784.924072
v -1128.754761 -60.598572 -785.689453
v -1131.278442 -60.606049 -786.845459
v -1134.505371 -60.615425 -788.294678
v -1138.201050 -60.626060 -789.939209
v -1142.131104 -60.637329 -791.681396
v -1146.061157 -60.648598 -793.423584
v -1149.756836 -60.659233 -795.068115
v -1152.983765 -60.668610 -796.517334
v -1155.507446 -60.676086 -797.673340
v -1157.093506 -60.681038 -798.438721
v -1157.507812 -60.682831 -798.715332
v -1158.846313 -60.713348 -799.556396
v -1162.987915 -60.797714 -801.881348
v -1169.372070 -60.925163 -805.393555
v -1177.438110 -61.084923 -809.796143
v -1186.625366 -61.266220 -814.792236
v -1196.373291 -61.458290 -820.085205
v -1206.121216 -61.650360 -825.378174
v -1215.308472 -61.831657 -830.374268
v -1223.374512 -61.991417 -834.776855
v -1229.758667 -62.118866 -838.289062
v -1233.900269 -62.203232 -840.614014
v -1235.238403 -62.233734 -841.455078
v -1236.033569 -62.239075 -842.055664
v -1238.673218 -62.253838 -843.716064
v -1242.788452 -62.276138 -846.224365
v -1248.010254 -62.304100 -849.368652
v -1253.969849 -62.335831 -852.937012
v -1260.298340 -62.369446 -856.717285
v -1266.626831 -62.403061 -860.497559
v -1272.586426 -62.434792 -864.065918
v -1277.808228 -62.462753 -867.210205
v -1281.923462 -62.485054 -869.718506
v -1284.563110 -62.499817 -871.378906
v -1285.358398 -62.505157 -871.979492
v -1285.777344 -62.506165 -872.402588
v -1287.376953 -62.508942 -873.572510
v -1289.921021 -62.513138 -875.340088
v -1293.173462 -62.518402 -877.555664
v -1296.898071 -62.524376 -880.070068
v -1300.858887 -62.530701 -882.733887
v -1304.819702 -62.537025 -885.397705
v -1308.544312 -62.542999 -887.912109
v -1311.796753 -62.548264 -890.127686
v -1314.340820 -62.552460 -891.895264
v -1315.940430 -62.555237 -893.065186
v -1317.441406 -64.176788 -943.584961
v -1316.654297 -64.175362 -943.160156
v -1314.919556 -64.171417 -941.985596
v -1312.426636 -64.165466 -940.211426
v -1309.364990 -64.158005 -937.987305
v -1305.924316 -64.149536 -935.463379
v -1302.294067 -64.140564 -932.789551
v -1298.663818 -64.131592 -930.115723
v -1295.223145 -64.123123 -927.591797
v -1292.161499 -64.115662 -925.367676
v -1289.668579 -64.109711 -923.593506
v -1287.933838 -64.105766 -922.418945
v -1287.146606 -64.104340 -921.994629
v -1285.727783 -64.101982 -921.191650
v -1282.246338 -64.095467 -918.971924
v -1277.114868 -64.085625 -915.618652
v -1270.745850 -64.073280 -911.415283
v -1263.551758 -64.059273 -906.645264
v -1255.945190 -64.044434 -901.591797
v -1248.338623 -64.029594 -896.538330
v -1241.144531 -64.015587 -891.768311
v -1234.775513 -64.003242 -887.564941
v -1229.644043 -63.993401 -884.211670
v -1226.162598 -63.986885 -881.991943
v -1224.743896 -63.984528 -881.189209
v -1223.002563 -63.979256 -880.372070
v -1218.629517 -63.964676 -878.112549
v -1212.151001 -63.942650 -874.699463
v -1204.093384 -63.915039 -870.420898
v -1194.983154 -63.883713 -865.565674
v -1185.346558 -63.850525 -860.421875
v -1175.709961 -63.817337 -855.278076
v -1166.599731 -63.786011 -850.422852
v -1158.542114 -63.758400 -846.144287
v -1152.063599 -63.736374 -842.731201
v -1147.690552 -63.721794 -840.471680
v -1145.949097 -63.716522 -839.654541
v -1143.648560 -63.683105 -838.764404
v -1137.729370 -63.590721 -836.303711
v -1128.915161 -63.451164 -832.586426
v -1117.929810 -63.276230 -827.926758
v -1105.496948 -63.077705 -822.638916
v -1092.340454 -62.867393 -817.036865
v -1079.183960 -62.657082 -811.434814
v -1066.751099 -62.458557 -806.146973
v -1055.765747 -62.283623 -801.487305
v -1046.951538 -62.144066 -797.770020
v -1041.032349 -62.051682 -795.309326
v -1038.731689 -62.018280 -794.419922
v -1036.302856 -62.018822 -793.792480
v -1030.029175 -62.020309 -792.057861
v -1020.679565 -62.022560 -789.437744
v -1009.023071 -62.025375 -786.153320
v -995.828613 -62.028572 -782.426025
v -981.865112 -62.031960 -778.477295
v -967.901611 -62.035347 -774.528564
v -954.707153 -62.038544 -770.801270
v -943.050659 -62.041359 -767.516846
v -933.701050 -62.043610 -764.896729
v -927.427368 -62.045097 -763.162109
v -924.998657 -62.045624 -762.534668
v -922.906250 -62.029488 -762.203613
v -917.562622 -61.984886 -761.288330
v -909.617920 -61.917503 -759.905762
v -899.722534 -61.833038 -758.172607
v -888.526611 -61.737190 -756.205811
v -876.680420 -61.635643 -754.122070
v -864.834229 -61.534096 -752.038330
v -853.638306 -61.438248 -750.071533
v -843.742920 -61.353783 -748.338379
v -835.798218 -61.286400 -746.955811
v -830.454590 -61.241798 -746.040527
v -828.362427 -61.225677 -745.709473
v -825.979004 -61.208527 -745.380371
v -819.830688 -61.161118 -744.470459
v -810.670410 -61.089500 -743.095703
v -799.251221 -60.999725 -741.372559
v -786.326050 -60.897842 -739.416992
v -772.647949 -60.789909 -737.345215
v -758.969849 -60.681976 -735.273438
v -746.044678 -60.580093 -733.317871
v -734.625488 -60.490318 -731.594727
v -725.465210 -60.418701 -730.219971
v -719.316895 -60.371292 -729.310059
v -716.933716 -60.354156 -728.980957
v -715.287231 -60.323029 -728.735352
v -711.176392 -60.236969 -728.056152
v -705.094116 -60.106964 -727.030273
v -697.533203 -59.944000 -725.744141
v -688.986572 -59.759064 -724.284668
v -679.947021 -59.563141 -722.738525
v -670.907471 -59.367218 -721.192383
v -662.360840 -59.182281 -719.732910
v -654.799927 -59.019318 -718.446777
v -648.717651 -58.889313 -717.420898
v -644.606812 -58.803253 -716.741699
v -642.960327 -58.772125 -716.496094
v -641.335999 -58.771713 -716.235107
v -637.286377 -58.770576 -715.513428
v -631.296509 -58.768860 -714.423340
v -623.851440 -58.766701 -713.056885
v -615.436279 -58.764252 -711.506348
v -606.536072 -58.761658 -709.863525
v -597.635864 -58.759064 -708.220703
v -589.220703 -58.756615 -706.670166
v -581.775635 -58.754456 -705.303711
v -575.785767 -58.752739 -704.213623
v -571.736145 -58.751602 -703.491943
v -570.111816 -58.751190 -703.231445
v -567.921631 -58.749443 -702.693359
v -562.307556 -58.744606 -701.205566
v -553.954346 -58.737305 -698.958008
v -543.546814 -58.728149 -696.140625
v -531.769775 -58.717758 -692.943359
v -519.307922 -58.706749 -689.556152
v -506.846069 -58.695740 -686.168945
v -495.068970 -58.685349 -682.971680
v -484.661438 -58.676193 -680.154297
v -476.308228 -58.668892 -677.906738
v -470.694153 -58.664055 -676.418945
v -468.504028 -58.662323 -675.881348
v -467.059265 -58.660393 -675.404053
v -463.506165 -58.655060 -674.084717
v -458.266357 -58.647003 -672.091675
v -451.761536 -58.636902 -669.593384
v -444.413391 -58.625435 -666.758301
v -436.643555 -58.613289 -663.754761
v -428.873718 -58.601143 -660.751221
v -421.525574 -58.589676 -657.916138
v -415.020752 -58.579575 -655.417847
v -409.780945 -58.571518 -653.424805
v -406.227844 -58.566185 -652.105469
v -404.783203 -58.564240 -651.628662
v -403.278442 -58.562050 -651.026855
v -399.559448 -58.556007 -649.363037
v -394.069031 -58.546875 -646.849609
v -387.250061 -58.535423 -643.698975
v -379.545349 -58.522430 -640.123535
v -371.397766 -58.508667 -636.335693
v -363.250183 -58.494904 -632.547852
v -355.545471 -58.481911 -628.972412
v -348.726501 -58.470459 -625.821777
v -343.236084 -58.461327 -623.308350
v -339.517090 -58.455284 -621.644531
v -338.012268 -58.453094 -621.042480
v -336.264465 -58.423492 -620.175781
v -331.873474 -58.341652 -617.779663
v -325.367920 -58.218018 -614.159912
v -317.276428 -58.063042 -609.622437
v -308.127686 -57.887169 -604.473267
v -298.450317 -57.700844 -599.018188
v -288.772949 -57.514519 -593.563110
v -279.624207 -57.338646 -588.413940
v -271.532715 -57.183670 -583.876465
v -265.027161 -57.060036 -580.256714
v -260.636169 -56.978195 -577.860596
v -258.888245 -56.948578 -576.993652
v -257.432251 -56.941574 -576.119141
v -253.847961 -56.922211 -573.701294
v -248.561035 -56.892960 -570.048828
v -241.997131 -56.856293 -565.470337
v -234.581970 -56.814682 -560.274536
v -226.741150 -56.770599 -554.770020
v -218.900330 -56.726517 -549.265503
v -211.485168 -56.684906 -544.069702
v -204.921265 -56.648239 -539.491211
v -199.634338 -56.618988 -535.838745
v -196.050049 -56.599625 -533.420898
v -194.593994 -56.592621 -532.546387
v -192.862366 -56.588676 -531.257690
v -188.516083 -56.577766 -527.694702
v -182.078094 -56.561287 -522.312256
v -174.071320 -56.540634 -515.565308
v -165.018677 -56.517197 -507.908569
v -155.443115 -56.492363 -499.796997
v -145.867554 -56.467529 -491.685425
v -136.814911 -56.444092 -484.028687
v -128.808136 -56.423439 -477.281738
v -122.370148 -56.406960 -471.899292
v -118.023865 -56.396049 -468.336304
v -116.292297 -56.392120 -467.047607
v -115.415009 -56.390640 -466.432373
v -113.430756 -56.386551 -464.731567
v -110.560944 -56.380379 -462.162354
v -107.026947 -56.372643 -458.941772
v -103.050171 -56.363861 -455.286865
v -98.851990 -56.354553 -451.414917
v -94.653809 -56.345245 -447.542969
v -90.677032 -56.336464 -443.888062
v -87.143036 -56.328728 -440.667480
v -84.273224 -56.322556 -438.098267
v -82.288971 -56.318466 -436.397461
v -81.411713 -56.316986 -435.782227
v -80.373962 -56.312637 -435.034424
v -77.946045 -56.300621 -432.967163
v -74.406006 -56.282471 -429.844238
v -70.031860 -56.259720 -425.929565
v -65.101654 -56.233902 -421.487061
v -59.893402 -56.206551 -416.780640
v -54.685150 -56.179199 -412.074219
v -49.754944 -56.153381 -407.631714
v -45.380798 -56.130630 -403.717041
v -41.840759 -56.112480 -400.594116
v -39.412842 -56.100464 -398.526855
v -38.375000 -56.096100 -397.779297
v -36.812500 -56.094139 -396.726562
v -32.933868 -56.088722 -393.816162
v -27.202301 -56.080536 -389.419678
v -20.081024 -56.070274 -383.908569
v -12.033295 -56.058632 -377.654297
v -3.522339 -56.046295 -371.028564
v 4.988617 -56.033958 -364.402832
v 13.036346 -56.022316 -358.148560
v 20.157623 -56.012054 -352.637451
v 25.889191 -56.003868 -348.240967
v 29.767853 -55.998451 -345.330566
v 31.330322 -55.996490 -344.277832
v 32.851349 -55.993942 -343.494141
v 36.615326 -55.986893 -341.327515
v 42.173706 -55.976242 -338.054565
v 49.077850 -55.962891 -333.951904
v 56.879181 -55.947739 -329.296021
v 65.129120 -55.931686 -324.363525
v 73.379059 -55.915634 -319.431030
v 81.180389 -55.900482 -314.775146
v 88.084534 -55.887131 -310.672485
v 93.642899 -55.876480 -307.399536
v 97.406891 -55.869431 -305.232910
v 98.927902 -55.866852 -304.449341
v 99.566055 -55.881027 -304.185791
v 100.889160 -55.920212 -303.457275
v 102.760239 -55.979408 -302.356812
v 105.042297 -56.053612 -300.977295
v 107.598343 -56.137817 -299.411865
v 110.291382 -56.227028 -297.753418
v 112.984421 -56.316238 -296.094971
v 115.540466 -56.400444 -294.529541
v 117.822525 -56.474648 -293.150024
v 119.693604 -56.533844 -292.049561
v 121.016708 -56.573029 -291.321045
v 121.654846 -56.587189 -291.057739
v 123.235184 -56.628922 -290.068848
v 127.163177 -56.744293 -287.334961
v 132.969299 -56.918579 -283.205078
v 140.184021 -57.137047 -278.028076
v 148.337799 -57.384972 -272.153076
v 156.961105 -57.647621 -265.929077
v 165.584412 -57.910271 -259.705078
v 173.738190 -58.158195 -253.830078
v 180.952911 -58.376663 -248.653076
v 186.759033 -58.550949 -244.523193
v 197.528015 -58.917793 -236.547729
v 203.059387 -59.150482 -231.830078
v 209.929703 -59.442162 -225.916382
v 217.692642 -59.773170 -219.205322
v 225.901886 -60.123840 -212.095581
v 234.111145 -60.474510 -204.985840
v 241.874084 -60.805519 -198.274780
v 248.744400 -61.097198 -192.361084
v 254.275772 -61.329887 -187.643433
v 258.021881 -61.483925 -184.520386
v 265.831665 -61.799149 -177.473877
v 269.737427 -61.970238 -173.573242
v 274.136078 -62.164391 -169.146729
v 278.781189 -62.370079 -164.457153
v 283.426300 -62.575768 -159.767578
v 287.824951 -62.769920 -155.341064
v 291.730713 -62.941010 -151.440430
v 294.897095 -63.077492 -148.328735
v 300.477234 -63.348167 -142.900269
v 302.891937 -63.511955 -139.989746
v 305.855408 -63.717262 -136.341309
v 309.184784 -63.950249 -132.200928
v 312.697083 -64.197083 -127.814697
v 316.209381 -64.443916 -123.428467
v 319.538757 -64.676903 -119.288086
v 322.502258 -64.882210 -115.639648
v 324.916962 -65.045998 -112.729126
v 328.108673 -65.226707 -109.436890
v 329.714600 -65.318153 -107.588013
v 332.012939 -65.456299 -104.795044
v 334.830566 -65.629463 -101.294067
v 337.994354 -65.825981 -97.321045
v 341.331299 -66.034172 -93.111938
v 344.668213 -66.242363 -88.902832
v 347.832001 -66.438881 -84.929810
v 350.649628 -66.612045 -81.428833
v 352.947968 -66.750191 -78.635864
v 354.553894 -66.841637 -76.786987
v 355.294342 -66.874725 -76.118530
v 355.908020 -66.892548 -75.692017
v 357.163513 -66.941818 -74.512695
v 358.932404 -67.016243 -72.731201
v 361.086395 -67.109535 -70.498047
v 363.497070 -67.215408 -67.963867
v 366.036133 -67.327576 -65.279175
v 368.575195 -67.439743 -62.594482
v 370.985901 -67.545616 -60.060303
v 373.139862 -67.638908 -57.827148
v 374.908783 -67.713333 -56.045654
v 376.164246 -67.762604 -54.866333
v 376.777924 -67.780426 -54.439819
v 377.559326 -67.826614 -53.757935
v 379.278564 -67.954315 -51.872925
v 381.747986 -68.147224 -49.025269
v 384.780121 -68.389038 -45.455688
v 388.187347 -68.663452 -41.404785
v 391.782135 -68.954170 -37.113281
v 395.376953 -69.244888 -32.821777
v 398.784180 -69.519302 -28.770874
v 401.816284 -69.761116 -25.201294
v 404.285736 -69.954025 -22.353638
v 406.004944 -70.081726 -20.468628
v 406.786346 -70.127899 -19.786865
v 407.761841 -70.161797 -18.986572
v 410.017609 -70.255501 -16.774048
v 413.297607 -70.397057 -13.431641
v 417.345764 -70.574501 -9.241943
v 421.906067 -70.775871 -4.487305
v 426.722412 -70.989204 0.549805
v 431.538727 -71.202538 5.586914
v 436.098999 -71.403908 10.341553
v 440.147156 -71.581352 14.531250
v 443.427185 -71.722908 17.873657
v 445.682922 -71.816612 20.086182
v 446.658417 -71.850494 20.886230
v 447.640930 -71.875694 21.558716
v 449.916199 -71.945358 23.417847
v 453.225586 -72.050598 26.226318
v 457.310577 -72.182518 29.746704
v 461.912659 -72.332222 33.741821
v 466.773315 -72.490822 37.974243
v 471.633911 -72.649422 42.206665
v 476.236023 -72.799126 46.201782
v 480.321045 -72.931046 49.722168
v 483.630432 -73.036285 52.530640
v 485.905640 -73.105949 54.389771
v 486.888184 -73.131134 55.062012
v 487.885712 -73.129776 55.732056
v 490.202393 -73.126030 57.584473
v 493.574463 -73.120369 60.382812
v 497.737976 -73.113274 63.890625
v 502.429199 -73.105225 67.871338
v 507.384216 -73.096695 72.088501
v 512.339233 -73.088165 76.305664
v 517.030457 -73.080116 80.286377
v 521.193970 -73.073021 83.794189
v 524.566040 -73.067360 86.592529
v 526.882690 -73.063614 88.444946
v 527.880249 -73.062286 89.114868
v 528.904297 -73.061356 89.707153
v 531.294312 -73.058784 91.344604
v 534.777100 -73.054901 93.818237
v 539.079407 -73.050026 96.918945
v 543.928162 -73.044495 100.437744
v 549.050110 -73.038635 104.165649
v 554.171997 -73.032776 107.893555
v 559.020752 -73.027245 111.412354
v 563.323120 -73.022369 114.513062
v 566.805908 -73.018486 116.986694
v 569.195923 -73.015915 118.624146
v 570.219910 -73.014984 119.216675
v 572.461853 -73.010269 120.425049
v 578.218994 -72.997246 123.765869
v 586.788208 -72.977570 128.812744
v 597.466553 -72.952904 135.139038
v 609.550964 -72.924911 142.318359
v 622.338379 -72.895256 149.924194
v 635.125854 -72.865601 157.530029
v 647.210266 -72.837608 164.709351
v 657.888611 -72.812943 171.035645
v 666.457886 -72.793266 176.082520
v 672.214966 -72.780243 179.423340
v 674.456787 -72.775543 180.631958
v 676.229431 -72.769753 181.397949
v 680.689087 -72.753731 183.515625
v 687.298462 -72.729530 186.714600
v 695.519958 -72.699196 190.724609
v 704.816284 -72.664772 195.275269
v 714.650085 -72.628304 200.096313
v 724.483887 -72.591835 204.917358
v 733.780212 -72.557411 209.468018
v 742.001770 -72.527077 213.478027
v 748.611084 -72.502876 216.677002
v 753.070801 -72.486855 218.794678
v 757.043823 -72.452797 220.526123
v 762.685974 -72.374687 223.196167
v 771.081604 -72.256691 227.229614
v 781.542297 -72.108788 232.285645
v 793.379761 -71.940941 238.023315
v 805.905518 -71.763123 244.101929
v 818.431274 -71.585304 250.180542
v 830.268738 -71.417458 255.918213
v 840.729431 -71.269554 260.974243
v 849.125061 -71.151558 265.007690
v 854.767212 -71.073448 267.677734
v 856.967590 -71.045197 268.643433
v 860.398254 -71.040573 270.129639
v 869.441895 -71.027786 274.238647
v 882.975952 -71.008469 280.445923
v 899.877747 -70.984253 288.226807
v 919.024719 -70.956779 297.056763
v 939.294312 -70.927673 306.411255
v 959.563904 -70.898567 315.765747
v 978.710876 -70.871094 324.595703
v 995.612671 -70.846878 332.376587
v 1009.146729 -70.827560 338.583862
v 1018.190369 -70.814774 342.692871
v 1021.621094 -70.810150 344.179199
v 1025.415283 -70.777145 345.661011
v 1035.464111 -70.685898 349.757812
v 1050.516602 -70.548050 355.946533
v 1069.321655 -70.375259 363.704224
v 1090.628662 -70.179169 372.507935
v 1113.186523 -69.971428 381.834595
v 1135.744385 -69.763687 391.161255
v 1157.051270 -69.567596 399.964966
v 1175.856445 -69.394806 407.722656
v 1190.908813 -69.256958 413.911377
v 1200.957520 -69.165710 418.008118
v 1204.751709 -69.132721 419.489990
v 1208.112305 -69.096138 420.561768
v 1216.962402 -68.994995 423.524963
v 1230.203857 -68.842201 428.001343
v 1246.739014 -68.650673 433.612549
v 1265.469849 -68.433319 439.980347
v 1285.298584 -68.203056 446.726379
v 1305.127319 -67.972794 453.472412
v 1323.858154 -67.755440 459.840210
v 1340.393311 -67.563911 465.451416
v 1353.634766 -67.411118 469.927795
v 1362.484741 -67.309975 472.890991
v 1365.845459 -67.273407 473.962830
v 1365.845215 -67.273407 473.962830
v 1364.658081 -65.846466 510.286499
v 1361.750366 -65.944008 509.819092
v 1358.219971 -66.052223 509.300476
v 1353.731079 -66.187866 508.650391
v 1348.603271 -66.341805 507.912659
v 1343.156006 -66.504883 507.131104
v 1337.708740 -66.667961 506.349548
v 1332.580933 -66.821899 505.611816
v 1328.092041 -66.957542 504.961731
v 1324.561768 -67.065758 504.443115
v 1322.309082 -67.137390 504.099854
v 1321.654053 -67.163300 503.975769
v 1320.962280 -67.165855 503.664185
v 1318.608643 -67.172920 502.802795
v 1314.925537 -67.183586 501.501526
v 1310.245117 -67.196960 499.870361
v 1304.900146 -67.212135 498.019226
v 1299.222656 -67.228210 496.058167
v 1293.545166 -67.244286 494.097107
v 1288.200195 -67.259460 492.245972
v 1283.519775 -67.272835 490.614807
v 1279.836670 -67.283501 489.313538
v 1277.483032 -67.290565 488.452148
v 1276.791260 -67.293121 488.140503
v 1276.090576 -67.306252 487.837891
v 1273.712402 -67.342552 487.001343
v 1269.992065 -67.397385 485.737610
v 1265.265137 -67.466125 484.153442
v 1259.867188 -67.544128 482.355713
v 1254.133789 -67.626770 480.451172
v 1248.400269 -67.709412 478.546631
v 1243.002319 -67.787415 476.748901
v 1238.275391 -67.856155 475.164734
v 1234.555054 -67.910988 473.901001
v 1232.176758 -67.947289 473.064453
v 1231.476074 -67.960419 472.761841
v 1230.399170 -67.986534 472.305115
v 1226.980835 -68.058731 471.042358
v 1221.689209 -68.167793 469.134766
v 1214.992676 -68.304504 466.743591
v 1207.359497 -68.459648 464.029968
v 1199.258057 -68.624008 461.155151
v 1191.156494 -68.788368 458.280334
v 1183.523315 -68.943512 455.566711
v 1176.826782 -69.080223 453.175537
v 1171.535156 -69.189285 451.267944
v 1168.116699 -69.261482 450.005188
v 1165.330811 -69.312500 448.812744
v 1160.164551 -69.381439 446.778564
v 1152.232666 -69.485580 443.705688
v 1142.226318 -69.616127 439.853760
v 1130.837280 -69.764275 435.482422
v 1118.756836 -69.921227 430.851440
v 1106.676270 -70.078178 426.220459
v 1095.287109 -70.226326 421.849121
v 1085.281006 -70.356873 417.997192
v 1077.348999 -70.461014 414.924316
v 1072.182861 -70.529953 412.890137
v 1070.473755 -70.554901 412.154297
v 1069.004639 -70.558266 411.497559
v 1064.502075 -70.567574 409.681824
v 1057.572510 -70.581635 406.938904
v 1048.822754 -70.599266 403.500610
v 1038.859619 -70.619270 399.598694
v 1028.289795 -70.640465 395.464966
v 1017.719910 -70.661659 391.331238
v 1007.756775 -70.681664 387.429321
v 999.007080 -70.699295 383.991028
v 992.077515 -70.713356 381.248108
v 987.574829 -70.722664 379.432373
v 986.105835 -70.726044 378.775635
v 984.731201 -70.728096 378.135010
v 980.489502 -70.733757 376.363770
v 973.954224 -70.742317 373.688110
v 965.698730 -70.753044 370.334106
v 956.296387 -70.765213 366.527893
v 946.320679 -70.778107 362.495544
v 936.344971 -70.791000 358.463196
v 926.942627 -70.803169 354.656982
v 918.687134 -70.813896 351.302979
v 912.151855 -70.822456 348.627319
v 907.910156 -70.828117 346.856079
v 906.535400 -70.830170 346.215332
v 904.642090 -70.859848 345.343018
v 898.966492 -70.941895 342.931396
v 890.265076 -71.065834 339.288208
v 879.294312 -71.221199 334.721436
v 866.810608 -71.397507 329.538940
v 853.570496 -71.584290 324.048584
v 840.330383 -71.771072 318.558228
v 827.846680 -71.947380 313.375732
v 816.875916 -72.102745 308.808960
v 808.174561 -72.226685 305.165771
v 802.498962 -72.308731 302.754150
v 800.605713 -72.338409 301.881592
v 799.460693 -72.337997 301.334961
v 795.853882 -72.336868 299.823608
v 790.277649 -72.335159 297.540405
v 783.224365 -72.333023 294.678467
v 775.186279 -72.330597 291.430542
v 766.655884 -72.328026 287.989746
v 758.125488 -72.325455 284.548950
v 750.087524 -72.323029 281.301025
v 743.034180 -72.320892 278.439087
v 737.457947 -72.319183 276.155884
v 733.851135 -72.318054 274.644531
v 732.706177 -72.317657 274.097778
v 731.552673 -72.318680 273.568848
v 727.922363 -72.321495 272.106445
v 722.310669 -72.325752 269.897339
v 715.212830 -72.331093 267.128174
v 707.124268 -72.337151 263.985718
v 698.540405 -72.343567 260.656494
v 689.956543 -72.349983 257.327271
v 681.868042 -72.356041 254.184814
v 674.770264 -72.361382 251.415649
v 669.158508 -72.365639 249.206543
v 665.528198 -72.368454 247.744141
v 664.374695 -72.369476 247.215332
v 663.376831 -72.369934 246.727295
v 660.177002 -72.371208 245.378052
v 655.215515 -72.373131 243.339844
v 648.932861 -72.375542 240.784790
v 641.769287 -72.378281 237.885254
v 634.165405 -72.381180 234.813477
v 626.561523 -72.384079 231.741699
v 619.397949 -72.386818 228.842163
v 613.115295 -72.389229 226.287109
v 608.153809 -72.391151 224.248901
v 604.953979 -72.392426 222.899658
v 603.956177 -72.392914 222.411743
v 603.279785 -72.372337 222.102051
v 600.968506 -72.315445 221.245728
v 597.349304 -72.229500 219.952148
v 592.749207 -72.121765 218.330688
v 587.495178 -71.999504 216.490601
v 581.914185 -71.869980 214.541260
v 576.333191 -71.740456 212.591919
v 571.079163 -71.618195 210.751831
v 566.479065 -71.510460 209.130371
v 562.859863 -71.424515 207.836792
v 558.120850 -71.332596 206.169800
v 555.873291 -71.316597 205.613892
v 552.992493 -71.296539 204.916992
v 549.689575 -71.273781 204.126099
v 546.175659 -71.249672 203.288208
v 542.661682 -71.225563 202.450317
v 539.358765 -71.202805 201.659424
v 536.478027 -71.182747 200.962524
v 534.230408 -71.166748 200.406616
v 530.064819 -71.128777 199.661011
v 527.081848 -71.102669 199.389771
v 523.279236 -71.069939 199.049805
v 518.930176 -71.032791 198.664062
v 514.307983 -70.993439 198.255371
v 509.685730 -70.954086 197.846680
v 505.336670 -70.916939 197.460938
v 501.534058 -70.884209 197.120972
v 498.551086 -70.858101 196.849731
v 493.675354 -70.716309 196.680176
v 490.639923 -70.585121 196.763062
v 486.771606 -70.420677 196.866943
v 482.347961 -70.234055 196.984741
v 477.646729 -70.036346 197.109619
v 472.945496 -69.838638 197.234497
v 468.521851 -69.652016 197.352295
v 464.653534 -69.487572 197.456177
v 461.618103 -69.356384 197.539062
v 457.513123 -69.261978 198.095093
v 455.385193 -69.288437 198.629150
v 452.654358 -69.321609 199.298706
v 449.521606 -69.359253 200.058472
v 446.187927 -69.399132 200.863403
v 442.854248 -69.439011 201.668335
v 439.721497 -69.476654 202.428101
v 436.990662 -69.509827 203.097656
v 434.862732 -69.536285 203.631714
v 431.288361 -69.439049 205.016113
v 428.841644 -69.304695 206.017700
v 425.711243 -69.136284 207.273193
v 422.125061 -68.945160 208.697998
v 418.310974 -68.742683 210.207397
v 414.496918 -68.540207 211.716797
v 410.910736 -68.349083 213.141602
v 407.780334 -68.180672 214.397095
v 401.742462 -67.907372 217.437622
v 399.595886 -67.887596 218.697754
v 396.841675 -67.862808 220.277344
v 393.682434 -67.834679 222.069946
v 390.320679 -67.804878 223.968994
v 386.958923 -67.775078 225.868042
v 383.799683 -67.746948 227.660645
v 381.045471 -67.722160 229.240234
v 378.898895 -67.702385 230.500366
v 376.265930 -67.668808 232.660278
v 374.882202 -67.651291 233.796143
v 373.084259 -67.629333 235.220093
v 371.010223 -67.604408 236.835938
v 368.798096 -67.578003 238.547852
v 366.585999 -67.551598 240.259766
v 364.511963 -67.526672 241.875610
v 362.714050 -67.504715 243.299561
v 358.533661 -67.465111 247.607666
v 357.086761 -67.460960 249.024048
v 355.411041 -67.456253 250.631348
v 353.620911 -67.451263 252.334106
v 351.830811 -67.446274 254.036865
v 350.155090 -67.441566 255.644165
v 348.708191 -67.437416 257.060547
v 345.396667 -67.437447 261.512939
v 343.441711 -67.444466 264.068726
v 340.927734 -67.453270 267.272461
v 338.041138 -67.463257 270.908081
v 334.968170 -67.473839 274.759644
v 331.895203 -67.484421 278.611206
v 329.008606 -67.494408 282.246826
v 326.494629 -67.503212 285.450562
v 324.539673 -67.510231 288.006348
v 322.151428 -67.528282 292.756348
v 320.847534 -67.541267 295.470215
v 319.149719 -67.557549 298.872070
v 317.189240 -67.576019 302.732666
v 315.097473 -67.595589 306.822632
v 313.005707 -67.615158 310.912598
v 311.045227 -67.633629 314.773193
v 309.347412 -67.649910 318.175049
v 308.043518 -67.662895 320.888916
v 306.736572 -67.781090 325.635254
v 305.981201 -67.899239 328.187134
v 304.970917 -68.047340 331.385986
v 303.790741 -68.215408 335.016113
v 302.525574 -68.393463 338.861816
v 301.260437 -68.571518 342.707520
v 300.080261 -68.739586 346.337646
v 299.069977 -68.887688 349.536499
v 298.314606 -69.005836 352.088318
v 297.970428 -69.122253 355.151611
v 297.700836 -69.149681 357.261230
v 297.165924 -69.191116 360.448059
v 296.432007 -69.243057 364.442871
v 295.565460 -69.302002 368.976257
v 294.632568 -69.364449 373.778992
v 293.699677 -69.426895 378.581726
v 292.833099 -69.485840 383.115112
v 292.099213 -69.537781 387.109924
v 291.564301 -69.579216 390.296753
v 290.988373 -69.740936 401.606018
v 290.501038 -69.822937 407.167908
v 289.914307 -69.916000 413.479736
v 289.277893 -70.014587 420.166504
v 288.641449 -70.113174 426.853271
v 288.054688 -70.206238 433.165100
v 287.567383 -70.288239 438.726990
v 287.229187 -70.353661 443.164001
v 287.235840 -70.511436 452.082947
v 286.972046 -70.621056 457.540405
v 286.577972 -70.758461 464.381409
v 286.097107 -70.914391 472.144836
v 285.572784 -71.079590 480.369446
v 285.048462 -71.244789 488.594055
v 284.567566 -71.400719 496.357483
v 284.173523 -71.538124 503.198486
v 283.909729 -71.647743 508.655945
v 284.497192 -71.850037 518.347473
v 284.803314 -71.964836 523.641541
v 285.123657 -72.108734 530.277710
v 285.453491 -72.272041 537.808655
v 285.788055 -72.445045 545.786987
v 286.122620 -72.618050 553.765320
v 286.452454 -72.781357 561.296265
v 286.772797 -72.925255 567.932434
v 287.078918 -73.040054 573.226501
v 288.671906 -73.212837 582.856689
v 289.523621 -73.289734 588.246155
v 290.527863 -73.386131 595.001953
v 291.633820 -73.495522 602.668640
v 292.790619 -73.611412 610.790771
v 293.947418 -73.727303 618.912903
v 295.053375 -73.836693 626.579590
v 296.057617 -73.933090 633.335388
v 296.909332 -74.009987 638.724854
v 298.420319 -74.093979 644.844788
v 299.274628 -74.134514 648.333313
v 300.437561 -74.195747 653.603210
v 301.831909 -74.272507 660.209106
v 303.380554 -74.359619 667.705688
v 305.006348 -74.451904 675.647583
v 306.632172 -74.544189 683.589478
v 308.180817 -74.631302 691.086060
v 309.575165 -74.708061 697.691956
v 310.738098 -74.769295 702.961853
v 312.673248 -74.837479 709.419128
v 313.924805 -74.873383 714.138550
v 315.687744 -74.927620 721.267883
v 317.834259 -74.995613 730.204651
v 320.236481 -75.072769 740.346313
v 322.766571 -75.154510 751.090454
v 325.296661 -75.236252 761.834595
v 327.698883 -75.313408 771.976257
v 329.845398 -75.381401 780.913025
v 331.608337 -75.435638 788.042358
v 332.859894 -75.471542 792.761780
v 333.472137 -75.484528 794.468750
v 334.149536 -75.511024 796.015076
v 335.581238 -75.584282 800.290283
v 337.616302 -75.694954 806.748535
v 340.103943 -75.833679 814.844116
v 342.893280 -75.991112 824.031189
v 345.833466 -76.157898 833.764038
v 348.773651 -76.324684 843.496887
v 351.562988 -76.482117 852.683960
v 354.050629 -76.620842 860.779480
v 356.085693 -76.731514 867.237732
v 357.517395 -76.804771 871.512939
v 358.194794 -76.831268 873.059265
v 358.856293 -76.849281 874.542908
v 360.243988 -76.899071 878.644714
v 362.212616 -76.974289 884.841064
v 364.616943 -77.068581 892.608337
v 367.311768 -77.175583 901.422852
v 370.151794 -77.288940 910.761047
v 372.991852 -77.402298 920.099243
v 375.686646 -77.509300 928.913818
v 378.091003 -77.603592 936.681030
v 380.059631 -77.678810 942.877441
v 381.447296 -77.728600 946.979248
v 382.108795 -77.746613 948.462891
v 382.755920 -77.743698 949.928101
v 384.103821 -77.735649 953.978882
v 386.012360 -77.723488 960.098206
v 388.341370 -77.708244 967.768921
v 390.950684 -77.690941 976.473816
v 393.700195 -77.672607 985.695862
v 396.449677 -77.654274 994.917908
v 399.059021 -77.636971 1003.622803
v 401.388000 -77.621727 1011.293518
v 403.296570 -77.609566 1017.412842
v 404.644470 -77.601517 1021.463623
v 405.291565 -77.598602 1022.928833
v 405.802368 -77.570457 1023.894104
v 406.773468 -77.492653 1026.562866
v 408.112762 -77.375122 1030.594238
v 409.728241 -77.227791 1035.647827
v 411.527802 -77.060600 1041.382690
v 413.419434 -76.883476 1047.458252
v 415.311035 -76.706352 1053.533936
v 417.110626 -76.539162 1059.268799
v 418.726074 -76.391830 1064.322266
v 420.065369 -76.274300 1068.353760
v 421.036469 -76.196495 1071.022461
v 421.547302 -76.168365 1071.987793
v 422.245758 -76.164581 1073.511230
v 423.735626 -76.154114 1077.723022
v 425.858643 -76.138306 1084.085571
v 428.456482 -76.118492 1092.061035
v 431.370880 -76.096001 1101.112061
v 434.443542 -76.072174 1110.700562
v 437.516235 -76.048347 1120.289185
v 440.430634 -76.025856 1129.340088
v 443.028473 -76.006042 1137.315674
v 445.151489 -75.990234 1143.678223
v 446.641357 -75.979767 1147.890015
v 447.339813 -75.975983 1149.413452
v 448.045837 -75.967926 1150.770264
v 449.556641 -75.945648 1154.521484
v 451.711273 -75.911995 1160.188232
v 454.348755 -75.869804 1167.291748
v 457.308136 -75.821930 1175.352905
v 460.428467 -75.771210 1183.892944
v 463.548798 -75.720490 1192.432983
v 466.508179 -75.672615 1200.494141
v 469.145660 -75.630424 1207.597534
v 471.300293 -75.596771 1213.264282
v 472.811096 -75.574493 1217.015503
v 473.517120 -75.566437 1218.372437
v 474.612640 -75.512222 1220.643311
v 477.200256 -75.362335 1226.921753
v 480.981567 -75.135918 1236.406128
v 485.658142 -74.852097 1248.295044
v 490.931580 -74.530006 1261.786987
v 496.503418 -74.188782 1276.080322
v 502.075256 -73.847557 1290.373779
v 507.348694 -73.525467 1303.865723
v 512.025269 -73.241646 1315.754639
v 515.806580 -73.015228 1325.239014
v 518.394165 -72.865341 1331.517456
v 520.159485 -72.782997 1334.942627
v 521.569946 -72.705231 1338.133789
v 523.572998 -72.587753 1342.954346
v 526.020447 -72.440491 1348.997192
v 528.764160 -72.273369 1355.854736
v 531.656067 -72.096321 1363.119751
v 534.547974 -71.919273 1370.384766
v 537.291748 -71.752151 1377.242310
v 539.739197 -71.604889 1383.285156
v 541.742188 -71.487411 1388.105835
v 543.152710 -71.409645 1391.296875
v 543.822388 -71.381500 1392.451172
v 544.295715 -71.365936 1393.119507
v 545.163086 -71.322906 1394.967163
v 546.345764 -71.257896 1397.758423
v 547.764893 -71.176407 1401.257324
v 549.341675 -71.083931 1405.227905
v 550.997192 -70.985962 1409.434448
v 552.652832 -70.887993 1413.640991
v 554.229553 -70.795517 1417.611572
v 555.648682 -70.714027 1421.110474
v 556.831360 -70.649017 1423.901733
v 557.698730 -70.605988 1425.749390
v 558.172058 -70.590424 1426.417725
v 522.614075 -70.597015 1424.596802
v 522.200806 -70.631912 1423.182495
v 520.617004 -70.728401 1419.272217
v 518.096802 -70.874161 1413.365234
v 514.874329 -71.056870 1405.960693
v 511.183655 -71.264214 1397.557861
v 507.258850 -71.483879 1388.655762
v 503.334045 -71.703545 1379.753662
v 499.643372 -71.910889 1371.350830
v 496.420898 -72.093597 1363.946289
v 493.900696 -72.239357 1358.039307
v 492.316895 -72.335846 1354.129028
v 491.903687 -72.370758 1352.714722
v 491.519043 -72.404266 1351.331787
v 490.014526 -72.496895 1347.508545
v 487.614014 -72.636826 1341.732910
v 484.541565 -72.812233 1334.493164
v 481.021149 -73.011292 1326.277222
v 477.276733 -73.222176 1317.573120
v 473.532349 -73.433060 1308.869019
v 470.011932 -73.632118 1300.653076
v 466.939484 -73.807526 1293.413330
v 464.539001 -73.947456 1287.637695
v 463.034454 -74.040085 1283.814453
v 462.649841 -74.073578 1282.431519
v 462.464417 -74.102676 1281.392456
v 461.510559 -74.183128 1278.519775
v 459.942017 -74.304665 1274.180176
v 457.912415 -74.457008 1268.740356
v 455.575439 -74.629890 1262.567017
v 453.084808 -74.813049 1256.027100
v 450.594177 -74.996208 1249.487061
v 448.257202 -75.169090 1243.313721
v 446.227600 -75.321434 1237.873901
v 444.659058 -75.442970 1233.534302
v 443.705200 -75.523422 1230.661621
v 443.519745 -75.552521 1229.622559
v 443.146606 -75.560310 1228.125122
v 441.673767 -75.581848 1223.985107
v 439.321198 -75.614388 1217.731079
v 436.308838 -75.655174 1209.891602
v 432.856567 -75.701462 1200.994995
v 429.184387 -75.750496 1191.569946
v 425.512207 -75.799530 1182.144897
v 422.059967 -75.845818 1173.248291
v 419.047607 -75.886604 1165.408813
v 416.695007 -75.919144 1159.154785
v 415.222198 -75.940681 1155.014771
v 414.849030 -75.948456 1153.517334
v 414.538757 -75.951996 1152.136841
v 413.239807 -75.961777 1148.320068
v 411.149872 -75.976547 1142.554321
v 408.466736 -75.995064 1135.326782
v 405.388092 -76.016075 1127.124878
v 402.111694 -76.038338 1118.435547
v 398.835327 -76.060600 1109.746338
v 395.756714 -76.081612 1101.544434
v 393.073547 -76.100128 1094.316895
v 390.983612 -76.114899 1088.551270
v 389.684662 -76.124680 1084.734375
v 389.374390 -76.128204 1083.353882
v 389.022552 -76.132675 1081.853760
v 387.608643 -76.145035 1077.706543
v 385.345062 -76.163704 1071.441650
v 382.444244 -76.187103 1063.588501
v 379.118591 -76.213661 1054.676392
v 375.580536 -76.241798 1045.234863
v 372.042480 -76.269936 1035.793335
v 368.716827 -76.296494 1026.881226
v 365.816010 -76.319893 1019.028076
v 363.552429 -76.338562 1012.763123
v 362.138519 -76.350922 1008.615906
v 361.786682 -76.355377 1007.115845
v 361.977661 -76.355377 1007.115845
v 362.064453 -76.355377 1007.115845
v 362.067932 -76.355377 1007.115845
v 362.008911 -76.355377 1007.115845
v 361.908203 -76.355377 1007.115845
v 361.786682 -76.355377 1007.115845
v 361.665161 -76.355377 1007.115845
v 361.564453 -76.355377 1007.115845
v 361.505432 -76.355377 1007.115845
v 361.508911 -76.355377 1007.115845
v 361.595703 -76.355377 1007.115845
v 361.786682 -76.355377 1007.115845
v 361.512238 -76.360420 1005.671875
v 360.312286 -76.374374 1001.679565
v 358.371918 -76.395447 995.648804
v 355.876282 -76.421867 988.088989
v 353.010437 -76.451851 979.509888
v 349.959473 -76.483612 970.421204
v 346.908508 -76.515373 961.332520
v 344.042664 -76.545357 952.753418
v 341.546997 -76.571777 945.193604
v 339.606659 -76.592850 939.162842
v 338.406708 -76.606804 935.170532
v 338.132263 -76.611847 933.726624
v 337.815796 -76.611847 932.167603
v 336.499695 -76.611847 927.857239
v 334.383850 -76.611847 921.345886
v 331.668243 -76.611847 913.183777
v 328.552765 -76.611847 903.921143
v 325.237366 -76.611847 894.108276
v 321.921967 -76.611847 884.295410
v 318.806488 -76.611847 875.032837
v 316.090881 -76.611847 866.870728
v 313.975037 -76.611847 860.359375
v 312.658936 -76.611847 856.049072
v 312.342468 -76.611847 854.489990
v 311.925781 -76.586678 852.698547
v 310.332642 -76.517090 847.745728
v 307.798279 -76.411964 840.263794
v 304.558044 -76.280190 830.885010
v 300.847198 -76.130646 820.241638
v 296.901062 -75.972221 808.966003
v 292.954926 -75.813797 797.690369
v 289.244080 -75.664253 787.046997
v 286.003845 -75.532478 777.668213
v 283.469482 -75.427353 770.186279
v 281.876343 -75.357765 765.233459
v 281.459656 -75.332611 763.441895
v 281.110077 -75.312958 761.781189
v 279.702454 -75.258629 757.189880
v 277.448364 -75.176559 750.254028
v 274.559448 -75.073685 741.559814
v 271.247284 -74.956940 731.693359
v 267.723541 -74.833260 721.240784
v 264.199768 -74.709579 710.788208
v 260.887634 -74.592834 700.921753
v 257.998688 -74.489960 692.227539
v 255.744614 -74.407890 685.291687
v 254.336975 -74.353561 680.700378
v 253.987396 -74.333954 679.039551
v 253.670807 -74.292831 677.467651
v 252.354324 -74.179138 673.121765
v 250.237961 -74.007393 666.556702
v 247.521667 -73.792107 658.327271
v 244.405426 -73.547791 648.988220
v 241.089203 -73.288963 639.094360
v 237.772980 -73.030136 629.200500
v 234.656738 -72.785820 619.861450
v 231.940445 -72.570534 611.631958
v 229.824066 -72.398788 605.066895
v 228.507599 -72.285095 600.721008
v 228.191010 -72.243988 599.149048
v 227.693954 -72.197792 597.256470
v 225.878571 -72.070076 592.024109
v 223.008514 -71.877144 584.119934
v 219.347443 -71.635292 574.211853
v 215.159058 -71.360832 562.967834
v 210.707001 -71.070068 551.055847
v 206.254944 -70.779305 539.143860
v 202.066559 -70.504845 527.899841
v 198.405518 -70.262993 517.991760
v 195.535461 -70.070061 510.087585
v 193.720062 -69.942345 504.855225
v 193.223022 -69.896149 502.962769
v 192.709137 -69.863022 501.293884
v 190.847214 -69.771439 496.679810
v 187.906860 -69.633095 489.709656
v 184.157684 -69.459679 480.972412
v 179.869293 -69.262878 471.057129
v 175.311295 -69.054382 460.552795
v 170.753296 -68.845886 450.048462
v 166.464905 -68.649086 440.133179
v 162.715729 -68.475670 431.395935
v 159.775375 -68.337326 424.425781
v 157.913452 -68.245743 419.811707
v 157.399567 -68.212616 418.142761
v 156.776779 -68.201965 416.525269
v 154.613770 -68.172516 412.053467
v 151.218597 -68.128029 405.298157
v 146.899292 -68.072258 396.830261
v 141.963898 -68.008972 387.220642
v 136.720459 -67.941925 377.040100
v 131.477020 -67.874878 366.859558
v 126.541626 -67.811592 357.249939
v 122.222321 -67.755821 348.781982
v 118.827148 -67.711334 342.026733
v 116.664154 -67.681885 337.554932
v 116.041382 -67.671234 335.937500
v 115.739151 -67.674301 334.996826
v 114.462387 -67.682777 332.396240
v 112.406006 -67.695587 328.467773
v 109.764908 -67.711647 323.543335
v 106.734009 -67.729866 317.954956
v 103.508194 -67.749168 312.034668
v 100.282379 -67.768471 306.114380
v 97.251480 -67.786690 300.526001
v 94.610382 -67.802750 295.601562
v 92.554001 -67.815559 291.673096
v 91.277237 -67.824036 289.072510
v 90.975021 -67.827118 288.132080
v 90.542770 -67.838097 287.100220
v 88.906555 -67.868439 284.247314
v 86.307175 -67.914276 279.937622
v 82.985413 -67.971733 274.535400
v 79.182068 -68.036942 268.404785
v 75.137924 -68.106018 261.909912
v 71.093781 -68.175095 255.415039
v 67.290436 -68.240303 249.284424
v 63.968674 -68.297760 243.882202
v 61.369293 -68.343597 239.572510
v 59.733078 -68.373940 236.719604
v 59.300842 -68.384918 235.687500
v 58.891510 -68.385201 234.829712
v 57.318634 -68.385986 232.458252
v 54.814926 -68.387169 228.875732
v 51.613098 -68.388649 224.385010
v 47.945862 -68.390335 219.288818
v 44.045898 -68.392120 213.889893
v 40.145935 -68.393906 208.490967
v 36.478699 -68.395592 203.394775
v 33.276855 -68.397072 198.904053
v 30.773132 -68.398254 195.321533
v 29.200256 -68.399040 192.950073
v 28.790894 -68.399323 192.092285
v 28.230530 -68.424805 191.327515
v 26.240143 -68.495262 189.213013
v 23.105743 -68.601692 186.018799
v 19.113312 -68.735107 182.014771
v 14.548859 -68.886513 177.470825
v 9.698395 -69.046913 172.656982
v 4.847931 -69.207314 167.843140
v 0.283478 -69.358719 163.299194
v -3.708954 -69.492134 159.295166
v -6.843353 -69.598564 156.100952
v -8.833740 -69.669022 153.986450
v -9.394073 -69.694489 153.221313
v -10.025238 -69.698357 152.502686
v -12.211426 -69.709045 150.515991
v -15.641632 -69.725189 147.514771
v -20.004852 -69.745430 143.752686
v -24.990082 -69.768394 139.483398
v -30.286316 -69.792725 134.960449
v -35.582550 -69.817055 130.437500
v -40.567780 -69.840019 126.168213
v -44.931000 -69.860260 122.406128
v -48.361206 -69.876404 119.404907
v -50.547394 -69.887093 117.418213
v -51.178589 -69.890961 116.699707
v -52.210114 -69.915154 115.895020
v -55.503174 -69.982048 113.670288
v -60.605469 -70.083099 110.309570
v -67.064697 -70.209770 106.096924
v -74.428528 -70.353523 101.316284
v -82.244690 -70.505814 96.251587
v -90.060852 -70.658104 91.186890
v -97.424683 -70.801857 86.406250
v -103.883911 -70.928528 82.193604
v -108.986206 -71.029579 78.832886
v -112.279266 -71.096474 76.608154
v -113.310852 -71.120697 75.803467
v -114.531189 -71.162071 75.025024
v -118.346252 -71.276466 72.872803
v -124.237091 -71.449280 69.621582
v -131.684784 -71.665901 65.546143
v -140.170349 -71.911736 60.921143
v -149.174866 -72.172173 56.021484
v -158.179382 -72.432610 51.121826
v -166.664948 -72.678444 46.496826
v -174.112640 -72.895065 42.421387
v -180.003479 -73.067879 39.170166
v -183.818542 -73.182274 37.017944
v -185.038971 -73.223663 36.239502
v -186.072083 -73.283936 35.730591
v -189.369507 -73.450577 34.323486
v -194.478394 -73.702309 32.197876
v -200.945862 -74.017860 29.533325
v -208.319092 -74.375961 26.509521
v -216.145142 -74.755333 23.306152
v -223.971191 -75.134705 20.102783
v -231.344421 -75.492805 17.078979
v -237.811890 -75.808357 14.414429
v -242.920776 -76.060089 12.288818
v -246.218201 -76.226730 10.881714
v -247.251343 -76.287018 10.372803
v -248.276428 -76.308937 9.949341
v -251.551697 -76.369537 8.778687
v -256.627136 -76.461090 7.010254
v -263.052673 -76.575851 4.793457
v -270.378296 -76.706085 2.277832
v -278.153931 -76.844055 -0.387329
v -285.929565 -76.982025 -3.052490
v -293.255188 -77.112259 -5.568115
v -299.680725 -77.227020 -7.784912
v -304.756165 -77.318573 -9.553345
v -308.031433 -77.379173 -10.723999
v -309.056641 -77.401093 -11.147461
v -310.661133 -77.412743 -11.639893
v -315.538208 -77.444946 -13.001343
v -323.033386 -77.493599 -15.058105
v -332.492188 -77.554588 -17.636230
v -343.260010 -77.623795 -20.562012
v -354.682373 -77.697113 -23.661621
v -366.104736 -77.770432 -26.761230
v -376.872559 -77.839638 -29.687012
v -386.331360 -77.900627 -32.265137
v -393.826538 -77.949280 -34.321899
v -398.703613 -77.981483 -35.683350
v -400.308105 -77.993134 -36.175659
v -401.818542 -77.994438 -36.467896
v -406.435669 -77.998047 -37.275635
v -413.538086 -78.003494 -38.495850
v -422.504517 -78.010323 -40.025513
v -432.713623 -78.018074 -41.761353
v -443.544067 -78.026283 -43.600342
v -454.374512 -78.034492 -45.439331
v -464.583618 -78.042244 -47.175171
v -473.550049 -78.049072 -48.704834
v -480.652466 -78.054520 -49.925049
v -485.269592 -78.058128 -50.732788
v -486.780090 -78.059418 -51.025146
v -489.245361 -78.080917 -51.383545
v -496.502319 -78.140366 -52.374390
v -507.592590 -78.230164 -53.871216
v -521.557861 -78.342728 -55.747559
v -537.439758 -78.470474 -57.876831
v -554.280029 -78.605804 -60.132568
v -571.120300 -78.741135 -62.388306
v -587.002197 -78.868881 -64.517578
v -600.967468 -78.981445 -66.393921
v -612.057739 -79.071243 -67.890747
v -619.314697 -79.130692 -68.881592
v -621.779785 -79.152191 -69.239868
v -623.272156 -79.162834 -69.435425
v -627.839294 -79.192261 -69.975952
v -634.866272 -79.236717 -70.792480
v -643.738098 -79.292442 -71.816040
v -653.839844 -79.355682 -72.977539
v -664.556519 -79.422676 -74.208130
v -675.273193 -79.489670 -75.438721
v -685.374939 -79.552910 -76.600220
v -694.246765 -79.608635 -77.623779
v -701.273743 -79.653091 -78.440308
v -705.840881 -79.682518 -78.980835
v -707.333069 -79.693146 -79.176270
v -709.771545 -79.723885 -79.539307
v -716.954346 -79.808868 -80.543091
v -727.932617 -79.937248 -82.059448
v -741.757568 -80.098175 -83.960205
v -757.480225 -80.280800 -86.117310
v -774.151733 -80.474274 -88.402466
v -790.823242 -80.667747 -90.687622
v -806.545898 -80.850372 -92.844727
v -820.370850 -81.011299 -94.745483
v -831.349121 -81.139679 -96.261841
v -838.531982 -81.224663 -97.265625
v -840.970581 -81.255402 -97.628784
v -843.742676 -81.287361 -97.955933
v -851.847778 -81.375710 -98.860474
v -864.219238 -81.509178 -100.226929
v -879.790527 -81.676483 -101.939819
v -897.494995 -81.866341 -103.883667
v -916.265991 -82.067482 -105.942993
v -935.036987 -82.268623 -108.002319
v -952.741455 -82.458481 -109.946167
v -968.312744 -82.625786 -111.659058
v -980.684204 -82.759254 -113.025513
v -988.789307 -82.847603 -113.930054
v -991.561157 -82.879547 -114.257324
v -993.217163 -82.913162 -114.599976
v -998.236816 -83.006088 -115.547363
v -1005.947388 -83.146469 -116.978638
v -1015.676025 -83.322441 -118.772705
v -1026.750122 -83.522141 -120.808716
v -1038.496948 -83.733704 -122.965698
v -1050.243774 -83.945267 -125.122681
v -1061.317871 -84.144966 -127.158691
v -1071.046509 -84.320938 -128.952759
v -1078.757080 -84.461319 -130.384033
v -1083.776733 -84.554245 -131.331421
v -1085.432983 -84.587860 -131.674072
v -1087.010254 -84.629837 -132.065308
v -1091.812256 -84.745903 -133.146973
v -1099.193970 -84.921234 -134.780884
v -1108.510376 -85.141014 -136.828979
v -1119.116699 -85.390427 -139.153320
v -1130.367920 -85.654655 -141.615723
v -1141.619141 -85.918884 -144.078125
v -1152.225464 -86.168297 -146.402466
v -1161.541870 -86.388077 -148.450562
v -1168.923584 -86.563408 -150.084473
v -1173.725586 -86.679474 -151.166138
v -1175.302856 -86.721466 -151.557251
v -1176.333740 -86.742882 -151.872803
v -1179.625122 -86.802094 -152.745117
v -1184.724854 -86.891541 -154.062866
v -1191.180786 -87.003670 -155.714722
v -1198.540894 -87.130913 -157.589355
v -1206.353149 -87.265717 -159.575317
v -1214.165405 -87.400520 -161.561279
v -1221.525635 -87.527763 -163.435913
v -1227.981567 -87.639893 -165.087769
v -1233.081299 -87.729340 -166.405518
v -1236.372681 -87.788551 -167.277832
v -1237.403687 -87.809967 -167.593628
v -1238.774780 -87.841141 -168.086792
v -1243.006592 -87.927322 -169.450317
v -1249.526978 -88.057510 -171.510254
v -1257.763794 -88.220703 -174.092407
v -1267.144775 -88.405907 -177.022705
v -1277.097900 -88.602112 -180.127075
v -1287.051025 -88.798317 -183.231445
v -1296.432007 -88.983521 -186.161743
v -1304.668823 -89.146713 -188.743896
v -1311.189209 -89.276901 -190.803833
v -1315.421021 -89.363083 -192.167358
v -1316.791992 -89.394257 -192.660400
v -1316.530518 -89.395828 -193.375488
v -1316.248779 -89.400169 -195.352417
v -1315.950806 -89.406723 -198.338867
v -1315.640747 -89.414940 -202.082520
v -1315.322632 -89.424271 -206.330811
v -1315.000366 -89.434151 -210.831543
v -1314.678101 -89.444031 -215.332275
v -1314.359985 -89.453362 -219.580566
v -1314.049927 -89.461578 -223.324219
v -1313.751953 -89.468132 -226.310669
v -1313.470215 -89.472473 -228.287598
v 40.057617 -67.619576 45.327515
v 54.642975 -75.917831 22.096680
v 48.684509 -73.159592 -27.659058
v 56.475739 -71.889641 -35.979004
v 52.062866 -73.413933 -24.463501
v 55.019028 -73.433243 -21.528198
v 59.397400 -73.425171 -17.181519
v 64.843994 -73.395096 -11.779907
v 71.004868 -73.348396 -5.679443
v 77.526047 -73.290459 0.763428
v 84.053558 -73.226662 7.192627
v 90.233444 -73.162399 13.251709
v 98.258896 -71.693558 5.329224
v 97.686554 -71.667938 4.636719
v 97.169571 -71.669167 3.944702
v 95.519073 -71.673393 2.251831
v 92.960709 -71.681419 -0.241943
v 89.720139 -71.694046 -3.336792
v 86.023010 -71.712074 -6.832764
v 82.094986 -71.736305 -10.530151
v 78.161728 -71.767540 -14.229004
v 74.448883 -71.806587 -17.729370
v 71.182129 -71.854240 -20.831543
v 68.587097 -71.911308 -23.335571
v 66.889465 -71.978592 -25.041504
v 65.611435 -72.102753 -26.625000
v 63.556961 -72.081169 -28.794312
v 60.421661 -72.005638 -31.998535
v 90.673843 -80.078102 20.379028
v 90.673843 -80.078102 20.379028
v 90.673843 -80.078102 20.379028
v 99.993927 -80.143028 22.129028
v 165.971664 -72.722977 -16.411133
v 81.665771 -74.334381 -30.374756
v 36.454010 -75.610985 -32.669189
v 123.992859 -74.008835 -24.547363
v 59.059891 -74.972687 -31.521973
v 28.644775 -73.778275 -42.148926
v 121.648972 -63.137169 -172.708984
v 102.829315 -74.171608 -27.461060
v 156.471069 -60.948471 -176.978638
v 156.628128 -60.964790 -176.298584
v 156.785187 -60.981110 -175.618652
v 156.942245 -60.997429 -174.938599
v 157.099304 -61.013748 -174.258545
v 157.256363 -61.030075 -173.578613
v 157.413422 -61.046402 -172.898682
v 157.709427 -61.077171 -171.615601
v 157.848389 -61.091621 -171.012573
v 157.987335 -61.106071 -170.409668
v 158.126297 -61.120522 -169.806641
v 158.265259 -61.134972 -169.203613
v 158.404205 -61.149422 -168.600708
v 158.543152 -61.163879 -167.997803
v 158.794250 -61.190186 -166.907471
v 158.906387 -61.202034 -166.420288
v 159.018524 -61.213882 -165.933105
v 159.130661 -61.225739 -165.445801
v 159.242798 -61.237595 -164.958496
v 159.354935 -61.249443 -164.471313
v 159.467072 -61.261292 -163.984131
v 159.655823 -61.281677 -163.163940
v 159.732422 -61.290199 -162.831055
v 159.809021 -61.298721 -162.498291
v 159.885635 -61.307251 -162.165405
v 159.962250 -61.315781 -161.832520
v 160.038849 -61.324303 -161.499756
v 160.115448 -61.332825 -161.166992
v 160.224426 -61.345825 -160.694336
v 160.256775 -61.350296 -160.554565
v 160.289124 -61.354767 -160.414795
v 160.321487 -61.359230 -160.275146
v 160.353851 -61.363693 -160.135498
v 160.386200 -61.368164 -159.995728
v 160.418549 -61.372635 -159.855957
v 160.456375 -61.379219 -159.603638
v 160.461838 -61.381340 -159.490967
v 160.467300 -61.383461 -159.378296
v 160.472763 -61.385582 -159.265625
v 160.478241 -61.387703 -159.152954
v 160.483704 -61.389824 -159.040283
v 160.489166 -61.391945 -158.927734
v 160.496796 -61.396034 -158.557129
v 160.498947 -61.398003 -158.299072
v 160.501099 -61.399963 -158.041016
v 160.503250 -61.401932 -157.783081
v 160.505402 -61.403900 -157.525146
v 160.507568 -61.405861 -157.267090
v 160.509735 -61.407822 -157.009033
v 160.511337 -61.411598 -156.376831
v 160.510788 -61.413406 -156.002563
v 160.510239 -61.415215 -155.628296
v 160.509689 -61.417023 -155.254028
v 160.509140 -61.418831 -154.879761
v 160.508591 -61.420639 -154.505493
v 160.508026 -61.422447 -154.131104
v 160.504822 -61.425903 -153.295288
v 160.502167 -61.427551 -152.833740
v 160.499512 -61.429199 -152.372314
v 160.496857 -61.430855 -151.910767
v 160.494202 -61.432510 -151.449219
v 160.491562 -61.434158 -150.987793
v 160.488922 -61.435806 -150.526367
v 160.482117 -61.438950 -149.545166
v 160.477966 -61.440445 -149.025513
v 160.473816 -61.441940 -148.505859
v 160.469666 -61.443428 -147.986206
v 160.465515 -61.444916 -147.466553
v 160.461380 -61.446411 -146.946899
v 160.457245 -61.447906 -146.427246
v 160.448059 -61.450729 -145.358643
v 160.443024 -61.452057 -144.809814
v 160.437988 -61.453384 -144.260986
v 160.432953 -61.454720 -143.712280
v 160.427917 -61.456055 -143.163574
v 160.422882 -61.457382 -142.614746
v 160.417847 -61.458710 -142.065918
v 160.407471 -61.461212 -140.968384
v 160.402145 -61.462379 -140.419556
v 160.396820 -61.463547 -139.870728
v 160.391495 -61.464722 -139.321899
v 160.386169 -61.465897 -138.773071
v 160.380859 -61.467064 -138.224243
v 160.375549 -61.468231 -137.675293
v 160.365219 -61.470413 -136.606567
v 160.360214 -61.471420 -136.086670
v 160.355225 -61.472427 -135.566895
v 160.350220 -61.473434 -135.046997
v 160.345215 -61.474442 -134.527100
v 160.340225 -61.475449 -134.007324
v 160.335236 -61.476456 -133.487549
v 160.326157 -61.478317 -132.505859
v 160.322083 -61.479164 -132.044067
v 160.318008 -61.480011 -131.582275
v 160.313934 -61.480858 -131.120483
v 160.309860 -61.481705 -130.658691
v 160.305786 -61.482544 -130.196899
v 160.301727 -61.483383 -129.735107
v 160.295105 -61.484909 -128.898682
v 160.292572 -61.485588 -128.524048
v 160.290039 -61.486267 -128.149414
v 160.287491 -61.486946 -127.774658
v 160.284943 -61.487625 -127.399902
v 160.282410 -61.488312 -127.025269
v 160.279877 -61.488998 -126.650635
v 160.276932 -61.490189 -126.017334
v 160.276535 -61.490707 -125.758789
v 160.276123 -61.491226 -125.500244
v 160.275726 -61.491737 -125.241699
v 160.275330 -61.492249 -124.983154
v 160.274918 -61.492767 -124.724731
v 160.274506 -61.493286 -124.466309
v 160.276459 -61.494141 -124.094482
v 160.278793 -61.494492 -123.981201
v 160.281128 -61.494843 -123.867920
v 160.283478 -61.495186 -123.754517
v 160.285828 -61.495529 -123.641113
v 160.288162 -61.495880 -123.527832
v 160.290497 -61.496231 -123.414551
v 160.286270 -61.501450 -123.204224
v 160.279694 -61.506317 -123.107300
v 160.273102 -61.511185 -123.010254
v 160.266525 -61.516060 -122.913330
v 160.259949 -61.520935 -122.816406
v 160.253357 -61.525803 -122.719360
v 160.246765 -61.530670 -122.622314
v 160.214996 -61.548492 -122.312012
v 160.189804 -61.561440 -122.098633
v 160.164612 -61.574387 -121.885254
v 160.139420 -61.587341 -121.671875
v 160.114227 -61.600296 -121.458496
v 160.089050 -61.613243 -121.245117
v 160.063873 -61.626190 -121.031738
v 159.998459 -61.658470 -120.511963
v 159.958237 -61.677795 -120.205444
v 159.918030 -61.697128 -119.898926
v 159.877808 -61.716454 -119.592407
v 159.837585 -61.735779 -119.285889
v 159.797379 -61.755112 -118.979492
v 159.757172 -61.774445 -118.673096
v 159.665283 -61.817780 -117.990234
v 159.613617 -61.841782 -117.613892
v 159.561951 -61.865784 -117.237549
v 159.510284 -61.889793 -116.861206
v 159.458618 -61.913803 -116.484863
v 159.406952 -61.937805 -116.108643
v 159.355286 -61.961807 -115.732422
v 159.244080 -62.012802 -114.933228
v 159.184540 -62.039787 -114.510376
v 159.125000 -62.066772 -114.087524
v 159.065460 -62.093758 -113.664673
v 159.005920 -62.120743 -113.241821
v 158.946396 -62.147728 -112.818970
v 158.886871 -62.174713 -112.396118
v 158.763504 -62.229950 -111.527222
v 158.699677 -62.258209 -111.081177
v 158.635849 -62.286469 -110.635010
v 158.572021 -62.314735 -110.188965
v 158.508194 -62.343002 -109.742920
v 158.444366 -62.371262 -109.296753
v 158.380539 -62.399521 -108.850586
v 158.252167 -62.455627 -107.958496
v 158.187622 -62.483467 -107.512451
v 158.123077 -62.511307 -107.066406
v 158.058533 -62.539146 -106.620361
v 157.993988 -62.566986 -106.174316
v 157.929459 -62.594826 -105.728271
v 157.864929 -62.622665 -105.282227
v 157.738708 -62.676224 -104.413330
v 157.677032 -62.701942 -103.990601
v 157.615356 -62.727661 -103.567871
v 157.553680 -62.753380 -103.145142
v 157.492004 -62.779099 -102.722412
v 157.430328 -62.804817 -102.299683
v 157.368652 -62.830536 -101.876953
v 157.251770 -62.878143 -101.078125
v 157.196533 -62.900040 -100.702026
v 157.141296 -62.921936 -100.325928
v 157.086075 -62.943832 -99.949829
v 157.030853 -62.965729 -99.573730
v 156.975616 -62.987625 -99.197632
v 156.920380 -63.009521 -98.821533
v 156.819946 -63.047783 -98.139160
v 156.774750 -63.064156 -97.832886
v 156.729553 -63.080528 -97.526611
v 156.684341 -63.096901 -97.220459
v 156.639130 -63.113274 -96.914307
v 156.593933 -63.129646 -96.608032
v 156.548737 -63.146019 -96.301758
v 156.471924 -63.171539 -95.782593
v 156.440323 -63.180687 -95.569580
v 156.408722 -63.189835 -95.356567
v 156.377121 -63.198982 -95.143555
v 156.345520 -63.208130 -94.930542
v 156.313919 -63.217285 -94.717529
v 156.282318 -63.226440 -94.504517
v 156.236298 -63.235809 -94.194946
v 156.221878 -63.236038 -94.098389
v 156.207458 -63.236267 -94.001953
v 156.193039 -63.236488 -93.905396
v 156.178619 -63.236710 -93.808838
v 156.164200 -63.236938 -93.712402
v 156.149780 -63.237167 -93.615967
v 156.102142 -63.236305 -93.402954
v 156.068924 -63.235222 -93.286499
v 156.035706 -63.234138 -93.170044
v 156.002502 -63.233055 -93.053589
v 155.969299 -63.231972 -92.937256
v 155.936081 -63.230888 -92.820801
v 155.902863 -63.229805 -92.704346
v 155.785965 -63.234161 -92.320068
v 155.702271 -63.239601 -92.052124
v 155.618576 -63.245041 -91.784180
v 155.534882 -63.250481 -91.516113
v 155.451172 -63.255920 -91.248047
v 155.367477 -63.261360 -90.980103
v 155.283783 -63.266800 -90.712158
v 155.075882 -63.282845 -90.054932
v 154.951691 -63.293442 -89.665771
v 154.827484 -63.304039 -89.276611
v 154.703293 -63.314636 -88.887329
v 154.579102 -63.325233 -88.498047
v 154.454895 -63.335831 -88.108887
v 154.330688 -63.346420 -87.719727
v 154.051788 -63.371399 -86.850342
v 153.897079 -63.385788 -86.370239
v 153.742371 -63.400177 -85.890137
v 153.587662 -63.414558 -85.410156
v 153.432953 -63.428940 -84.930176
v 153.278259 -63.443329 -84.450073
v 153.123566 -63.457718 -83.969971
v 152.793640 -63.488907 -82.949463
v 152.618408 -63.505714 -82.408936
v 152.443176 -63.522522 -81.868408
v 152.267960 -63.539330 -81.327881
v 152.092743 -63.556137 -80.787354
v 151.917511 -63.572937 -80.246704
v 151.742279 -63.589737 -79.706055
v 151.381317 -63.624405 -78.594849
v 151.195557 -63.642265 -78.024170
v 151.009796 -63.660126 -77.453491
v 150.824051 -63.677986 -76.882812
v 150.638306 -63.695847 -76.312134
v 150.452545 -63.713707 -75.741455
v 150.266785 -63.731567 -75.170654
v 149.894745 -63.766968 -74.029541
v 149.708450 -63.784508 -73.459106
v 149.522156 -63.802048 -72.888672
v 149.335861 -63.819595 -72.318115
v 149.149567 -63.837143 -71.747559
v 148.963287 -63.854683 -71.177124
v 148.777008 -63.872223 -70.606689
v 148.413879 -63.905632 -69.496216
v 148.237045 -63.921494 -68.956299
v 148.060211 -63.937355 -68.416382
v 147.883362 -63.953217 -67.876465
v 147.706512 -63.969078 -67.336548
v 147.529678 -63.984940 -66.796631
v 147.352844 -64.000801 -66.256836
v 142.280563 -65.414116 -54.504150
v 139.668030 -66.641930 -50.224609
v 137.055496 -67.869751 -45.945068
v 134.442963 -69.097565 -41.665527
v 131.830444 -70.325378 -37.385986
v 129.217911 -71.553200 -33.106445
v 126.605377 -72.781021 -28.826904
v 121.941956 -64.496124 -154.188721
v 122.234940 -65.855080 -135.668579
v 122.527924 -67.214035 -117.148438
v 122.820908 -68.572998 -98.628174
v 123.113892 -69.931961 -80.107910
v 123.406876 -71.290916 -61.587769
v 123.699860 -72.649872 -43.067627
v 151.980881 -61.207779 -177.040039
v 147.647751 -61.483406 -176.421265
v 143.314621 -61.759033 -175.802490
v 138.981491 -62.034660 -175.183838
v 134.648361 -62.310287 -174.565186
v 130.315231 -62.585915 -173.946411
v 125.982101 -62.861542 -173.327637
v 146.890625 -64.037865 -64.850220
v 146.605270 -64.059067 -63.983521
v 146.319916 -64.080276 -63.116943
v 146.034546 -64.101479 -62.250244
v 145.749176 -64.122681 -61.383545
v 145.463821 -64.143890 -60.516968
v 145.178467 -64.165100 -59.650391
v 113.987518 -71.730408 -49.200195
v 123.846359 -73.329353 -33.807495
v 107.815582 -59.294571 -145.281006
v 121.795471 -63.816650 -163.448853
v 122.088440 -65.175598 -144.928711
v 122.381439 -66.534561 -126.408447
v 122.674408 -67.893517 -107.888306
v 122.967407 -69.252480 -89.368042
v 123.260376 -70.611435 -70.847900
v 123.553375 -71.970398 -52.327637
v 110.147705 -75.020592 40.646118
vn 0.0070 -1.0000 -0.0063
vn 0.0067 -1.0000 -0.0040
vn 0.0207 -0.9997 0.0151
vn -0.0042 -0.9998 0.0172
vn 0.0088 -0.9991 0.0409
vn 0.0015 -1.0000 -0.0016
vn 0.0062 -1.0000 0.0018
vn 0.0068 -1.0000 0.0029
vn 0.0163 -0.9999 0.0008
vn 0.0010 -1.0000 0.0023
vn 0.0128 -0.9998 0.0182
vn 0.0013 -1.0000 0.0008
vn 0.0145 -0.9998 0.0130
vn 0.0135 -0.9986 0.0503
vn 0.0130 -0.9997 0.0218
vn 0.0181 -0.9995 0.0245
vn 0.0017 -1.0000 -0.0046
vn 0.0015 -1.0000 -0.0046
vn 0.0148 -0.9999 -0.0049
vn 0.0083 -0.9997 0.0221
vn 0.0168 -0.9998 -0.0045
vn 0.0170 -0.9998 -0.0044
vn 0.0094 -0.9999 0.0135
vn 0.0112 -0.9999 0.0038
vn 0.0130 -0.9998 0.0170
vn 0.0164 -0.9999 0.0008
vn 0.0158 -0.9999 0.0022
vn 0.0099 -0.9999 0.0136
vn 0.0281 -0.9996 0.0038
vn 0.0314 -0.9995 0.0042
vn -0.0007 -0.9998 0.0185
vn 0.0319 -0.9994 0.0095
vn 0.0316 -0.9994 0.0142
vn 0.0164 -0.9995 0.0262
vn -0.0030 -0.9999 0.0126
vn 0.0305 -0.9992 0.0264
vn 0.0304 -0.9992 0.0264
vn 0.0287 -0.9990 0.0345
vn 0.0091 -0.9992 0.0400
vn -0.0018 -0.9997 0.0239
vn 0.0062 -0.9991 0.0416
vn 0.0093 -0.9993 0.0362
vn 0.0095 -0.9993 0.0362
vn 0.0096 -0.9993 0.0362
vn 0.0193 -0.9996 0.0192
vn 0.0173 -0.9997 0.0143
vn 0.0093 -0.9992 0.0388
vn 0.0128 -0.9985 0.0530
vn -0.0002 -1.0000 0.0030
vn 0.0095 -0.9993 0.0375
vn 0.0142 -0.9999 0.0019
vn 0.0108 -0.9989 0.0457
vn 0.0167 -0.9999 -0.0009
vn 0.0141 -0.9989 0.0443
vn 0.0142 -0.9989 0.0443
vn 0.0149 -0.9996 0.0258
vn 0.0139 -0.9988 0.0479
vn 0.0137 -0.9987 0.0490
vn 0.0169 -0.9999 -0.0027
vn 0.0061 -1.0000 0.0018
vn 0.0132 -0.9986 0.0516
vn 0.0108 -0.9991 0.0409
vn 0.0140 -0.9997 0.0198
vn -0.0062 -0.9987 0.0498
vn -0.0068 -0.9987 0.0497
vn 0.0120 -0.9996 0.0248
vn 0.0111 -0.9999 0.0099
vn -0.0048 -0.9993 0.0384
vn -0.0040 -0.9994 0.0348
vn 0.0091 -0.9988 0.0486
vn 0.0093 -0.9988 0.0474
vn 0.0161 -0.9999 0.0036
vn -0.0061 -0.9990 0.0453
vn 0.0080 -0.9991 0.0407
vn 0.0140 -0.9988 0.0465
vn 0.0096 -0.9989 0.0464
vn 0.0124 -0.9999 -0.0055
vn 0.0165 -0.9999 0.0012
vn 0.0119 -0.9999 -0.0021
vn 0.0115 -0.9999 0.0010
vn 0.0148 -0.9999 0.0038
vn 0.0172 -0.9995 0.0250
vn 0.0171 -0.9997 0.0148
vn 0.0168 -0.9997 0.0155
vn 0.0163 -0.9997 0.0160
vn 0.0149 -0.9998 0.0157
vn 0.0171 -0.9997 0.0161
vn 0.0019 -1.0000 -0.0046
vn 0.0093 -0.9988 0.0475
vn 0.0142 -0.9990 0.0419
vn 0.0185 -0.9996 0.0206
vn 0.0146 -0.9997 0.0200
vn 0.0114 -0.9999 0.0028
vn 0.0182 -0.9996 0.0218
vn 0.0166 -0.9999 -0.0006
vn 0.0068 -0.9994 0.0353
vn 0.0120 -0.9996 0.0246
vn 0.0173 -0.9994 0.0284
vn 0.0097 -0.9989 0.0464
vn 0.0126 -0.9997 0.0229
vn 0.0135 -0.9997 0.0199
vn 0.0160 -0.9997 0.0173
vn 0.0151 -0.9998 0.0149
vn 0.0161 -0.9998 0.0124
vn -0.0000 -1.0000 0.0022
vn 0.0130 -0.9990 0.0417
vn 0.0012 -1.0000 0.0008
vn 0.0169 -0.9998 -0.0049
vn 0.0065 -1.0000 -0.0018
vn 0.0063 -1.0000 0.0002
vn 0.0174 -0.9998 0.0138
vn 0.0189 -0.9996 0.0188
vn 0.0008 -1.0000 0.0023
vn 0.0117 -0.9999 -0.0003
vn 0.0115 -0.9999 0.0011
vn 0.0119 -0.9999 -0.0020
vn 0.0018 -1.0000 -0.0046
vn 0.0117 -0.9991 0.0412
vn -0.0008 -1.0000 0.0052
vn 0.0063 -0.9992 0.0401
vn -0.0045 -0.9997 0.0221
vn 0.0160 -0.9990 0.0427
vn 0.0105 -0.9999 0.0098
vn -0.0040 -0.9998 0.0172
vn 0.0136 -0.9998 0.0144
vn 0.0176 -0.9996 0.0237
vn 0.0180 -0.9996 0.0227
vn -0.0035 -0.9995 0.0323
vn 0.0066 -0.9993 0.0378
vn 0.0293 -0.9990 0.0345
vn 0.0311 -0.9993 0.0199
vn 0.0092 -0.9992 0.0400
vn 0.0257 -0.9991 0.0345
vn 0.0064 -0.9992 0.0391
vn 0.0059 -0.9990 0.0446
vn 0.0062 -0.9990 0.0447
vn 0.0196 -0.9997 0.0177
vn 0.0190 -0.9997 0.0176
vn 0.0134 -0.9997 0.0207
vn 0.0164 -0.9999 -0.0045
vn 0.0170 -0.9997 0.0156
vn 0.0187 -0.9997 0.0175
vn 0.0085 -0.9986 0.0515
vn 0.0088 -0.9987 0.0499
vn 0.0117 -0.9985 0.0527
vn 0.0100 -0.9990 0.0444
vn 0.0142 -0.9998 0.0129
vn 0.0166 -0.9998 0.0135
vn 0.0087 -0.9987 0.0507
vn 0.0157 -0.9992 0.0375
vn 0.0004 -0.9999 0.0127
vn 0.0316 -0.9995 0.0095
vn -0.0028 -0.9996 0.0286
vn -0.0054 -0.9991 0.0414
vn 0.0204 -0.9997 0.0151
vn 0.0067 -0.9993 0.0365
vn 0.0166 -0.9997 0.0164
vn 0.0230 -0.9996 0.0145
vn 0.0167 -0.9997 0.0164
vn 0.0147 -0.9997 0.0169
vn 0.0172 -0.9997 0.0148
vn 0.0139 -0.9998 0.0137
vn 0.0121 -0.9999 0.0036
vn 0.0135 -0.9998 0.0149
vn 0.0133 -0.9998 0.0155
vn 0.0085 -0.9993 0.0352
vn 0.0127 -0.9998 0.0181
vn 0.0199 -0.9997 0.0165
vn 0.0128 -0.9997 0.0195
vn 0.0154 -0.9997 0.0203
vn 0.0075 -0.9995 0.0298
vn 0.0165 -0.9993 0.0328
vn 0.0168 -0.9999 -0.0027
vn 0.0171 -0.9995 0.0250
vn 0.0201 -0.9997 0.0158
vn 0.0121 -0.9999 -0.0038
vn -0.0018 -1.0000 0.0085
vn 0.0171 -0.9998 0.0100
vn 0.0198 -0.9998 0.0083
vn 0.0108 -0.9999 0.0083
vn 0.0104 -0.9999 0.0128
vn 0.0100 -0.9998 0.0174
vn 0.0095 -0.9997 0.0217
vn 0.0061 -0.9996 0.0258
vn 0.0078 -0.9996 0.0256
vn 0.0054 -0.9997 0.0259
vn 0.0092 -0.9997 0.0217
vn -0.0002 -1.0000 0.0025
vn 0.0062 -0.9996 0.0293
vn 0.0063 -0.9996 0.0267
vn 0.0066 -0.9997 0.0228
vn 0.0069 -0.9998 0.0178
vn 0.0072 -0.9999 0.0120
vn 0.0074 -1.0000 0.0057
vn 0.0094 -0.9998 -0.0160
vn 0.0173 -0.9998 -0.0117
vn 0.0004 -0.9999 -0.0124
vn 0.0088 -1.0000 -0.0011
vn 0.0090 -1.0000 -0.0011
vn 0.0006 -0.9998 -0.0175
vn 0.0124 -0.9999 -0.0077
vn -0.0004 -1.0000 0.0085
vn 0.0095 -0.9999 -0.0143
vn 0.0096 -0.9998 -0.0202
vn 0.0097 -0.9998 -0.0192
vn 0.0161 -0.9996 -0.0247
vn 0.0092 -0.9998 -0.0160
vn 0.0081 -0.9999 -0.0105
vn 0.0186 -0.9998 0.0100
vn 0.0185 -0.9997 0.0164
vn 0.0183 -0.9996 0.0194
vn 0.0181 -0.9996 0.0237
vn 0.0173 -0.9998 -0.0126
vn 0.0159 -0.9994 0.0316
vn -0.0010 -0.9996 0.0293
vn 0.0061 -0.9996 0.0291
vn -0.0009 -0.9997 0.0229
vn -0.0008 -0.9998 0.0192
vn -0.0006 -0.9999 0.0154
vn 0.0094 -0.9999 -0.0081
vn 0.0176 -0.9994 0.0282
vn 0.0072 -1.0000 0.0057
vn 0.0097 -0.9997 -0.0229
vn 0.0077 -1.0000 0.0059
vn 0.0007 -0.9997 -0.0225
vn -0.0000 -1.0000 -0.0033
vn 0.0173 -0.9996 -0.0211
vn 0.0174 -0.9997 -0.0175
vn -0.0010 -0.9997 0.0264
vn 0.0064 -1.0000 0.0055
vn 0.0093 -0.9999 -0.0081
vn 0.0075 -0.9999 -0.0106
vn 0.0115 -0.9999 -0.0104
vn 0.0076 -0.9999 -0.0111
vn 0.0078 -0.9999 -0.0116
vn 0.0087 -0.9999 -0.0120
vn -0.0000 0.9907 -0.1360
vn 0.0098 -0.9999 -0.0121
vn 0.0028 -0.9996 -0.0276
vn 0.0051 -1.0000 -0.0072
vn 0.0098 -0.9999 -0.0124
vn 0.0052 -1.0000 -0.0063
vn 0.0099 -0.9999 -0.0136
vn 0.0064 -0.9999 -0.0135
vn 0.0057 -0.9999 -0.0135
vn 0.0056 -0.9999 -0.0135
vn 0.0115 -0.9998 -0.0130
vn 0.0091 -0.9999 -0.0078
vn 0.0053 -0.9999 -0.0101
vn 0.0150 -0.9999 -0.0075
vn 0.0027 -0.9999 -0.0112
vn 0.0095 -0.9999 -0.0106
vn 0.0113 -0.9999 -0.0124
vn 0.0026 -1.0000 -0.0087
vn 0.0114 -0.9999 -0.0130
vn 0.0152 -0.9999 -0.0057
vn 0.0150 -0.9999 -0.0067
vn 0.0054 -0.9999 -0.0117
vn 0.0054 -0.9996 -0.0269
vn 0.0155 -0.9998 -0.0133
vn 0.0158 -0.9997 -0.0160
vn 0.0059 -0.9996 -0.0261
vn 0.0169 -0.9996 -0.0241
vn 0.0172 -0.9996 -0.0241
vn 0.0097 -0.9999 -0.0124
vn 0.0055 -0.9996 -0.0268
vn 0.0026 -0.9996 -0.0276
vn 0.0025 -0.9996 -0.0269
vn 0.0134 -0.9999 -0.0103
vn 0.0113 -0.9999 -0.0112
vn 0.0112 -0.9999 -0.0116
vn 0.0104 -0.9999 -0.0118
vn 0.0112 -0.9999 -0.0120
vn 0.0112 -0.9999 -0.0124
vn 0.0098 -0.9999 -0.0129
vn 0.0118 -0.9998 -0.0129
vn 0.0138 -0.9998 -0.0138
vn 0.0031 -0.9999 -0.0139
vn 0.0193 -0.9995 -0.0262
vn 0.0168 -0.9998 -0.0056
vn 0.0165 -0.9996 -0.0216
vn 0.0090 -0.9999 -0.0065
vn 0.0091 -0.9999 -0.0069
vn 0.0092 -0.9999 -0.0087
vn 0.0098 -0.9999 -0.0077
vn 0.0036 -0.9999 -0.0167
vn 0.0161 -0.9997 -0.0189
vn 0.0041 -0.9998 -0.0195
vn 0.0153 -0.9998 -0.0108
vn 0.0045 -0.9997 -0.0220
vn 0.0049 -0.9997 -0.0242
vn 0.0112 -0.9999 -0.0118
vn 0.0057 -1.0000 -0.0062
vn 0.0054 -0.9996 -0.0270
vn 0.0147 -0.9996 -0.0243
vn 0.0052 -1.0000 -0.0085
vn -0.0000 -0.9909 0.1343
vn -0.0000 -0.9906 0.1370
vn 0.0114 -0.9999 0.0082
vn 0.0189 -0.9998 -0.0019
vn 0.0223 -0.9997 0.0039
vn 0.0188 -0.9998 -0.0019
vn 0.0186 -0.9998 -0.0009
vn 0.0183 -0.9998 -0.0010
vn 0.0165 -0.9999 0.0008
vn 0.0186 -0.9998 0.0008
vn 0.0204 -0.9998 0.0010
vn 0.0224 -0.9997 0.0016
vn 0.0209 -0.9998 0.0027
vn 0.0210 -0.9998 0.0027
vn 0.0342 -0.9993 -0.0174
vn 0.0210 -0.9998 0.0041
vn 0.0210 -0.9998 0.0034
vn 0.0170 -0.9996 0.0205
vn 0.0221 -0.9998 -0.0018
vn 0.0222 -0.9997 0.0045
vn 0.0224 -0.9997 0.0022
vn 0.0210 -0.9998 0.0046
vn 0.0224 -0.9997 0.0033
vn 0.0208 -0.9998 0.0019
vn 0.0070 -0.9994 -0.0343
vn 0.0344 -0.9994 0.0032
vn 0.0223 -0.9998 0.0003
vn -0.0292 -0.9992 -0.0275
vn -0.0211 -0.9998 0.0017
vn -0.0102 -0.9997 -0.0208
vn -0.0107 -0.9997 -0.0211
vn -0.0111 -0.9997 -0.0213
vn -0.0111 -0.9997 -0.0214
vn -0.0110 -0.9997 -0.0218
vn -0.0109 -0.9997 -0.0227
vn 0.0041 -0.9995 -0.0301
vn -0.0036 -0.9994 -0.0359
vn 0.0433 -0.9988 -0.0226
vn 0.0032 -0.9994 -0.0349
vn -0.0040 -0.9993 -0.0370
vn -0.0097 -0.9992 -0.0386
vn -0.0051 -0.9997 -0.0229
vn -0.0112 -0.9999 -0.0106
vn -0.0104 -0.9998 -0.0156
vn 0.0032 -0.9995 -0.0327
vn -0.0027 -1.0000 0.0051
vn 0.0758 -0.9971 -0.0097
vn 0.0015 -1.0000 -0.0025
vn -0.0115 -0.9999 -0.0085
vn -0.0039 -0.9994 -0.0341
vn 0.0065 -0.9994 -0.0349
vn 0.0722 -0.9973 0.0123
vn 0.0113 -0.9999 0.0022
vn -0.0077 -0.9994 -0.0342
vn -0.0052 -1.0000 -0.0025
vn -0.0078 -0.9994 -0.0330
vn -0.0010 -0.9995 -0.0307
vn 0.0030 -0.9995 -0.0312
vn 0.0012 -1.0000 0.0004
vn -0.0077 -0.9994 -0.0352
vn 0.0025 -1.0000 -0.0089
vn 0.0022 -0.9999 -0.0110
vn 0.0037 -0.9997 -0.0256
vn -0.0043 -1.0000 -0.0087
vn 0.0163 -0.9996 -0.0217
vn -0.0084 -0.9995 -0.0294
vn -0.0118 -0.9999 -0.0065
vn -0.0002 -0.9994 -0.0336
vn -0.0122 -0.9999 -0.0045
vn 0.0013 -1.0000 -0.0008
vn -0.0017 -0.9991 -0.0415
vn -0.0009 -0.9995 -0.0313
vn -0.0058 -1.0000 -0.0044
vn -0.0118 -0.9998 -0.0170
vn 0.0174 -0.9994 -0.0302
vn 0.0203 -0.9992 -0.0353
vn -0.0019 -0.9999 -0.0116
vn -0.0120 -0.9999 -0.0026
vn -0.0039 -0.9994 -0.0345
vn -0.0083 -0.9993 -0.0352
vn 0.0033 -0.9994 -0.0341
vn 0.0037 -0.9994 -0.0346
vn -0.0112 -0.9997 -0.0211
vn -0.0107 -0.9997 -0.0213
vn -0.0101 -0.9997 -0.0214
vn -0.0085 -0.9997 -0.0218
vn -0.0107 -0.9996 -0.0243
vn 0.0495 -0.9985 -0.0216
vn -0.0095 -0.9994 -0.0343
vn -0.0093 -0.9993 -0.0368
vn 0.0070 -0.9994 -0.0348
vn -0.0074 -0.9994 -0.0341
vn -0.0094 -0.9995 -0.0299
vn -0.0137 -0.9999 -0.0025
vn -0.0108 -0.9997 -0.0240
vn -0.0124 -0.9999 -0.0097
vn -0.0100 -0.9999 0.0033
vn 0.0002 -1.0000 0.0064
vn 0.0384 -0.9992 0.0083
vn 0.0008 -1.0000 -0.0009
vn -0.0035 -1.0000 -0.0008
vn 0.0041 -0.9992 -0.0404
vn 0.0007 -1.0000 0.0026
vn -0.0055 -1.0000 -0.0064
vn 0.0057 -0.9995 -0.0297
vn 0.0046 -0.9997 -0.0231
vn 0.0036 -0.9999 -0.0160
vn -0.0031 -0.9992 -0.0390
vn 0.0912 -0.9958 -0.0073
vn 0.0140 -0.9998 -0.0163
vn 0.0009 -0.9992 -0.0409
vn -0.0127 -0.9999 -0.0023
vn -0.0031 -0.9995 -0.0329
vn -0.0031 -0.9994 -0.0331
vn 0.0029 -0.9995 -0.0304
vn 0.0041 -0.9995 -0.0306
vn 0.0065 -0.9992 -0.0406
vn 0.1028 -0.9945 -0.0177
vn 0.0013 -1.0000 -0.0009
vn 0.0039 -0.9992 -0.0388
vn 0.0037 -0.9993 -0.0371
vn -0.0025 -0.9994 -0.0358
vn 0.0054 -0.9994 -0.0333
vn 0.0929 -0.9955 -0.0195
vn 0.0123 -0.9995 -0.0293
vn 0.0114 -0.9996 -0.0247
vn 0.0107 -0.9997 -0.0211
vn 0.0114 -0.9998 -0.0189
vn 0.0711 -0.9974 -0.0149
vn 0.0488 -0.9987 -0.0176
vn 0.0037 -0.9997 -0.0257
vn 0.0118 -0.9998 -0.0187
vn -0.0035 -0.9996 -0.0289
vn -0.0023 -0.9997 -0.0246
vn 0.0011 -0.9998 -0.0210
vn 0.0103 -0.9998 -0.0193
vn 0.0111 -0.9997 -0.0230
vn 0.0104 -0.9998 -0.0188
vn 0.0106 -0.9998 -0.0188
vn -0.0088 -0.9998 -0.0197
vn -0.0048 -0.9997 -0.0249
vn -0.0000 -0.0000 1.0000
vn -0.0115 -0.9997 -0.0207
vn -0.0035 -0.9994 -0.0331
vn -0.0022 -0.9992 -0.0399
vn 0.0165 -0.9991 -0.0395
vn 0.0038 -0.9991 -0.0417
vn 0.0035 -0.9990 -0.0437
vn 0.0034 -0.9991 -0.0431
vn 0.0013 -0.9990 -0.0437
vn 0.0034 -0.9991 -0.0433
vn 0.0031 -0.9991 -0.0416
vn 0.0936 -0.9955 -0.0125
vn 0.0134 -0.9993 -0.0345
vn 0.0001 -0.9997 -0.0250
vn -0.0009 -0.9998 -0.0206
vn -0.0008 -0.9998 -0.0206
vn 0.0274 -0.9995 -0.0134
vn 0.0276 -0.9995 -0.0174
vn 0.0135 -0.9993 -0.0345
vn 0.0148 -0.9991 -0.0397
vn -0.0008 -0.9991 -0.0430
vn 0.0033 -0.9991 -0.0418
vn 0.0053 -0.9991 -0.0432
vn 0.0009 -0.9996 -0.0294
vn 0.0719 -0.9972 -0.0186
vn 0.0337 -0.9991 -0.0264
vn 0.0155 -0.9991 -0.0403
vn 0.0161 -0.9997 -0.0182
vn 0.0324 -0.9994 -0.0119
vn 0.0141 -0.9997 -0.0183
vn 0.0217 -0.9995 -0.0231
vn 0.0273 -0.9995 -0.0175
vn 0.0142 -0.9997 -0.0219
vn 0.0281 -0.9994 -0.0217
vn 0.0153 -0.9995 -0.0266
vn 0.0292 -0.9992 -0.0258
vn 0.0303 -0.9991 -0.0295
vn 0.0306 -0.9991 -0.0294
vn 0.0324 -0.9990 -0.0322
vn 0.0385 -0.9988 -0.0311
vn 0.0338 -0.9989 -0.0321
vn 0.0305 -0.9990 -0.0329
vn 0.0267 -0.9995 -0.0193
vn 0.0290 -0.9991 -0.0306
vn 0.0282 -0.9994 -0.0217
vn 0.0291 -0.9992 -0.0258
vn 0.0172 -0.9994 -0.0309
vn 0.0199 -0.9992 -0.0336
vn 0.0246 -0.9991 -0.0352
vn 0.0351 -0.9989 -0.0325
vn 0.0953 -0.9953 -0.0191
vn 0.0303 -0.9990 -0.0343
vn 0.0276 -0.9994 -0.0192
vn 0.0285 -0.9994 -0.0200
vn 0.0272 -0.9993 -0.0242
vn 0.0303 -0.9993 -0.0205
vn 0.0263 -0.9994 -0.0210
vn -0.4961 -0.0000 -0.8682
vn 0.0266 -0.9994 -0.0223
vn 0.0874 -0.9962 -0.0050
vn 0.0310 -0.9994 -0.0172
vn 0.0276 -0.9994 -0.0191
vn 0.0294 -0.9994 -0.0180
vn 0.0262 -0.9995 -0.0194
vn 0.0262 -0.9995 -0.0201
vn 0.0261 -0.9995 -0.0201
vn 0.0430 -0.9988 -0.0214
vn 0.0284 -0.9994 -0.0190
vn 0.0339 -0.9992 -0.0210
vn 0.0233 -0.9997 -0.0090
vn 0.0601 -0.9982 0.0015
vn 0.0295 -0.9994 -0.0178
vn 0.0404 -0.9991 -0.0130
vn 0.0322 -0.9994 -0.0154
vn 0.0240 -0.9997 -0.0087
vn 0.0282 -0.9994 -0.0190
vn 0.0239 -0.9997 -0.0086
vn 0.0260 -0.9996 -0.0147
vn 0.0273 -0.9995 -0.0184
vn 0.0277 -0.9994 -0.0190
vn 0.0279 -0.9994 -0.0191
vn 0.0824 -0.9966 0.0096
vn 0.0174 -0.9998 -0.0131
vn 0.0250 -0.9996 -0.0110
vn 0.0192 -0.9996 -0.0190
vn 0.0233 -0.9993 -0.0277
vn 0.0191 -0.9995 -0.0245
vn 0.0296 -0.9993 -0.0249
vn 0.0167 -0.9997 -0.0202
vn 0.0126 -0.9998 -0.0123
vn -0.0002 -1.0000 0.0027
vn -0.0011 -1.0000 0.0007
vn -0.0067 -0.9995 -0.0307
vn -0.0116 -0.9987 -0.0500
vn -0.0016 -0.9984 -0.0566
vn -0.0188 -0.9993 -0.0334
vn -0.0190 -0.9995 -0.0250
vn -0.0064 -1.0000 -0.0073
vn -0.0199 -0.9994 -0.0299
vn -0.0224 -0.9982 -0.0563
vn -0.0445 -0.9972 -0.0597
vn -0.0359 -0.9992 -0.0199
vn -0.0294 -0.9993 -0.0235
vn 0.0156 -0.9999 0.0021
vn 0.0197 -0.9993 0.0332
vn 0.0043 -0.9983 0.0583
vn 0.0124 -0.9946 0.1029
vn 0.0085 -0.9968 0.0797
vn 0.0324 -0.9940 0.1044
vn 0.0174 -0.9924 0.1222
vn 0.0549 -0.9950 0.0832
vn 0.0480 -0.9986 0.0212
vn 0.0337 -0.9994 0.0074
vn 0.0917 -0.9922 0.0840
vn 0.1024 -0.9906 0.0903
vn 0.0723 -0.9965 0.0424
vn -0.0055 -0.9992 -0.0406
vn -0.0166 -0.9987 -0.0475
vn 0.0136 -0.9997 -0.0192
vn 0.0446 -0.9990 0.0063
vn 0.0396 -0.9992 0.0091
vn -0.0391 0.9992 -0.0118
vn 0.0645 -0.9970 0.0416
vn 0.1093 -0.9915 0.0712
vn 0.0413 -0.9991 -0.0131
vn 0.0373 -0.9992 0.0171
vn 0.0385 -0.9991 0.0202
vn 0.0051 -1.0000 0.0004
vn 0.0011 -1.0000 0.0073
vn 0.0009 -1.0000 0.0060
vn 0.0017 -1.0000 -0.0026
vn -0.0039 -1.0000 0.0031
vn 0.0020 -1.0000 0.0033
vn -0.0078 -1.0000 -0.0037
vn 0.0032 -0.9969 -0.0782
vn -0.0024 -0.9994 0.0357
vn 0.0260 -0.9997 0.0046
vn 0.0190 -0.9998 -0.0049
vn 0.0663 -0.9967 -0.0459
vn 0.0145 -0.9997 -0.0216
vn 0.0106 -0.9996 -0.0273
vn 0.0107 -0.9998 -0.0168
vn 0.0120 -0.9995 -0.0298
vn 0.0096 -0.9995 -0.0284
vn 0.0125 -0.9994 -0.0332
vn 0.0072 -1.0000 -0.0038
vn 0.0190 -0.9998 -0.0107
vn 0.0203 -0.9996 -0.0179
vn 0.0208 -0.9995 -0.0237
vn 0.0216 -0.9995 -0.0244
vn 0.0223 -0.9995 -0.0238
vn 0.0221 -0.9995 -0.0221
vn 0.0214 -0.9996 -0.0200
vn 0.0196 -0.9996 -0.0188
vn 0.0414 -0.9991 0.0001
vn -0.0314 -0.9995 -0.0016
vn 0.0144 -0.9998 -0.0141
vn 0.0140 -0.9998 -0.0174
vn 0.0056 -0.9997 -0.0229
vn 0.0017 -0.9996 -0.0280
vn 0.0041 -0.9996 -0.0278
vn 0.0066 -0.9998 -0.0197
vn -0.0131 -0.9998 -0.0141
vn -0.0083 -0.9996 -0.0254
vn -0.0035 -0.9996 -0.0272
vn 0.0320 -0.9988 -0.0365
vn 0.0367 -0.9989 -0.0296
vn 0.0489 -0.9983 -0.0328
vn 0.0407 -0.9991 -0.0118
vn 0.0352 -0.9993 0.0120
vn 0.0372 -0.9992 -0.0117
vn 0.0095 -1.0000 -0.0005
vn 0.0318 -0.9994 -0.0162
vn 0.0250 -0.9996 -0.0156
vn -0.0087 -0.9999 0.0082
vn -0.0107 -0.9998 -0.0150
vn -0.0153 -0.9999 -0.0061
vn -0.0095 -0.9999 -0.0042
vn -0.0059 -0.9998 -0.0202
vn 0.0302 -0.9990 -0.0324
vn 0.0058 -0.9997 -0.0222
vn -0.0301 -0.9992 -0.0272
vn -0.0366 -0.9989 -0.0307
vn -0.0381 -0.9986 -0.0373
vn -0.0492 -0.9979 -0.0431
vn 0.0233 -0.9967 -0.0773
vn -0.0182 -0.9997 -0.0181
vn 0.0221 -0.9963 -0.0835
vn -0.0172 -0.9997 -0.0186
vn 0.0049 -0.9994 -0.0354
vn 0.1211 -0.9914 0.0487
vn 0.1085 -0.9938 0.0258
vn 0.0887 -0.9960 0.0046
vn 0.0348 -0.9982 -0.0496
vn -0.0021 -0.9996 -0.0265
vn 0.0469 -0.9988 -0.0116
vn 0.0724 -0.9969 -0.0308
vn 0.0869 -0.9952 -0.0456
vn 0.1031 -0.9922 -0.0694
vn 0.0618 -0.9970 -0.0457
vn 0.0142 -0.9994 -0.0301
vn 0.0501 -0.9979 -0.0413
vn 0.0494 -0.9981 -0.0358
vn 0.0530 -0.9977 -0.0432
vn 0.0714 -0.9971 -0.0253
vn 0.0450 -0.9969 -0.0641
vn 0.0335 -0.9983 -0.0471
vn 0.0579 -0.9965 -0.0603
vn -0.0468 -0.9989 -0.0080
vn -0.0013 -0.9994 -0.0360
vn -0.0000 -0.9997 -0.0234
vn -0.0363 -0.9991 -0.0206
vn -0.0308 -0.9993 -0.0203
vn -0.0192 -0.9992 -0.0359
vn -0.0263 -0.9997 0.0003
vn -0.0361 -0.9991 0.0203
vn -0.0098 -1.0000 0.0005
vn -0.0058 -0.9999 0.0102
vn -0.0216 -0.9985 0.0501
vn 0.0037 -0.9997 0.0257
vn 0.0129 -0.9999 0.0042
vn 0.0288 -0.9968 -0.0747
vn -0.0141 -0.9996 -0.0241
vn -0.0206 -0.9992 0.0337
vn 0.0229 -0.9938 -0.1086
vn 0.0008 -1.0000 0.0046
vn -0.0032 -1.0000 0.0026
vn 0.0147 -0.9999 0.0070
vn 0.0447 -0.9990 -0.0027
vn 0.0822 -0.9965 -0.0119
vn 0.0783 -0.9969 -0.0125
vn 0.0688 -0.9967 -0.0422
vn 0.0263 -0.9996 -0.0094
vn -0.0084 -0.9999 0.0134
vn 0.0058 -0.9999 -0.0162
vn 0.0278 -0.9962 -0.0831
vn 0.0440 -0.9966 -0.0701
vn 0.0342 -0.9974 -0.0638
vn 0.0327 -0.9974 -0.0644
vn -0.0000 1.0000 -0.0000
vn 0.0611 -0.9950 -0.0796
vn -0.0326 -0.9994 -0.0143
vn -0.0036 -1.0000 0.0026
vn 0.0031 -1.0000 0.0032
vn 0.0086 -0.9999 -0.0052
vn -0.0663 -0.9971 -0.0369
vn -0.0753 -0.9969 -0.0207
vn -0.0803 -0.9966 -0.0163
vn -0.0433 -0.9991 -0.0044
vn 0.0123 -0.9999 -0.0029
vn 0.1051 -0.9945 0.0040
vn 0.1000 -0.9944 -0.0335
vn 0.0366 -0.9981 -0.0488
vn -0.0277 -0.9996 0.0025
vn -0.0474 -0.9989 0.0031
vn -0.0086 -0.9991 -0.0421
vn 0.0026 -0.9988 -0.0494
vn -0.0206 -0.9993 -0.0324
vn 0.0396 -0.9985 -0.0384
vn 0.0166 -0.9998 -0.0056
vn 0.0275 -0.9986 -0.0452
vn -0.0180 -0.9996 0.0201
vn -0.0304 -0.9995 -0.0041
vn -0.0440 -0.9990 -0.0101
vn -0.0554 -0.9984 -0.0119
vn -0.0424 -0.9990 -0.0130
vn -0.0033 -0.9998 -0.0175
vn -0.0109 -0.9998 -0.0188
vn -0.0300 -0.9995 -0.0110
vn -0.0384 -0.9989 -0.0286
vn -0.0319 -0.9940 -0.1048
vn -0.0367 -0.9944 -0.0987
vn -0.0100 -0.9953 -0.0966
vn -0.0038 -0.9985 -0.0546
vn 0.0006 -1.0000 0.0024
vn 0.0071 -1.0000 -0.0016
vn 0.0007 -0.9998 0.0205
vn -0.0171 -0.9996 -0.0225
vn 0.0215 -0.9990 -0.0397
vn 0.0054 -1.0000 -0.0012
vn 0.0083 -0.9998 0.0187
vn -0.0241 -0.9994 -0.0238
vn 0.0035 -0.9997 -0.0253
vn 0.0206 -0.9996 -0.0174
vn 0.0367 -0.9991 -0.0195
vn 0.0295 -0.9992 -0.0252
vn -0.0000 -0.9999 0.0139
vn -0.0185 -0.9987 0.0472
vn -0.0059 -1.0000 0.0072
vn 0.0943 -0.9911 -0.0935
vn 0.0064 -0.8933 -0.4494
vn 0.0437 -0.9682 -0.2462
vn 0.3153 -0.9457 -0.0789
vn 0.0828 -0.9401 -0.3307
vn 0.0086 -0.9866 -0.1631
vn 0.0580 -0.9177 -0.3931
vn 0.0387 -0.9747 -0.2203
vn 0.0399 -0.9741 -0.2225
vn 0.0388 -0.9744 -0.2215
vn -0.3182 -0.9442 -0.0854
vn 0.1578 -0.9866 -0.0425
vn 0.0603 -0.9411 -0.3327
vn 0.0321 -0.9834 -0.1783
vn -0.0510 -0.9974 -0.0508
vn -0.0535 -0.9980 0.0345
vn 0.2262 -0.9350 -0.2732
vn 0.0197 -0.9240 0.3818
vn -0.1925 -0.9589 0.2085
vn -0.0857 -0.8794 0.4684
vn -0.1060 -0.8742 0.4739
vn -0.0163 -0.8884 0.4588
vn -0.0867 -0.9111 0.4030
vn -0.0647 -0.9165 0.3947
vn -0.0490 -0.9382 0.3427
vn -0.0833 -0.9335 0.3487
vn 0.0284 -0.9193 0.3925
vn -0.1385 -0.9869 0.0829
vn -0.0387 -0.9858 0.1634
vn -0.0152 -0.9758 0.2183
vn 0.0604 -0.9981 -0.0155
vn -0.0809 -0.9686 0.2349
vn 0.0334 -0.9622 -0.2704
vn 0.0139 -0.9996 -0.0260
vn 0.0309 -0.9686 -0.2468
vn 0.0045 -0.9804 -0.1968
vn 0.0055 -0.9925 -0.1223
vn 0.0501 -0.9881 -0.1453
vn 0.0682 -0.9676 -0.2433
vn 0.0415 -0.9119 -0.4083
vn 0.0081 -0.9991 -0.0424
vn -0.0035 -0.9989 -0.0459
vn 0.0397 -0.9986 0.0343
vn -0.0004 -0.9984 -0.0558
vn 0.0380 -0.9977 -0.0556
vn -0.0107 -0.9999 0.0102
vn 0.0260 -0.9991 -0.0332
vn 0.0927 -0.9930 -0.0727
vn 0.1461 -0.9849 -0.0923
vn 0.1674 -0.9797 -0.1102
vn 0.2256 -0.9558 -0.1886
vn 0.0247 -0.9997 0.0049
vn 0.0365 -0.9990 -0.0272
vn 0.0402 -0.9992 -0.0047
vn 0.0461 -0.9987 0.0222
vn -0.2669 -0.9532 0.1422
vn -0.1334 -0.9897 0.0518
vn -0.0764 -0.9971 0.0063
vn -0.0556 -0.9984 -0.0124
vn -0.0115 -0.9993 -0.0369
vn -0.0572 -0.9983 -0.0105
vn -0.8692 0.4040 0.2850
vn 0.0910 -0.9947 -0.0484
vn 0.1109 -0.9925 -0.0508
vn 0.1194 -0.9924 -0.0304
vn 0.1432 -0.9897 -0.0083
vn 0.0665 -0.9215 -0.3827
vn -0.0122 -0.9541 -0.2993
vn 0.0208 -0.9771 -0.2117
vn 0.0324 -0.9905 -0.1335
vn 0.0337 -0.9959 -0.0843
vn 0.0183 -0.9995 -0.0261
vn -0.1240 0.9923 -0.0000
vn 0.0034 -0.9999 0.0164
vn -0.0065 -0.9991 0.0429
vn 0.1115 -0.9936 0.0159
vn -0.0118 -0.9959 0.0897
vn -0.0179 -0.9948 0.1001
vn -0.0105 -0.9920 0.1259
vn 0.0613 -0.9876 0.1448
vn -0.0784 -0.9803 0.1812
vn -0.0267 -0.9918 0.1248
vn -0.0067 -0.9895 0.1446
vn -0.0658 -0.9753 0.2108
vn 0.0204 -0.9991 -0.0381
vn -0.0073 -0.9991 -0.0416
vn -0.0418 -0.9973 -0.0611
vn -0.0261 -0.9989 -0.0389
vn 0.0181 -0.9995 0.0262
vn -0.1092 -0.9940 0.0096
vn 0.0202 -0.9983 -0.0548
vn 0.0346 -0.9727 -0.2295
vn 0.0162 -0.9945 -0.1034
s 0
f 13167//820 11570//820 13166//820
f 13167//821 13168//821 11569//821
f 13220//822 11486//822 13219//822
f 13240//823 11465//823 11466//823
f 11517//824 11518//824 13194//824
f 13176//825 11557//825 11558//825
f 13171//826 13172//826 11566//826
f 13172//827 13173//827 11565//827
f 11542//828 11543//828 13181//828
f 11562//829 11563//829 13174//829
f 13230//830 13231//830 11476//830
f 11560//831 11561//831 13175//831
f 13223//832 11485//832 13222//832
f 11508//833 13202//833 11507//833
f 11473//834 13236//834 13237//834
f 13213//835 13214//835 11495//835
f 13177//836 11553//836 11554//836
f 11553//837 13177//837 11552//837
f 13178//838 11551//838 11552//838
f 13187//839 13188//839 11533//839
f 11550//840 13178//840 11549//840
f 11549//841 13178//841 11548//841
f 11509//833 13202//833 11508//833
f 13186//842 13187//842 11535//842
f 13182//843 13183//843 11538//843
f 13228//844 13229//844 11477//844
f 11544//845 13181//845 11543//845
f 11541//846 11542//846 13182//846
f 13185//847 13186//847 11535//847
f 11540//848 13182//848 11539//848
f 11539//849 13182//849 11538//849
f 11495//850 13214//850 11494//850
f 11537//851 13183//851 11536//851
f 11536//852 13185//852 11535//852
f 13239//853 11469//853 11470//853
f 13241//854 11463//854 11464//854
f 11533//855 13188//855 11532//855
f 11532//856 13188//856 11531//856
f 11530//857 13189//857 11529//857
f 11518//858 11519//858 13193//858
f 11496//859 13213//859 11495//859
f 13195//860 11514//860 13194//860
f 11527//861 13190//861 11526//861
f 11526//862 13190//862 11525//862
f 11525//863 13190//863 11524//863
f 13214//864 13215//864 11493//864
f 11484//865 11485//865 13224//865
f 11521//866 11522//866 13192//866
f 13176//825 11558//825 11559//825
f 11505//867 11506//867 13204//867
f 13244//868 11459//868 11460//868
f 11523//869 11524//869 13191//869
f 11540//870 11541//870 13182//870
f 13197//871 13198//871 11512//871
f 11546//872 13180//872 11545//872
f 11513//873 11514//873 13195//873
f 11512//874 11513//874 13195//874
f 11468//875 11469//875 13239//875
f 11511//876 13200//876 11510//876
f 11510//877 13201//877 11509//877
f 11547//878 13179//878 11546//878
f 13170//879 13171//879 11566//879
f 11506//880 11507//880 13203//880
f 13207//881 13208//881 11499//881
f 11475//882 13234//882 13235//882
f 11504//883 13204//883 11503//883
f 11503//884 13204//884 11502//884
f 13239//885 13240//885 11467//885
f 13184//886 13185//886 11536//886
f 11500//887 13207//887 11499//887
f 11499//888 13210//888 11498//888
f 13201//889 13202//889 11509//889
f 13205//890 13206//890 11501//890
f 13172//891 11565//891 11566//891
f 11502//892 13205//892 11501//892
f 11516//893 11517//893 13194//893
f 11512//894 13198//894 11511//894
f 13199//895 13200//895 11511//895
f 13177//896 13178//896 11552//896
f 13170//897 11566//897 11567//897
f 13179//898 13180//898 11546//898
f 13182//899 11542//899 13181//899
f 13176//825 11559//825 11560//825
f 13173//900 11564//900 11565//900
f 13238//901 11471//901 11472//901
f 11484//902 13225//902 11483//902
f 13226//903 11482//903 11483//903
f 13227//904 11481//904 11482//904
f 11481//905 13227//905 11480//905
f 11480//906 13227//906 11479//906
f 13177//907 11556//907 11557//907
f 13200//908 13201//908 11510//908
f 11514//909 11515//909 13194//909
f 13231//910 11475//910 11476//910
f 13233//911 11475//911 13232//911
f 11562//912 13174//912 13175//912
f 11474//913 11475//913 13235//913
f 13169//914 11567//914 11568//914
f 11545//872 13180//872 11544//872
f 13190//915 11527//915 13189//915
f 11520//866 11521//866 13192//866
f 13238//916 13239//916 11470//916
f 13212//917 13213//917 11496//917
f 13198//918 13199//918 11511//918
f 13237//919 13238//919 11472//919
f 13240//920 13241//920 11464//920
f 11491//921 13215//921 11490//921
f 13242//922 11462//922 13241//922
f 13242//923 13243//923 11461//923
f 13245//924 11458//924 11459//924
f 11515//925 11516//925 13194//925
f 11561//926 11562//926 13175//926
f 11522//869 11523//869 13191//869
f 13167//927 11569//927 11570//927
f 13168//928 13169//928 11568//928
f 13169//929 13170//929 11567//929
f 11485//930 11486//930 13220//930
f 11476//931 11477//931 13229//931
f 11563//932 11564//932 13174//932
f 13180//933 13181//933 11544//933
f 13175//934 13176//934 11560//934
f 13245//924 11457//924 11458//924
f 13176//935 13177//935 11557//935
f 13177//936 11554//936 11555//936
f 13208//937 13209//937 11499//937
f 13243//938 11460//938 11461//938
f 13194//939 11518//939 13193//939
f 13239//940 11467//940 11468//940
f 13209//941 13210//941 11499//941
f 11548//878 13179//878 11547//878
f 13183//942 13184//942 11536//942
f 13240//943 11466//943 11467//943
f 13225//944 13226//944 11483//944
f 11472//945 11473//945 13237//945
f 11473//946 11474//946 13236//946
f 11498//947 13211//947 11497//947
f 13192//948 11522//948 13191//948
f 11531//949 13189//949 11530//949
f 11534//950 13187//950 11533//950
f 11519//951 11520//951 13193//951
f 11529//952 13189//952 11528//952
f 13193//953 11520//953 13192//953
f 13196//954 11512//954 13195//954
f 13197//955 11512//955 13196//955
f 13215//956 13216//956 11490//956
f 11478//957 13228//957 11477//957
f 11474//958 13235//958 13236//958
f 11550//959 11551//959 13178//959
f 11487//960 11488//960 13217//960
f 11478//961 11479//961 13228//961
f 13204//962 11506//962 13203//962
f 13204//963 13205//963 11502//963
f 11504//964 11505//964 13204//964
f 13206//965 13207//965 11500//965
f 13223//966 13224//966 11485//966
f 13221//967 13222//967 11485//967
f 13202//968 13203//968 11507//968
f 13210//969 13211//969 11498//969
f 11493//970 13215//970 11492//970
f 11538//971 13183//971 11537//971
f 11497//972 13212//972 11496//972
f 11501//973 13206//973 11500//973
f 13219//974 11486//974 13218//974
f 11494//850 13214//850 11493//850
f 13177//936 11555//936 11556//936
f 13190//975 13191//975 11524//975
f 11490//976 13216//976 11489//976
f 13221//977 11485//977 13220//977
f 11488//978 11489//978 13216//978
f 11491//979 11492//979 13215//979
f 11486//980 11487//980 13218//980
f 13225//981 11484//981 13224//981
f 11564//982 13173//982 13174//982
f 13226//983 13227//983 11482//983
f 13227//984 13228//984 11479//984
f 11527//985 11528//985 13189//985
f 13230//986 11476//986 13229//986
f 13217//987 11488//987 13216//987
f 13231//988 13232//988 11475//988
f 13233//989 13234//989 11475//989
f 13188//990 13189//990 11531//990
f 13211//991 13212//991 11497//991
f 13168//992 11568//992 11569//992
f 13238//993 11470//993 11471//993
f 13218//994 11487//994 13217//994
f 13178//995 13179//995 11548//995
f 13240//823 11464//823 11465//823
f 13241//854 11462//854 11463//854
f 13242//996 11461//996 11462//996
f 13243//997 13244//997 11460//997
f 13244//998 13245//998 11459//998
f 13245//924 11456//924 11457//924
f 11535//950 13187//950 11534//950
f 11594//999 9322//999 9321//999
f 11593//1000 9321//1000 9320//1000
f 11593//1000 9320//1000 9319//1000
f 11592//1001 9319//1001 9318//1001
f 11591//1002 9318//1002 9317//1002
f 9313//1003 11590//1003 9314//1003
f 9316//1004 9315//1004 11590//1004
f 9315//1005 9314//1005 11590//1005
f 9316//1006 11591//1006 9317//1006
f 11582//1007 9302//1007 11581//1007
f 9312//1008 9311//1008 11587//1008
f 11586//1009 9311//1009 9310//1009
f 11585//1010 9310//1010 9309//1010
f 11584//1011 9309//1011 9308//1011
f 11583//1012 9308//1012 9307//1012
f 9307//1012 9306//1012 11583//1012
f 11582//1013 9306//1013 9305//1013
f 9293//1014 11573//1014 9294//1014
f 11572//1015 9291//1015 11571//1015
f 11579//1016 11580//1016 9298//1016
f 9302//1017 9301//1017 11581//1017
f 9301//1018 9300//1018 11581//1018
f 11578//1019 11579//1019 9297//1019
f 9291//1020 13165//1020 13166//1020 11570//1020
f 11583//1021 9306//1021 11582//1021
f 9297//1022 11579//1022 9298//1022
f 9294//1023 11574//1023 9295//1023
f 9296//1024 11578//1024 9297//1024
f 11576//1025 9296//1025 11575//1025
f 9293//1026 9292//1026 11573//1026
f 9292//1027 9291//1027 11572//1027
f 11594//1028 9321//1028 11593//1028
f 11593//1029 9319//1029 11592//1029
f 11592//1030 9318//1030 11591//1030
f 11590//1031 11591//1031 9316//1031
f 11573//1032 9292//1032 11572//1032
f 11588//1033 11589//1033 9312//1033
f 11587//1034 11588//1034 9312//1034
f 9312//1035 11589//1035 9313//1035
f 11586//1036 9310//1036 11585//1036
f 11585//1037 9309//1037 11584//1037
f 11584//1038 9308//1038 11583//1038
f 9298//1039 11580//1039 9299//1039
f 11589//1040 11590//1040 9313//1040
f 9304//1041 11582//1041 9305//1041
f 9295//1042 11575//1042 9296//1042
f 9303//1043 9302//1043 11582//1043
f 11577//1044 11578//1044 9296//1044
f 11576//1044 11577//1044 9296//1044
f 11581//1045 9300//1045 11580//1045
f 11574//1046 11575//1046 9295//1046
f 11573//1047 11574//1047 9294//1047
f 11587//1048 9311//1048 11586//1048
f 9304//1049 9303//1049 11582//1049
f 11571//1015 9291//1015 11570//1015
f 9300//1050 9299//1050 11580//1050
f 13164//1051 13165//1051 9291//1051
f 13164//1052 9290//1052 9289//1052
f 13163//1053 13164//1053 9289//1053
f 13162//1054 13163//1054 9288//1054
f 13161//1055 13162//1055 9287//1055
f 9337//1056 9327//1056 9326//1056
f 9286//1057 13159//1057 13160//1057
f 9254//1058 13140//1058 9255//1058
f 9269//1059 13152//1059 9270//1059
f 9285//1060 13158//1060 13159//1060
f 9268//1061 13151//1061 9269//1061
f 13156//1062 13157//1062 9280//1062
f 13156//1063 9279//1063 9278//1063
f 9278//1064 9277//1064 13156//1064
f 9277//1065 9276//1065 13156//1065
f 13157//1066 9282//1066 9281//1066
f 13152//1067 13153//1067 9271//1067
f 9274//1068 9273//1068 13154//1068
f 9273//1068 9272//1068 13154//1068
f 9263//1069 13148//1069 9264//1069
f 13147//1070 13148//1070 9263//1070
f 13155//1071 9274//1071 13154//1071
f 13158//1072 9284//1072 9283//1072
f 13149//1073 9264//1073 13148//1073
f 13157//1074 9283//1074 9282//1074
f 9266//1075 9265//1075 13151//1075
f 9265//1076 9264//1076 13150//1076
f 9275//1077 9274//1077 13155//1077
f 13140//1078 9253//1078 13139//1078
f 9262//1079 9261//1079 13145//1079
f 9261//1080 9260//1080 13144//1080
f 9270//1059 13152//1059 9271//1059
f 13138//1081 9252//1081 13137//1081
f 9258//1082 9257//1082 13141//1082
f 9257//1083 9256//1083 13141//1083
f 13156//1084 9276//1084 13155//1084
f 13139//1085 9253//1085 13138//1085
f 9254//1086 9253//1086 13140//1086
f 9253//1087 9252//1087 13138//1087
f 13164//1088 9291//1088 9290//1088
f 13163//1089 9289//1089 9288//1089
f 13162//1090 9288//1090 9287//1090
f 13161//1091 9287//1091 13160//1091
f 9285//1092 13159//1092 9286//1092
f 9284//1093 13158//1093 9285//1093
f 13158//1094 9283//1094 13157//1094
f 13157//1095 9281//1095 9280//1095
f 13156//1096 9280//1096 9279//1096
f 13146//1097 9262//1097 13145//1097
f 9255//1098 13140//1098 9256//1098
f 9267//1099 9266//1099 13151//1099
f 9258//1100 13142//1100 9259//1100
f 13151//1101 13152//1101 9269//1101
f 13151//1102 9265//1102 13150//1102
f 13154//1103 9272//1103 13153//1103
f 13150//1104 9264//1104 13149//1104
f 13145//1105 9261//1105 13144//1105
f 9275//1077 13155//1077 9276//1077
f 9259//1106 13143//1106 9260//1106
f 13144//1107 9260//1107 13143//1107
f 9263//1108 9262//1108 13146//1108
f 13142//1109 13143//1109 9259//1109
f 13141//1110 13142//1110 9258//1110
f 13147//1070 9263//1070 13146//1070
f 13160//1111 9287//1111 9286//1111
f 9267//1112 13151//1112 9268//1112
f 13141//1113 9256//1113 13140//1113
f 13137//1114 9252//1114 13136//1114
f 9271//1115 13153//1115 9272//1115
f 9326//1116 9339//1116 9338//1116
f 9326//1117 9338//1117 9337//1117
f 9340//1118 9322//1118 11594//1118
f 9340//1119 11594//1119 11595//1119
f 9346//1120 9345//1120 11606//1120
f 11596//1121 11597//1121 9340//1121
f 11597//1122 11598//1122 9341//1122
f 11598//1123 11599//1123 9341//1123
f 11599//1124 11600//1124 9342//1124
f 11600//1125 11601//1125 9342//1125
f 11601//1126 11602//1126 9342//1126
f 9342//1127 11602//1127 9343//1127
f 11603//1128 11604//1128 9344//1128
f 11604//1129 11605//1129 9344//1129
f 10615//1130 9349//1130 9348//1130 10616//1130
f 11606//1131 11607//1131 9346//1131
f 11606//1132 9345//1132 11605//1132
f 11609//1133 10617//1133 10616//1133 11608//1133
f 9340//1134 11597//1134 9341//1134
f 9346//1135 11607//1135 9347//1135
f 11596//1119 9340//1119 11595//1119
f 9343//1136 11603//1136 9344//1136
f 11608//1137 9347//1137 11607//1137
f 9344//1138 11605//1138 9345//1138
f 11602//1139 11603//1139 9343//1139
f 9646//1140 9252//1140 9251//1140 9647//1140
f 11608//1141 10616//1141 9348//1141 9347//1141
f 9341//1142 11599//1142 9342//1142
f 13136//1143 9252//1143 9646//1143 13135//1143
f 13135//1144 9645//1144 9644//1144 13134//1144
f 9210//1145 9701//1145 9700//1145
f 9211//1146 9700//1146 9699//1146
f 9212//1147 9211//1147 9699//1147
f 9213//1148 9212//1148 9698//1148
f 9214//1149 9213//1149 9697//1149
f 9214//1150 9696//1150 9215//1150
f 9239//1151 9667//1151 9666//1151
f 9250//1152 9651//1152 9650//1152
f 9216//1153 9693//1153 9692//1153
f 9217//1154 9692//1154 9691//1154
f 9218//1155 9691//1155 9690//1155
f 9219//1156 9218//1156 9690//1156
f 9215//1157 9696//1157 9695//1157
f 9236//1158 9673//1158 9237//1158
f 9237//1159 9671//1159 9238//1159
f 9244//1160 9662//1160 9245//1160
f 9682//1161 9227//1161 9683//1161
f 9238//1162 9670//1162 9669//1162
f 9225//1163 9685//1163 9226//1163
f 9674//1164 9236//1164 9235//1164
f 9241//1165 9664//1165 9663//1165
f 9690//1166 9221//1166 9220//1166
f 9228//1167 9681//1167 9680//1167
f 9228//1168 9680//1168 9679//1168
f 9240//1169 9664//1169 9241//1169
f 9676//1170 9233//1170 9677//1170
f 9239//1171 9665//1171 9240//1171
f 9239//1172 9666//1172 9665//1172
f 9245//1173 9661//1173 9246//1173
f 9677//1174 9231//1174 9230//1174
f 9663//1175 9242//1175 9241//1175
f 9224//1176 9686//1176 9225//1176
f 9671//1177 9237//1177 9672//1177
f 9216//1178 9695//1178 9694//1178
f 9673//1179 9236//1179 9674//1179
f 9238//1180 9668//1180 9667//1180
f 9238//1181 9667//1181 9239//1181
f 9675//1182 9235//1182 9234//1182
f 9251//1183 9649//1183 9648//1183
f 9676//1184 9234//1184 9233//1184
f 9678//1185 9230//1185 9229//1185
f 9248//1186 9653//1186 9652//1186
f 9246//1187 9661//1187 9660//1187
f 9675//1188 9234//1188 9676//1188
f 9686//1189 9224//1189 9687//1189
f 9247//1190 9659//1190 9658//1190
f 9247//1191 9656//1191 9655//1191
f 9237//1192 9673//1192 9672//1192
f 9226//1193 9685//1193 9684//1193
f 9662//1194 9244//1194 9663//1194
f 9663//1195 9243//1195 9242//1195
f 9250//1196 9649//1196 9251//1196
f 9663//1197 9244//1197 9243//1197
f 9210//1198 9700//1198 9211//1198
f 9212//1199 9699//1199 9698//1199
f 9213//1200 9698//1200 9697//1200
f 9214//1201 9697//1201 9696//1201
f 9215//1202 9695//1202 9216//1202
f 9216//1203 9694//1203 9693//1203
f 9216//1204 9692//1204 9217//1204
f 9217//1205 9691//1205 9218//1205
f 9219//1206 9690//1206 9220//1206
f 9689//1207 9221//1207 9690//1207
f 9688//1208 9222//1208 9689//1208
f 9677//1209 9232//1209 9231//1209
f 9687//1210 9223//1210 9688//1210
f 9225//1211 9686//1211 9685//1211
f 9227//1212 9684//1212 9683//1212
f 9227//1213 9682//1213 9228//1213
f 9228//1214 9682//1214 9681//1214
f 9678//1215 9229//1215 9679//1215
f 9677//1216 9230//1216 9678//1216
f 9247//1217 9655//1217 9248//1217
f 9226//1218 9684//1218 9227//1218
f 9674//1219 9235//1219 9675//1219
f 9689//1220 9222//1220 9221//1220
f 9688//1221 9223//1221 9222//1221
f 9687//1222 9224//1222 9223//1222
f 9249//1223 9652//1223 9651//1223
f 9238//1224 9669//1224 9668//1224
f 9238//1225 9671//1225 9670//1225
f 9248//1226 9654//1226 9653//1226
f 9677//1227 9233//1227 9232//1227
f 9240//1228 9665//1228 9664//1228
f 9245//1229 9662//1229 9661//1229
f 9660//1230 9247//1230 9246//1230
f 9659//1231 9247//1231 9660//1231
f 9248//1232 9655//1232 9654//1232
f 9247//1233 9657//1233 9656//1233
f 9679//1234 9229//1234 9228//1234
f 9248//1235 9652//1235 9249//1235
f 9249//1236 9651//1236 9250//1236
f 9250//1237 9650//1237 9649//1237
f 9251//1238 9648//1238 9647//1238
f 9247//1239 9658//1239 9657//1239
f 9200//1240 9199//1240 9710//1240
f 9201//1241 9200//1241 9709//1241
f 9202//1242 9201//1242 9708//1242
f 9202//1243 9707//1243 9706//1243
f 9203//1244 9706//1244 9705//1244
f 9203//1245 9705//1245 9704//1245
f 9703//1246 9203//1246 9704//1246
f 9207//1247 9206//1247 9702//1247
f 9200//1248 9710//1248 9709//1248
f 9201//1249 9709//1249 9708//1249
f 9202//1250 9708//1250 9707//1250
f 9202//1251 9706//1251 9203//1251
f 9204//1252 9203//1252 9703//1252
f 9205//1253 9204//1253 9702//1253
f 9205//1254 9702//1254 9206//1254
f 9207//1255 9702//1255 9701//1255
f 9702//1256 9204//1256 9703//1256
f 9208//1257 9206//1257 9207//1257
f 9701//1258 9210//1258 9209//1258
f 9710//1259 9199//1259 9711//1259
f 9712//1260 9711//1260 9197//1260
f 9712//1261 9196//1261 9195//1261
f 9712//1262 9195//1262 9194//1262
f 9190//1263 9714//1263 9191//1263
f 9193//1264 9192//1264 9713//1264
f 9192//1264 9191//1264 9713//1264
f 9713//1265 9191//1265 9714//1265
f 9190//1266 9189//1266 9715//1266
f 9716//1267 9189//1267 9188//1267
f 9718//1268 9717//1268 9188//1268
f 9711//1269 9199//1269 9198//1269
f 9720//1270 9186//1270 9185//1270
f 9721//1271 9184//1271 9183//1271
f 9720//1270 9187//1270 9186//1270
f 9721//1272 9185//1272 9184//1272
f 9721//1273 9182//1273 9181//1273
f 9722//1274 9181//1274 9180//1274
f 9711//1275 9198//1275 9197//1275
f 9712//1276 9197//1276 9196//1276
f 9713//1277 9712//1277 9193//1277
f 9193//1278 9712//1278 9194//1278
f 9715//1279 9714//1279 9190//1279
f 9719//1280 9188//1280 9187//1280
f 9716//1281 9188//1281 9717//1281
f 9718//1282 9188//1282 9719//1282
f 9715//1283 9189//1283 9716//1283
f 9720//1284 9185//1284 9721//1284
f 9721//1285 9183//1285 9182//1285
f 9721//1286 9181//1286 9722//1286
f 9719//1287 9187//1287 9720//1287
f 9722//1288 9180//1288 9179//1288
f 9723//1289 9722//1289 9179//1289
f 9723//1290 9178//1290 9177//1290
f 9724//1291 9723//1291 9177//1291
f 9724//1292 9176//1292 9175//1292
f 9725//1293 9175//1293 9174//1293
f 9725//1294 9174//1294 9173//1294
f 9726//1295 9173//1295 9172//1295
f 9726//1296 9172//1296 9171//1296
f 9171//1297 9170//1297 9726//1297
f 9170//1298 9169//1298 9726//1298
f 9160//1299 9739//1299 9161//1299
f 9729//1300 9168//1300 9167//1300
f 9723//1301 9179//1301 9178//1301
f 9724//1302 9177//1302 9176//1302
f 9724//1303 9175//1303 9725//1303
f 9725//1304 9173//1304 9726//1304
f 9726//1305 9169//1305 9727//1305
f 9728//1306 9727//1306 9168//1306
f 9728//1307 9168//1307 9729//1307
f 9168//1308 9727//1308 9169//1308
f 9738//1309 9162//1309 9739//1309
f 9737//1310 9164//1310 9738//1310
f 9735//1311 9167//1311 9166//1311
f 9736//1312 9165//1312 9737//1312
f 9737//1313 9165//1313 9164//1313
f 9732//1314 9728//1314 9729//1314
f 9736//1315 9166//1315 9165//1315
f 9734//1316 9733//1316 9167//1316
f 9739//1317 9159//1317 9158//1317
f 9740//1318 9739//1318 9158//1318
f 9739//1319 9160//1319 9159//1319
f 9739//1320 9162//1320 9161//1320
f 9738//1321 9163//1321 9162//1321
f 9738//1322 9164//1322 9163//1322
f 9734//1323 9167//1323 9735//1323
f 9740//1324 9158//1324 9157//1324
f 9735//1325 9166//1325 9736//1325
f 9151//1326 9747//1326 9746//1326
f 9152//1327 9746//1327 9745//1327
f 9741//1328 9154//1328 9742//1328
f 9744//1329 9743//1329 9153//1329
f 9743//1330 9742//1330 9153//1330
f 9747//1331 9151//1331 9150//1331
f 9156//1332 9741//1332 9740//1332
f 9151//1333 9746//1333 9152//1333
f 9153//1334 9152//1334 9744//1334
f 9153//1335 9742//1335 9154//1335
f 9155//1318 9154//1318 9741//1318
f 9155//1336 9741//1336 9156//1336
f 9156//1337 9740//1337 9157//1337
f 9744//1338 9152//1338 9745//1338
f 9748//1339 9747//1339 9150//1339
f 9748//1340 9150//1340 9149//1340
f 9139//1341 9751//1341 9750//1341 9749//1341 9748//1341 9149//1341 9148//1341 9147//1341 9145//1341 9144//1341 9143//1341 9142//1341 9141//1341 9140//1341
f 9129//1342 9754//1342 9753//1342 9752//1342 9138//1342 9137//1342 9136//1342 9135//1342 9134//1342 9133//1342 9132//1342 9131//1342 9130//1342
f 9138//1343 9752//1343 9751//1343 9139//1343
f 9760//1344 9759//1344 9758//1344 9757//1344 9756//1344 9755//1344 9754//1344 9129//1344 9128//1344 9127//1344 9126//1344 9125//1344 9124//1344 9123//1344
f 9115//1345 9762//1345 9761//1345 9760//1345 9123//1345 9122//1345 9119//1345 9118//1345 9117//1345 9116//1345
f 9766//1346 9765//1346 9764//1346 9763//1346 9762//1346 9115//1346 9114//1346 9113//1346 9112//1346 9111//1346 9110//1346 9109//1346 9108//1346
f 12358//1347 9105//1347 9104//1347 9103//1347 9102//1347 9101//1347 9100//1347 9099//1347 9098//1347 9097//1347 9096//1347 9095//1347 9094//1347 9093//1347 9092//1347 9091//1347 9090//1347 9089//1347 9088//1347 9087//1347 9086//1347 9085//1347 12344//1347 12345//1347 12346//1347 12347//1347 12348//1347 12349//1347 12350//1347 12351//1347 12352//1347 12353//1347 12354//1347 12355//1347 12356//1347 12357//1347
f 12344//1348 9085//1348 9084//1348 9083//1348 9082//1348 9081//1348 9080//1348 9079//1348 9078//1348 9077//1348 9076//1348 9075//1348 9074//1348 9073//1348 12327//1348 12328//1348 12329//1348 12330//1348 12331//1348 12332//1348 12333//1348 12334//1348 12335//1348 12336//1348 12337//1348 12338//1348 12339//1348 12340//1348 12341//1348 12342//1348 12343//1348
f 12327//1349 9073//1349 9072//1349 9071//1349 9070//1349 9069//1349 9068//1349 9067//1349 9066//1349 9065//1349 9064//1349 9063//1349 9062//1349 9061//1349 9060//1349 11217//1349 12314//1349 12315//1349 12316//1349 12317//1349 12318//1349 12319//1349 12320//1349 12321//1349 12322//1349 12323//1349 12324//1349 12325//1349 12326//1349
f 11224//1350 11223//1350 11222//1350 11221//1350 11220//1350 11219//1350 11218//1350 11217//1350 9060//1350 9059//1350 9058//1350 9057//1350 9056//1350 9055//1350 9054//1350 9053//1350
f 11235//1351 11234//1351 11233//1351 11232//1351 11231//1351 11230//1351 11229//1351 11228//1351 11227//1351 11226//1351 11225//1351 11224//1351 9053//1351 9052//1351 9051//1351 9050//1351 9049//1351 9048//1351
f 11249//1352 11248//1352 11247//1352 11246//1352 11245//1352 11244//1352 11243//1352 11242//1352 11241//1352 11240//1352 11239//1352 11238//1352 11237//1352 11236//1352 11235//1352 9048//1352 9047//1352 9046//1352 9045//1352 9044//1352 9043//1352 9042//1352 9041//1352 9040//1352 9039//1352 9038//1352 9037//1352 9036//1352
f 11264//1353 11263//1353 11262//1353 11261//1353 11260//1353 11259//1353 11258//1353 11257//1353 11256//1353 11255//1353 11254//1353 11253//1353 11252//1353 11251//1353 11250//1353 11249//1353 9036//1353 9035//1353 9034//1353 9033//1353 9032//1353 9031//1353 9030//1353 9029//1353 9028//1353 9027//1353 9026//1353 9025//1353 9024//1353 9023//1353 9022//1353 9021//1353 9020//1353
f 11290//1354 11289//1354 11288//1354 11287//1354 11286//1354 11285//1354 11284//1354 11283//1354 11282//1354 11281//1354 11280//1354 11279//1354 11278//1354 11277//1354 11276//1354 11275//1354 11274//1354 11273//1354 11272//1354 11271//1354 11270//1354 11269//1354 11268//1354 11267//1354 11266//1354 11265//1354 11264//1354 9020//1354 9019//1354 9018//1354 9017//1354 9016//1354 9015//1354 9014//1354 9013//1354 9012//1354 9011//1354 9010//1354 9009//1354 9008//1354 9007//1354 9006//1354 9005//1354 9004//1354
f 11318//1355 11317//1355 11316//1355 11315//1355 11314//1355 11313//1355 11312//1355 11311//1355 11310//1355 11309//1355 11308//1355 11307//1355 11306//1355 11305//1355 11304//1355 11303//1355 11302//1355 11301//1355 11300//1355 11299//1355 11298//1355 11297//1355 11296//1355 11295//1355 11294//1355 11293//1355 11292//1355 11291//1355 11290//1355 9004//1355 9003//1355 9002//1355 9001//1355 9000//1355 8999//1355 8998//1355 8997//1355 8996//1355 8995//1355 8994//1355 8993//1355 8992//1355 8991//1355 8990//1355 8989//1355 8988//1355 8987//1355 8986//1355 8985//1355 8984//1355 8983//1355 8982//1355 8981//1355 8980//1355 8979//1355
f 11334//1356 11333//1356 11332//1356 11331//1356 11330//1356 11329//1356 11328//1356 11327//1356 11326//1356 11325//1356 11324//1356 11323//1356 11322//1356 11321//1356 11320//1356 11319//1356 11318//1356 8979//1356 8978//1356 8977//1356 8976//1356 8975//1356 8974//1356 8973//1356 8972//1356 8971//1356 8970//1356 8969//1356 8968//1356 8967//1356 8966//1356 8965//1356 8964//1356 8963//1356 8962//1356 8961//1356 8960//1356 8959//1356 8958//1356 8957//1356 8956//1356 8955//1356
f 11355//1357 11354//1357 11353//1357 11352//1357 11351//1357 11350//1357 11349//1357 11348//1357 11347//1357 11346//1357 11345//1357 11344//1357 11343//1357 11342//1357 11341//1357 11340//1357 11339//1357 11338//1357 11337//1357 11336//1357 11335//1357 11334//1357 8955//1357 8954//1357 8953//1357 8952//1357 8951//1357 8950//1357 8949//1357 8948//1357 8947//1357 8946//1357 8945//1357 8944//1357
f 12314//1358 11217//1358 11216//1358 11215//1358 11214//1358 11213//1358 11212//1358 11211//1358 11210//1358 11209//1358 11208//1358 11207//1358 11206//1358 11205//1358 11204//1358 11203//1358 11202//1358 11201//1358 11200//1358 11199//1358 11198//1358 11197//1358 11196//1358 11195//1358 11194//1358 11193//1358 11192//1358 11191//1358 11190//1358 11189//1358 11188//1358 11187//1358 11186//1358 11185//1358 11184//1358 11183//1358 12277//1358 12278//1358 12279//1358 12280//1358 12281//1358 12282//1358 12283//1358 12284//1358 12285//1358 12286//1358 12287//1358 12288//1358 12289//1358 12290//1358 12291//1358 12292//1358 12293//1358 12294//1358 12295//1358 12296//1358 12297//1358 12298//1358 12299//1358 12300//1358 12301//1358 12302//1358 12303//1358 12304//1358 12305//1358 12306//1358 12307//1358 12308//1358 12309//1358 12310//1358 12311//1358 12312//1358 12313//1358
f 11183//1359 11182//1359 11181//1359 11178//1359 11177//1359 11176//1359 11175//1359 12274//1359 12275//1359 12276//1359 12277//1359
f 9644//1360 9643//1360 9642//1360 9641//1360 9640//1360 9639//1360 9638//1360 9637//1360 9636//1360 9635//1360 9634//1360 9633//1360 9632//1360 9631//1360 9630//1360 9629//1360 9628//1360 9627//1360 9626//1360 9625//1360 9624//1360 9623//1360 9622//1360 9621//1360 9620//1360 9619//1360 9618//1360 9617//1360 13110//1360 13111//1360 13112//1360 13113//1360 13114//1360 13115//1360 13116//1360 13117//1360 13118//1360 13119//1360 13120//1360 13121//1360 13122//1360 13123//1360 13124//1360 13125//1360 13126//1360 13127//1360 13128//1360 13129//1360 13130//1360 13131//1360 13132//1360 13133//1360 13134//1360
f 13110//1361 9617//1361 9616//1361 9615//1361 9614//1361 9613//1361 9612//1361 9611//1361 9610//1361 9609//1361 9608//1361 9607//1361 9606//1361 9605//1361 9604//1361 9603//1361 9602//1361 9601//1361 9600//1361 9599//1361 9598//1361 9597//1361 9596//1361 9595//1361 10889//1361 13094//1361 13095//1361 13096//1361 13097//1361 13098//1361 13099//1361 13100//1361 13101//1361 13102//1361 13103//1361 13104//1361 13105//1361 13106//1361 13107//1361 13108//1361 13109//1361
f 10906//1362 10905//1362 10904//1362 10903//1362 10902//1362 10901//1362 10900//1362 10899//1362 10898//1362 10897//1362 10896//1362 10895//1362 10894//1362 10893//1362 10892//1362 10891//1362 10890//1362 10889//1362 9595//1362 9594//1362 9593//1362 9592//1362 9591//1362 9590//1362 9589//1362 9588//1362 9587//1362
f 10912//1363 10911//1363 10910//1363 10909//1363 10908//1363 10907//1363 10906//1363 9587//1363 9586//1363 9585//1363 9584//1363 9583//1363 9582//1363 9581//1363
f 10926//1364 10925//1364 10924//1364 10923//1364 10922//1364 10921//1364 10920//1364 10919//1364 10918//1364 10917//1364 10916//1364 10915//1364 10914//1364 10913//1364 10912//1364 9581//1364 9580//1364 9579//1364 9578//1364 9577//1364 9576//1364 9575//1364
f 10940//1365 10939//1365 10938//1365 10937//1365 10936//1365 10935//1365 10934//1365 10933//1365 10932//1365 10931//1365 10930//1365 10929//1365 10928//1365 10927//1365 10926//1365 9575//1365 9574//1365 9573//1365 9572//1365 9571//1365 9570//1365 9569//1365 9568//1365 9567//1365 9566//1365 9565//1365 9564//1365
f 9563//1366 10942//1366 10941//1366 10940//1366 9564//1366
f 7994//1367 10955//1367 10954//1367 10953//1367 10952//1367 10951//1367 10950//1367 10949//1367 10948//1367 10947//1367 10946//1367 10945//1367 10944//1367 10943//1367 10942//1367 9563//1367 9562//1367 8008//1367 8007//1367 8006//1367 8005//1367 8004//1367 8003//1367 8002//1367 8001//1367 8000//1367 7999//1367 7998//1367 7997//1367 7996//1367 7995//1367
f 10966//1368 10965//1368 10964//1368 10963//1368 10962//1368 10961//1368 10960//1368 10959//1368 10958//1368 10957//1368 10956//1368 10955//1368 7994//1368 7993//1368 7992//1368 7991//1368 7990//1368 7989//1368 7988//1368 7987//1368
f 10980//1369 10979//1369 10978//1369 10977//1369 10976//1369 10975//1369 10974//1369 10973//1369 10972//1369 10971//1369 10970//1369 10969//1369 10968//1369 10967//1369 10966//1369 7987//1369 7986//1369 7985//1369 7984//1369 7983//1369 7982//1369 7981//1369 7980//1369 7979//1369 7978//1369 7977//1369
f 10988//1370 10987//1370 10986//1370 10985//1370 10984//1370 10983//1370 10982//1370 10981//1370 10980//1370 7977//1370 7976//1370 7975//1370 7974//1370 7973//1370 7972//1370 7971//1370
f 7970//1371 10989//1371 10988//1371 7971//1371
f 10995//1372 10994//1372 10993//1372 10992//1372 10991//1372 10990//1372 10989//1372 7970//1372 7969//1372 7968//1372 7967//1372 7966//1372 7965//1372
f 11016//1373 11015//1373 11014//1373 11013//1373 11012//1373 11011//1373 11010//1373 11009//1373 11008//1373 11007//1373 11006//1373 11005//1373 11004//1373 11003//1373 11002//1373 11001//1373 11000//1373 10999//1373 10998//1373 10997//1373 10996//1373 10995//1373 7965//1373 7964//1373 7963//1373 7962//1373 7961//1373 7960//1373 7959//1373 7958//1373 7957//1373 7956//1373 7955//1373 7954//1373 7953//1373
f 11016//1374 7953//1374 7952//1374 7951//1374 7950//1374 7949//1374
f 11022//1375 11021//1375 11020//1375 11019//1375 11018//1375 11017//1375 11016//1375 7949//1375 7945//1375 7944//1375 7943//1375 7942//1375
f 11034//1376 11033//1376 11032//1376 11031//1376 11030//1376 11029//1376 11028//1376 11027//1376 11026//1376 11025//1376 11024//1376 11023//1376 11022//1376 7942//1376 7941//1376 7940//1376 7939//1376 7938//1376 7937//1376 7936//1376
f 11629//1377 10625//1377 10624//1377 10623//1377 10622//1377 10621//1377 10620//1377 10619//1377 10618//1377 10617//1377 11609//1377 11610//1377 11611//1377 11612//1377 11613//1377 11614//1377 11615//1377 11616//1377 11617//1377 11618//1377 11619//1377 11620//1377 11621//1377 11622//1377 11623//1377 11624//1377 11625//1377 11626//1377 11627//1377 11628//1377
f 11644//1378 11643//1378 11642//1378 11641//1378 11640//1378 11639//1378 11638//1378 11637//1378 11636//1378 11635//1378 11634//1378 11633//1378 11632//1378 11631//1378 11630//1378 11629//1378 10625//1378 10626//1378 10627//1378 10628//1378 10629//1378 10630//1378 10631//1378 10632//1378 10633//1378 10634//1378 10635//1378 10636//1378 10637//1378 10638//1378 10639//1378 10640//1378 10641//1378 10642//1378 10643//1378 10644//1378
f 10625//1379 11629//1379 11630//1379 11631//1379 11632//1379 11633//1379 11634//1379 11635//1379 11636//1379 11637//1379 11638//1379 11639//1379 11640//1379 11641//1379 11642//1379 11643//1379 11644//1379 11645//1379 11646//1379 11647//1379 11648//1379 11649//1379 11650//1379 11651//1379 11652//1379 11653//1379 11654//1379 11655//1379 11656//1379 11657//1379 11658//1379 10658//1379 10657//1379 10656//1379 10655//1379 10654//1379 10653//1379 10652//1379 10651//1379 10650//1379 10649//1379 10648//1379 10647//1379 10646//1379 10645//1379 10644//1379 10643//1379 10642//1379 10641//1379 10640//1379 10639//1379 10638//1379 10637//1379 10636//1379 10635//1379 10634//1379 10633//1379 10632//1379 10631//1379 10630//1379 10629//1379 10628//1379 10627//1379 10626//1379
f 11670//1380 10672//1380 10671//1380 10670//1380 10669//1380 10668//1380 10667//1380 10666//1380 10665//1380 10664//1380 10663//1380 10662//1380 10661//1380 10660//1380 10659//1380 10658//1380 11658//1380 11659//1380 11660//1380 11661//1380 11662//1380 11663//1380 11664//1380 11665//1380 11666//1380 11667//1380 11668//1380 11669//1380
f 9362//1381 9361//1381 9360//1381 9359//1381 9358//1381 9357//1381 9356//1381 9355//1381 9354//1381 9353//1381 9352//1381 9351//1381 9350//1381 9349//1381 10615//1381 10614//1381 10613//1381 10612//1381 10611//1381 10610//1381 10609//1381
f 9362//1382 10609//1382 10608//1382 9370//1382 9369//1382 9368//1382 9367//1382 9366//1382 9365//1382
f 9375//1383 9374//1383 9373//1383 9372//1383 9371//1383 9370//1383 10608//1383 10607//1383 10606//1383
f 9384//1384 9383//1384 9382//1384 9381//1384 9380//1384 9379//1384 9378//1384 9377//1384 9376//1384 9375//1384 10606//1384 10605//1384 10604//1384 10603//1384 10602//1384 10601//1384 10600//1384 10599//1384 10598//1384 10597//1384 10596//1384
f 9385//1385 9384//1385 10596//1385 10595//1385 10594//1385 10593//1385
f 10593//1386 9386//1386 9385//1386
f 10593//1387 10592//1387 10589//1387 10588//1387 10587//1387 10586//1387 10585//1387 9393//1387 9392//1387 9391//1387 9390//1387 9389//1387 9388//1387 9387//1387 9386//1387
f 9393//1388 10585//1388 10584//1388 10583//1388 9396//1388 9395//1388 9394//1388
f 10583//1389 10582//1389 10581//1389 10580//1389 10579//1389 10578//1389 10577//1389 10576//1389 10575//1389 10574//1389 9407//1389 9406//1389 9405//1389 9404//1389 9403//1389 9402//1389 9401//1389 9400//1389 9399//1389 9398//1389 9397//1389 9396//1389
f 10574//1390 10573//1390 10572//1390 10571//1390 10570//1390 10569//1390 10568//1390 9419//1390 9418//1390 9417//1390 9416//1390 9415//1390 9414//1390 9413//1390 9412//1390 9411//1390 9410//1390 9409//1390 9408//1390 9407//1390
f 10568//1391 10567//1391 10566//1391 10565//1391 10564//1391 10563//1391 10562//1391 10561//1391 10560//1391 10559//1391 10558//1391 10557//1391 9431//1391 9430//1391 9429//1391 9428//1391 9427//1391 9426//1391 9425//1391 9424//1391 9423//1391 9422//1391 9421//1391 9420//1391 9419//1391
f 10875//1392 13091//1392 13092//1392 13093//1392 13094//1392 10889//1392 10888//1392 10887//1392 10886//1392 10885//1392 10884//1392 10883//1392 10882//1392 10881//1392 10880//1392 10879//1392 10878//1392 10877//1392 10876//1392
f 10860//1393 13081//1393 13082//1393 13083//1393 13084//1393 13085//1393 13086//1393 13087//1393 13088//1393 13089//1393 13090//1393 13091//1393 10875//1393 10874//1393 10873//1393 10872//1393 10871//1393 10870//1393 10869//1393 10868//1393 10867//1393 10866//1393 10865//1393 10864//1393 10863//1393 10862//1393 10861//1393
f 10848//1394 13071//1394 13072//1394 13073//1394 13074//1394 13075//1394 13076//1394 13077//1394 13078//1394 13079//1394 13080//1394 13081//1394 10860//1394 10859//1394 10858//1394 10857//1394 10856//1394 10855//1394 10854//1394 10853//1394 10852//1394 10851//1394 10850//1394 10849//1394
f 10824//1395 13054//1395 13055//1395 13056//1395 13057//1395 13058//1395 13059//1395 13060//1395 13061//1395 13062//1395 13063//1395 13064//1395 13065//1395 13066//1395 13067//1395 13068//1395 13069//1395 13070//1395 13071//1395 10848//1395 10847//1395 10846//1395 10845//1395 10844//1395 10843//1395 10842//1395 10841//1395 10840//1395 10839//1395 10838//1395 10837//1395 10836//1395 10835//1395 10834//1395 10833//1395 10832//1395 10831//1395 10830//1395 10829//1395 10828//1395 10827//1395 10826//1395 10825//1395
f 8555//1396 8554//1396 11806//1396 11807//1396 11808//1396 8561//1396 8560//1396 8559//1396 8558//1396 8557//1396 8556//1396
f 12117//1397 12118//1397 12119//1397 12120//1397 8564//1397 11809//1397 11810//1397 11811//1397 11812//1397 11813//1397 11814//1397 11815//1397
f 11809//1398 8564//1398 8561//1398 11808//1398
f 12123//1399 8572//1399 8571//1399 8570//1399 8569//1399 8568//1399 8567//1399 8566//1399 8565//1399 8564//1399 12120//1399 12121//1399 12122//1399
f 12117//1400 11815//1400 11816//1400 11817//1400 11818//1400 11819//1400 11820//1400 11821//1400 11822//1400 11823//1400 11824//1400 11825//1400 11826//1400 11827//1400 11828//1400 11829//1400 11830//1400 11831//1400 12106//1400 12107//1400 12108//1400 12109//1400 12110//1400 12111//1400 12112//1400 12113//1400 12114//1400 12115//1400 12116//1400
f 8572//1401 12123//1401 12124//1401 12125//1401 12126//1401 12127//1401 12128//1401 12129//1401 8591//1401 8590//1401 8589//1401 8588//1401 8587//1401 8586//1401 8585//1401 8584//1401 8583//1401 8582//1401 8581//1401 8580//1401 8579//1401 8578//1401 8577//1401 8576//1401 8575//1401 8574//1401 8573//1401
f 8552//1402 8551//1402 10099//1402 10098//1402 10097//1402 10096//1402 10095//1402 10094//1402 10093//1402 10092//1402 10091//1402 10090//1402 10089//1402 10088//1402 10087//1402 10086//1402 10085//1402 10084//1402 10083//1402 10082//1402 10081//1402 10080//1402 11783//1402 11784//1402 11785//1402 11786//1402 11787//1402 11788//1402 11789//1402 11790//1402 11791//1402 11792//1402 11793//1402 11794//1402 11795//1402 11796//1402 11797//1402 11798//1402 11799//1402 11800//1402 11801//1402 11802//1402 11803//1402 11804//1402 11805//1402 11806//1402 8554//1402 8553//1402
f 12143//1403 8620//1403 8619//1403 8618//1403 8617//1403 8616//1403 8615//1403 8614//1403 8613//1403 8612//1403 8611//1403 8610//1403 8609//1403 8608//1403 8607//1403 8606//1403 8605//1403 8604//1403 8603//1403 8602//1403 8601//1403 8600//1403 8599//1403 8598//1403 8597//1403 8596//1403 8595//1403 8594//1403 8593//1403 8592//1403 8591//1403 12129//1403 12130//1403 12131//1403 12132//1403 12133//1403 12134//1403 12135//1403 12136//1403 12137//1403 12138//1403 12139//1403 12140//1403 12141//1403 12142//1403
f 12154//1404 8641//1404 8640//1404 8639//1404 8638//1404 8637//1404 8636//1404 8635//1404 8634//1404 8633//1404 8632//1404 8631//1404 8630//1404 8629//1404 8628//1404 8627//1404 8626//1404 8625//1404 8624//1404 8623//1404 8622//1404 8621//1404 8620//1404 12143//1404 12144//1404 12145//1404 12146//1404 12147//1404 12148//1404 12149//1404 12150//1404 12151//1404 12152//1404 12153//1404
f 12157//1405 8646//1405 8645//1405 8644//1405 8643//1405 8642//1405 8641//1405 12154//1405 12155//1405 12156//1405
f 12157//1406 12158//1406 8647//1406 8646//1406
f 12162//1407 8654//1407 8653//1407 8652//1407 8651//1407 8650//1407 8647//1407 12158//1407 12159//1407 12160//1407 12161//1407
f 12167//1408 8661//1408 8660//1408 8659//1408 8658//1408 8657//1408 8656//1408 8655//1408 8654//1408 12162//1408 12163//1408 12164//1408 12165//1408 12166//1408
f 12171//1409 8669//1409 8668//1409 8667//1409 8666//1409 8665//1409 8664//1409 8663//1409 8662//1409 8661//1409 12167//1409 12168//1409 12169//1409 12170//1409
f 12175//1410 8670//1410 8669//1410 12171//1410 12172//1410 12173//1410 12174//1410
f 12176//1411 7783//1411 8671//1411 8670//1411 12175//1411
f 7591//1412 7590//1412 12720//1412 12721//1412 12722//1412 7592//1412
f 12963//1413 7594//1413 7593//1413 7592//1413 12960//1413 12961//1413 12962//1413
f 12968//1414 7599//1414 7598//1414 7597//1414 7596//1414 7595//1414 7594//1414 12963//1414 12964//1414 12965//1414 12966//1414 12967//1414
f 12975//1415 7607//1415 7606//1415 7605//1415 7604//1415 7603//1415 7602//1415 7601//1415 7600//1415 7599//1415 12968//1415 12969//1415 12970//1415 12971//1415 12972//1415 12973//1415 12974//1415
f 12979//1416 7610//1416 7609//1416 7608//1416 7607//1416 12975//1416 12976//1416 12977//1416 12978//1416
f 12984//1417 7613//1417 7612//1417 7611//1417 7610//1417 12979//1417 12980//1417 12981//1417 12982//1417 12983//1417
f 7613//1418 12984//1418 12985//1418 8827//1418 7615//1418 7614//1418
f 8828//1419 8827//1419 12985//1419 12986//1419 12987//1419 8831//1419 8830//1419 8829//1419
f 8824//1420 8823//1420 8822//1420 8821//1420 8820//1420 8819//1420 8818//1420 7631//1420 7630//1420 7629//1420 7628//1420 7627//1420 7626//1420 7625//1420 7624//1420 7623//1420 7622//1420 7621//1420 7620//1420 7619//1420
f 12995//1421 8835//1421 8834//1421 8833//1421 8832//1421 8831//1421 12987//1421 12988//1421 12989//1421 12990//1421 12991//1421 12992//1421 12993//1421 12994//1421
f 13000//1422 8844//1422 8843//1422 8842//1422 8841//1422 8840//1422 8839//1422 8838//1422 8837//1422 8836//1422 8835//1422 12995//1422 12996//1422 12997//1422 12998//1422 12999//1422
f 13013//1423 8859//1423 8858//1423 8857//1423 8856//1423 8855//1423 8854//1423 8853//1423 8852//1423 8851//1423 8850//1423 8849//1423 8848//1423 8847//1423 8846//1423 8845//1423 8844//1423 13000//1423 13001//1423 13002//1423 13003//1423 13004//1423 13005//1423 13006//1423 13007//1423 13008//1423 13009//1423 13010//1423 13011//1423 13012//1423
f 13017//1424 8862//1424 8861//1424 8860//1424 8859//1424 13013//1424 13014//1424 13015//1424 13016//1424
f 13031//1425 8871//1425 8870//1425 8869//1425 8868//1425 8867//1425 8866//1425 8865//1425 8862//1425 13017//1425 13018//1425 13019//1425 13020//1425 13021//1425 13022//1425 13023//1425 13024//1425 13025//1425 13026//1425 13027//1425 13028//1425 13029//1425 13030//1425
f 13031//1426 13032//1426 10795//1426 8872//1426 8871//1426
f 10795//1427 11443//1427 11442//1427 11441//1427 11440//1427 11439//1427 8873//1427 8872//1427
f 13036//1428 10800//1428 10799//1428 10798//1428 10797//1428 10796//1428 10795//1428 13032//1428 13033//1428 13034//1428 13035//1428
f 13046//1429 10812//1429 10811//1429 10810//1429 10809//1429 10808//1429 10807//1429 10806//1429 10805//1429 10804//1429 10803//1429 10802//1429 10801//1429 10800//1429 13036//1429 13037//1429 13038//1429 13039//1429 13040//1429 13041//1429 13042//1429 13043//1429 13044//1429 13045//1429
f 10812//1430 13046//1430 13047//1430 13048//1430 13049//1430 13050//1430 13051//1430 13052//1430 13053//1430 13054//1430 10824//1430 10823//1430 10822//1430 10821//1430 10820//1430 10819//1430 10818//1430 10817//1430 10816//1430 10815//1430 10814//1430 10813//1430
f 9543//1431 9542//1431 10426//1431
f 12670//1432 10426//1432 12669//1432
f 9544//1433 9543//1433 10426//1433 12670//1433 12671//1433
f 10430//1434 10429//1434 10428//1434 10427//1434 10426//1434 9542//1434 9541//1434 9540//1434 9539//1434 9538//1434 9537//1434 9536//1434 9535//1434 9534//1434
f 12669//1435 10426//1435 10425//1435 10424//1435 10423//1435 10422//1435 10421//1435 10420//1435 10419//1435 10418//1435 10417//1435 12659//1435 12660//1435 12661//1435 12662//1435 12663//1435 12664//1435 12665//1435 12666//1435 12667//1435 12668//1435
f 12659//1436 10417//1436 10416//1436 10415//1436 10414//1436 10413//1436 12654//1436 12655//1436 12656//1436 12657//1436 12658//1436
f 12654//1437 10413//1437 10412//1437 10411//1437 10410//1437 10409//1437 10408//1437 12648//1437 12649//1437 12650//1437 12651//1437 12652//1437 12653//1437
f 12648//1438 10408//1438 10407//1438 10406//1438 10405//1438 12645//1438 12646//1438 12647//1438
f 12645//1439 10405//1439 10404//1439 10403//1439 10402//1439 10401//1439 10400//1439 12639//1439 12640//1439 12641//1439 12642//1439 12643//1439 12644//1439
f 12639//1440 10400//1440 10399//1440 10398//1440 10397//1440 10396//1440 10395//1440 10394//1440 10393//1440 12629//1440 12630//1440 12631//1440 12632//1440 12633//1440 12634//1440 12635//1440 12636//1440 12637//1440 12638//1440
f 12629//1441 10393//1441 10392//1441 10391//1441 10390//1441 10389//1441 10388//1441 10387//1441 12621//1441 12622//1441 12623//1441 12624//1441 12625//1441 12626//1441 12627//1441 12628//1441
f 7858//1442 11115//1442 11114//1442 7861//1442 7860//1442 7859//1442
f 12234//1443 11116//1443 11115//1443 12230//1443 12231//1443 12232//1443 12233//1443
f 11114//1444 11113//1444 11112//1444 11111//1444 11110//1444 11109//1444 11108//1444 7868//1444 7867//1444 7866//1444 7865//1444 7864//1444 7863//1444 7862//1444 7861//1444
f 12236//1445 11123//1445 11122//1445 11121//1445 11120//1445 11119//1445 11118//1445 11117//1445 11116//1445 12234//1445 12235//1445
f 12227//1446 12228//1446 12229//1446 12230//1446 11115//1446 7858//1446 7857//1446 7856//1446 7855//1446 7854//1446 7853//1446
f 10672//1447 11670//1447 11671//1447 11672//1447 11673//1447 11674//1447 10683//1447 10682//1447 10681//1447 10680//1447 10679//1447 10678//1447 10677//1447 10676//1447 10675//1447 10674//1447 10673//1447
f 11678//1448 10693//1448 10692//1448 10691//1448 10690//1448 10689//1448 10688//1448 10687//1448 10686//1448 10685//1448 10684//1448 10683//1448 11674//1448 11675//1448 11676//1448 11677//1448
f 11687//1449 10703//1449 10702//1449 10701//1449 10700//1449 10699//1449 10698//1449 10697//1449 10696//1449 10695//1449 10694//1449 10693//1449 11678//1449 11679//1449 11680//1449 11681//1449 11682//1449 11683//1449 11684//1449 11685//1449 11686//1449
f 11696//1450 10710//1450 10709//1450 10708//1450 10707//1450 10706//1450 10705//1450 10704//1450 10703//1450 11687//1450 11688//1450 11689//1450 11690//1450 11691//1450 11692//1450 11693//1450 11694//1450 11695//1450
f 11702//1451 10720//1451 10719//1451 10718//1451 10717//1451 10716//1451 10715//1451 10714//1451 10713//1451 10712//1451 10711//1451 10710//1451 11696//1451 11697//1451 11698//1451 11699//1451 11700//1451 11701//1451
f 11702//1452 11703//1452 11704//1452 11705//1452 10724//1452 10722//1452 10721//1452 10720//1452
f 11709//1453 10737//1453 10736//1453 10735//1453 10734//1453 10733//1453 10732//1453 10731//1453 10730//1453 10729//1453 10728//1453 10727//1453 10726//1453 10725//1453 10724//1453 11705//1453 11706//1453 11707//1453 11708//1453
f 11714//1454 10744//1454 10743//1454 10742//1454 10741//1454 10740//1454 10739//1454 10738//1454 10737//1454 11709//1454 11710//1454 11711//1454 11712//1454 11713//1454
f 11723//1455 10755//1455 10754//1455 10753//1455 10752//1455 10751//1455 10750//1455 10749//1455 10748//1455 10747//1455 10746//1455 10745//1455 10744//1455 11714//1455 11715//1455 11716//1455 11717//1455 11718//1455 11719//1455 11720//1455 11721//1455 11722//1455
f 10755//1456 11723//1456 11724//1456 11725//1456 11726//1456 11727//1456 11728//1456 11729//1456 11730//1456 11731//1456 11732//1456 11733//1456 10767//1456 10766//1456 10765//1456 10764//1456 10763//1456 10762//1456 10761//1456 10760//1456 10759//1456 10758//1456 10757//1456 10756//1456
f 11739//1457 10776//1457 10775//1457 10774//1457 10773//1457 10772//1457 10771//1457 10770//1457 10769//1457 10768//1457 10767//1457 11733//1457 11734//1457 11735//1457 11736//1457 11737//1457 11738//1457
f 11745//1458 10784//1458 10783//1458 10782//1458 10781//1458 10780//1458 10779//1458 10778//1458 10777//1458 10776//1458 11739//1458 11740//1458 11741//1458 11742//1458 11743//1458 11744//1458
f 11748//1459 10794//1459 10793//1459 10792//1459 10791//1459 10790//1459 10789//1459 10788//1459 10787//1459 10786//1459 10785//1459 10784//1459 11745//1459 11746//1459 11747//1459
f 11749//1460 10100//1460 10794//1460 11748//1460
f 10043//1461 10042//1461 10041//1461 10040//1461 10104//1461 10103//1461 10102//1461 10101//1461 10100//1461
f 11750//1462 10045//1462 10044//1462 10043//1462 10100//1462 11749//1462
f 10119//1463 10118//1463 10117//1463 10116//1463 10115//1463 10114//1463 10113//1463 10112//1463 10111//1463 10110//1463 10109//1463 10108//1463 10107//1463 10106//1463 10105//1463 10104//1463 10040//1463 10039//1463 10038//1463 10037//1463 10036//1463 10035//1463 10034//1463 10033//1463 10032//1463 10031//1463
f 10127//1464 10126//1464 10125//1464 10124//1464 10123//1464 10122//1464 10121//1464 10120//1464 10119//1464 10031//1464 10030//1464 10029//1464 10028//1464 10027//1464 10026//1464 10025//1464
f 9978//1465 10163//1465 10162//1465 10161//1465 10160//1465 10159//1465 10158//1465 10157//1465 10156//1465 10155//1465 10154//1465 10153//1465 10152//1465 10151//1465 10150//1465 10149//1465 10148//1465 10147//1465 10146//1465 10145//1465 10144//1465 10143//1465 10142//1465 10141//1465 10140//1465 10139//1465 10138//1465 10137//1465 10136//1465 10135//1465 10134//1465 10133//1465 10132//1465 10131//1465 10130//1465 10129//1465 10128//1465 10127//1465 10025//1465 10024//1465 10021//1465 10020//1465 10019//1465 10018//1465 10017//1465 10016//1465 10015//1465 10014//1465 10013//1465 10012//1465 10011//1465 10010//1465 10009//1465 10008//1465 10007//1465 10006//1465 10005//1465 10004//1465 10003//1465 10002//1465 10001//1465 10000//1465 9999//1465 9998//1465 9997//1465 9996//1465 9995//1465 9994//1465 9993//1465 9992//1465 9991//1465 9990//1465 9989//1465 9988//1465 9987//1465 9986//1465 9985//1465 9984//1465 9983//1465 9982//1465 9981//1465 9980//1465 9979//1465
f 10173//1466 10172//1466 10171//1466 10170//1466 10169//1466 10168//1466 10167//1466 10166//1466 10165//1466 10164//1466 10163//1466 9978//1466 9977//1466 9976//1466 9975//1466 9974//1466 9973//1466 9972//1466 9971//1466 9970//1466 9969//1466 9968//1466 9967//1466
f 10183//1467 10182//1467 10181//1467 10180//1467 10179//1467 10178//1467 10177//1467 10176//1467 10175//1467 10174//1467 10173//1467 9967//1467 9966//1467 9965//1467 9964//1467 9963//1467 9962//1467 9961//1467 9960//1467 9959//1467 9958//1467 9957//1467 9956//1467 9955//1467
f 10193//1468 10192//1468 10191//1468 10190//1468 10189//1468 10188//1468 10187//1468 10186//1468 10185//1468 10184//1468 10183//1468 9955//1468 9954//1468 9953//1468 9952//1468 9951//1468 9950//1468 9949//1468 9948//1468 9947//1468 9946//1468
f 10198//1469 10197//1469 10196//1469 10195//1469 10194//1469 10193//1469 9946//1469 9945//1469 9944//1469 9943//1469 9942//1469 9941//1469
f 10203//1470 10202//1470 10201//1470 10200//1470 10199//1470 10198//1470 9941//1470 9940//1470 9939//1470 9938//1470 9937//1470 9936//1470 9935//1470 9934//1470 9933//1470 9932//1470
f 9932//1471 9931//1471 9930//1471 9929//1471 9928//1471 9927//1471 9926//1471 9925//1471 9924//1471 9923//1471 9922//1471 9921//1471 9920//1471 9919//1471 9918//1471 9917//1471 9916//1471 9915//1471 9914//1471 9913//1471 10219//1471 10218//1471 10217//1471 10216//1471 10215//1471 10214//1471 10213//1471 10212//1471 10211//1471 10210//1471 10209//1471 10208//1471 10207//1471 10206//1471 10205//1471 10204//1471 10203//1471
f 10228//1472 10227//1472 10226//1472 10225//1472 10224//1472 10223//1472 10222//1472 9912//1472 9911//1472 9910//1472 9909//1472 9908//1472
f 10244//1473 10243//1473 10242//1473 10241//1473 10240//1473 10239//1473 10238//1473 10237//1473 10236//1473 10235//1473 10234//1473 10233//1473 10232//1473 10231//1473 10230//1473 10229//1473 10228//1473 9908//1473 9907//1473 9906//1473 9905//1473 9904//1473 9903//1473 9902//1473 9901//1473 9900//1473 9899//1473 9898//1473 9897//1473
f 10251//1474 10250//1474 10249//1474 10248//1474 10247//1474 10246//1474 10245//1474 10244//1474 9897//1474 9896//1474 9895//1474 9894//1474 9893//1474 9892//1474 9891//1474 9890//1474 9889//1474 9888//1474
f 10263//1475 10262//1475 10261//1475 10260//1475 10259//1475 10258//1475 10257//1475 10256//1475 10255//1475 10254//1475 10253//1475 10252//1475 10251//1475 9888//1475 9887//1475 9886//1475 9885//1475 9884//1475 9883//1475 9882//1475 9881//1475 9880//1475 9879//1475 9878//1475 9877//1475
f 10282//1476 10281//1476 10280//1476 10279//1476 10278//1476 10277//1476 10276//1476 10275//1476 10274//1476 10273//1476 10272//1476 10271//1476 10270//1476 10269//1476 10268//1476 10267//1476 10266//1476 10265//1476 10264//1476 10263//1476 9877//1476 9876//1476 9875//1476 9874//1476 9873//1476 9872//1476 9871//1476 9870//1476 9869//1476 9868//1476 9867//1476 9866//1476 9865//1476 9864//1476 9863//1476 9862//1476
f 9862//1477 9861//1477 9860//1477 9859//1477 9858//1477 9857//1477 9856//1477 9855//1477 9854//1477 9853//1477 9852//1477 9851//1477 9850//1477 9849//1477 9848//1477 9847//1477 9846//1477 9845//1477 9844//1477 9843//1477 9842//1477 9841//1477 9840//1477 9839//1477 9838//1477 9837//1477 9836//1477 9835//1477 10306//1477 10305//1477 10304//1477 10303//1477 10302//1477 10301//1477 10300//1477 10299//1477 10298//1477 10297//1477 10296//1477 10295//1477 10294//1477 10293//1477 10292//1477 10291//1477 10290//1477 10289//1477 10288//1477 10287//1477 10286//1477 10285//1477 10284//1477 10283//1477 10282//1477
f 10306//1478 9835//1478 9834//1478 9833//1478 9832//1478 9831//1478 10312//1478 10311//1478 10310//1478 10309//1478 10308//1478 10307//1478
f 9801//1479 10336//1479 10335//1479 10334//1479 10333//1479 10332//1479 10331//1479 10330//1479 10329//1479 10328//1479 10327//1479 10326//1479 10325//1479 10324//1479 10323//1479 10322//1479 10321//1479 10320//1479 10319//1479 10318//1479 10317//1479 10316//1479 10315//1479 9830//1479 9829//1479 9828//1479 9827//1479 9826//1479 9825//1479 9824//1479 9823//1479 9822//1479 9821//1479 9820//1479 9819//1479 9818//1479 9817//1479 9816//1479 9815//1479 9814//1479 9813//1479 9812//1479 9811//1479 9810//1479 9809//1479 9808//1479 9807//1479 9806//1479 9805//1479 9804//1479 9803//1479 9802//1479
f 9799//1480 10337//1480 10336//1480 9801//1480 9800//1480
f 9830//1481 10315//1481 10312//1481 9831//1481
f 10438//1482 10437//1482 10436//1482 10435//1482 10434//1482 10433//1482 10432//1482 10431//1482 10430//1482 9534//1482 9533//1482 9532//1482 9531//1482 9530//1482 9529//1482 9528//1482 9527//1482
f 10447//1483 10446//1483 10445//1483 10444//1483 10443//1483 10442//1483 10441//1483 10440//1483 10439//1483 10438//1483 9527//1483 9526//1483 9525//1483 9524//1483 9523//1483 9522//1483 9521//1483 9520//1483 9519//1483
f 10453//1484 10452//1484 10451//1484 10450//1484 10449//1484 10448//1484 10447//1484 9519//1484 9518//1484 9517//1484 9516//1484 9515//1484 9514//1484 9513//1484 9512//1484 9511//1484 9510//1484 9509//1484 9508//1484
f 9502//1485 10457//1485 10456//1485 10455//1485 10454//1485 10453//1485 9508//1485 9507//1485 9506//1485 9505//1485 9504//1485 9503//1485
f 9502//1486 9501//1486 9500//1486 9499//1486 9498//1486 10464//1486 10463//1486 10462//1486 10461//1486 10460//1486 10459//1486 10458//1486 10457//1486
f 10475//1487 10474//1487 10473//1487 10472//1487 10471//1487 10470//1487 10469//1487 10468//1487 10467//1487 10466//1487 10465//1487 10464//1487 9498//1487 9497//1487 9496//1487 9495//1487 9494//1487 9493//1487 9492//1487 9491//1487
f 10484//1488 10483//1488 10482//1488 10481//1488 10480//1488 10479//1488 10478//1488 10477//1488 10476//1488 10475//1488 9491//1488 9490//1488 9489//1488 9488//1488 9487//1488 9486//1488 9485//1488 9484//1488
f 9480//1489 10494//1489 10493//1489 10492//1489 10491//1489 10490//1489 10488//1489 10487//1489 10486//1489 10485//1489 10484//1489 9484//1489 9483//1489 9482//1489 9481//1489
f 10501//1490 10500//1490 10499//1490 10498//1490 10497//1490 10496//1490 10495//1490 10494//1490 9480//1490 9479//1490 9478//1490
f 10509//1491 10508//1491 10507//1491 10506//1491 10505//1491 10504//1491 10503//1491 10502//1491 10501//1491 9478//1491 9477//1491 9476//1491 9475//1491 9474//1491 9473//1491
f 10557//1492 10556//1492 10555//1492 10554//1492 10553//1492 10552//1492 10551//1492 10550//1492 10549//1492 10548//1492 10547//1492 9442//1492 9441//1492 9440//1492 9439//1492 9438//1492 9437//1492 9436//1492 9435//1492 9434//1492 9433//1492 9432//1492 9431//1492
f 10547//1493 10546//1493 10545//1493 10544//1493 10543//1493 9445//1493 7436//1493 9444//1493 9443//1493 9442//1493
f 10543//1494 10542//1494 10541//1494 10540//1494 9449//1494 9448//1494 9447//1494 9446//1494 9445//1494
f 9462//1495 9461//1495 9460//1495 9459//1495 9458//1495 9457//1495 9456//1495 9455//1495 9454//1495 9453//1495 9452//1495 9451//1495 9450//1495 9449//1495 10540//1495 10539//1495 10538//1495 10537//1495 10536//1495 10535//1495 10534//1495 10533//1495 10532//1495 10531//1495 10530//1495 10529//1495
f 9469//1496 13267//1496 13268//1496 9470//1496
f 10513//1497 10512//1497 10511//1497 10510//1497 10509//1497 9473//1497 9472//1497 9471//1497 9470//1497
f 11359//1498 11358//1498 11357//1498 11356//1498 11355//1498 8944//1498 8943//1498 8942//1498 8941//1498
f 11368//1499 11367//1499 11366//1499 11365//1499 11364//1499 11363//1499 11362//1499 11361//1499 11360//1499 11359//1499 8941//1499 8940//1499 8939//1499 8938//1499 8937//1499 8936//1499 8935//1499
f 11377//1500 11376//1500 11375//1500 11374//1500 11373//1500 11372//1500 11371//1500 11370//1500 11369//1500 11368//1500 8935//1500 8934//1500 8933//1500 8932//1500 8931//1500 8930//1500 8929//1500
f 11386//1501 11385//1501 11384//1501 11383//1501 11382//1501 11381//1501 11380//1501 11379//1501 11378//1501 11377//1501 8929//1501 8928//1501 8927//1501 8926//1501 8925//1501 8924//1501 8923//1501 8922//1501 8921//1501
f 11395//1502 11394//1502 11393//1502 11392//1502 11391//1502 11390//1502 11389//1502 11388//1502 11387//1502 11386//1502 8921//1502 8920//1502 8919//1502 8918//1502 8917//1502 8916//1502 8915//1502 8914//1502 8913//1502 8912//1502
f 11405//1503 11404//1503 11403//1503 11402//1503 11401//1503 11400//1503 11399//1503 11398//1503 11397//1503 11396//1503 11395//1503 8912//1503 8911//1503 8910//1503 8909//1503 8908//1503 8907//1503 8906//1503 8905//1503
f 11417//1504 11416//1504 11415//1504 11414//1504 11413//1504 11412//1504 11411//1504 11410//1504 11409//1504 11408//1504 11407//1504 11406//1504 11405//1504 8905//1504 8904//1504 8903//1504 8902//1504 8901//1504 8900//1504 8899//1504 8898//1504 8897//1504 8896//1504 8895//1504 8894//1504 8893//1504 8892//1504
f 11429//1505 11428//1505 11427//1505 11426//1505 11425//1505 11424//1505 11423//1505 11422//1505 11421//1505 11420//1505 11419//1505 11418//1505 11417//1505 8892//1505 8891//1505 8890//1505 8889//1505 8888//1505 8887//1505 8886//1505 8885//1505 8884//1505 8883//1505 8882//1505
f 11439//1506 11438//1506 11437//1506 11436//1506 11435//1506 11434//1506 11433//1506 11432//1506 11431//1506 11430//1506 11429//1506 8882//1506 8881//1506 8880//1506 8879//1506 8878//1506 8877//1506 8876//1506 8875//1506 8874//1506 8873//1506
f 11054//1507 11053//1507 11052//1507 11051//1507 11050//1507 11049//1507 11048//1507 11047//1507 11046//1507 11045//1507 11044//1507 11043//1507 11042//1507 11041//1507 11040//1507 11039//1507 11038//1507 11037//1507 11036//1507 11035//1507 11034//1507 7936//1507 7935//1507 7934//1507 7933//1507 7932//1507 13555//1507 13554//1507 13553//1507 13552//1507 13551//1507 13550//1507 13549//1507 7931//1507 13548//1507 13547//1507 13546//1507 13545//1507 13544//1507 13543//1507 13542//1507 7930//1507 13541//1507 13540//1507 13539//1507 13538//1507 13537//1507 13536//1507 13535//1507 7929//1507 13534//1507 13533//1507 13532//1507 13531//1507 13530//1507 13529//1507 13528//1507 7928//1507 13527//1507 13526//1507 13525//1507 13524//1507 13523//1507 13522//1507 13521//1507 7927//1507 13520//1507 13519//1507 13518//1507 13517//1507 13516//1507 13515//1507 13514//1507 7926//1507 13513//1507 13512//1507 13511//1507 13510//1507 13509//1507 13508//1507 13507//1507 7925//1507 13506//1507 13505//1507 13504//1507 13503//1507 13502//1507 13501//1507 13500//1507 7924//1507 13499//1507 13498//1507 13497//1507 13496//1507 13495//1507 13494//1507 13493//1507 7923//1507 13492//1507 13491//1507 13490//1507 13489//1507 13488//1507 13487//1507 13486//1507 7922//1507 13485//1507 13484//1507 13483//1507 13482//1507 13481//1507 13480//1507 13479//1507 7921//1507 13478//1507 13477//1507 13476//1507 13475//1507 13474//1507 13473//1507 13472//1507 7920//1507
f 11084//1508 11083//1508 11082//1508 11081//1508 11080//1508 11079//1508 11078//1508 11077//1508 11076//1508 11075//1508 11074//1508 11073//1508 11072//1508 11071//1508 11070//1508 11069//1508 11068//1508 11067//1508 11066//1508 11065//1508 11064//1508 11063//1508 11062//1508 11061//1508 11060//1508 11059//1508 11058//1508 11057//1508 11056//1508 11055//1508 11054//1508 7920//1508 13471//1508 13470//1508 13469//1508 13468//1508 13467//1508 13466//1508 13465//1508 7919//1508 13464//1508 13463//1508 13462//1508 13461//1508 13460//1508 13459//1508 13458//1508 7918//1508 13457//1508 13456//1508 13455//1508 13454//1508 13453//1508 13452//1508 13451//1508 7917//1508 13450//1508 13449//1508 13448//1508 13447//1508 13446//1508 13445//1508 13444//1508 7916//1508 13443//1508 13442//1508 13441//1508 13440//1508 13439//1508 13438//1508 13437//1508 7915//1508 13436//1508 13435//1508 13434//1508 13433//1508 13432//1508 13431//1508 13430//1508 7914//1508 13429//1508 13428//1508 13427//1508 13426//1508 13425//1508 13424//1508 13423//1508 7913//1508 13422//1508 13421//1508 13420//1508 13419//1508 13418//1508 13417//1508 13416//1508 7912//1508 13415//1508 13414//1508 13413//1508 13412//1508 13411//1508 13410//1508 13409//1508 7911//1508 13408//1508 13407//1508 13406//1508 13405//1508 13404//1508 13403//1508 13402//1508 7910//1508 13401//1508 13400//1508 13399//1508 13398//1508 13397//1508 13396//1508 13395//1508 7909//1508 13394//1508 13393//1508 13392//1508 13391//1508 13390//1508 13389//1508 13388//1508 7908//1508 13387//1508 13386//1508 13385//1508 13384//1508 13383//1508 13382//1508 13381//1508 7907//1508 13380//1508 13379//1508 13378//1508 13377//1508 13376//1508 13375//1508 13374//1508 7906//1508 13373//1508 13372//1508 13371//1508 13370//1508 13369//1508 13368//1508 13367//1508 7905//1508 13366//1508 13365//1508 13364//1508 13363//1508 13362//1508 13361//1508 13360//1508 7904//1508 13359//1508 13358//1508 13357//1508 13356//1508 13355//1508 13354//1508 13353//1508 7903//1508 13352//1508 13351//1508 13350//1508 13349//1508 13348//1508 13347//1508 13346//1508 7902//1508 13345//1508 13344//1508 13343//1508 13342//1508 13341//1508 13340//1508 13339//1508 7901//1508 13338//1508 13337//1508 13336//1508 13335//1508 13334//1508 13333//1508 13332//1508 7900//1508 13331//1508 13330//1508 13329//1508 13328//1508 13327//1508 13326//1508 13325//1508 7899//1508 13324//1508 13323//1508 13322//1508 13321//1508 13320//1508 13319//1508 13318//1508 7898//1508 13317//1508 13316//1508 13315//1508 13314//1508 13313//1508 13312//1508 13311//1508 7897//1508 13310//1508 13309//1508 13308//1508 13307//1508 13306//1508 13305//1508 13304//1508 7896//1508 13303//1508 13302//1508 13301//1508 13300//1508 13299//1508 13298//1508 13297//1508 7895//1508 7894//1508 7893//1508 7892//1508 7891//1508
f 11108//1509 11107//1509 11106//1509 11105//1509 11104//1509 11103//1509 11102//1509 11101//1509 11100//1509 11099//1509 11098//1509 11097//1509 11096//1509 11095//1509 11094//1509 11093//1509 11092//1509 11091//1509 11090//1509 11089//1509 11088//1509 11087//1509 11086//1509 11085//1509 11084//1509 7891//1509 7890//1509 7889//1509 7888//1509 7887//1509 7886//1509 7885//1509 7884//1509 7883//1509 7882//1509 7881//1509 7880//1509 7879//1509 7878//1509 7877//1509 7876//1509 7875//1509 7874//1509 7873//1509 7872//1509 7871//1509 7870//1509 7869//1509 7868//1509
f 11123//1510 12236//1510 12237//1510 12238//1510 12239//1510 12240//1510 12241//1510 12242//1510 12243//1510 11138//1510 11137//1510 11136//1510 11135//1510 11134//1510 11133//1510 11132//1510 11131//1510 11130//1510 11129//1510 11128//1510 11127//1510 11126//1510 11125//1510 11124//1510
f 11138//1511 12243//1511 12244//1511 12245//1511 12246//1511 12247//1511 12248//1511 12249//1511 12250//1511 12251//1511 12252//1511 11151//1511 11150//1511 11149//1511 11148//1511 11147//1511 11146//1511 11145//1511 11144//1511 11143//1511 11142//1511 11141//1511 11140//1511 11139//1511
f 11151//1512 12252//1512 12253//1512 12254//1512 12255//1512 12256//1512 12257//1512 12258//1512 12259//1512 12260//1512 11160//1512 11159//1512 11158//1512 11157//1512 11156//1512 11155//1512 11154//1512 11153//1512 11152//1512
f 12265//1513 11167//1513 11166//1513 11165//1513 11164//1513 11163//1513 11162//1513 11161//1513 11160//1513 12260//1513 12261//1513 12262//1513 12263//1513 12264//1513
f 12274//1514 11175//1514 11174//1514 11173//1514 11172//1514 11171//1514 11170//1514 11169//1514 11168//1514 11167//1514 12265//1514 12266//1514 12267//1514 12268//1514 12269//1514 12270//1514 12271//1514 12272//1514 12273//1514
f 10066//1515 10065//1515 11770//1515 11771//1515 11772//1515 11773//1515 11774//1515 11775//1515 11776//1515 11777//1515 11778//1515 11779//1515 11780//1515 11781//1515 11782//1515 11783//1515 10080//1515 10079//1515 10078//1515 10077//1515 10073//1515 10072//1515 10071//1515 10070//1515 10069//1515 10068//1515 10067//1515
f 10055//1516 11761//1516 11762//1516 11763//1516 11764//1516 11765//1516 11766//1516 11767//1516 11768//1516 11769//1516 11770//1516 10065//1516 10064//1516 10063//1516 10062//1516 10061//1516 10060//1516 10059//1516 10058//1516 10057//1516 10056//1516
f 10045//1517 11750//1517 11751//1517 11752//1517 11753//1517 11754//1517 11755//1517 11756//1517 11757//1517 11758//1517 11759//1517 11760//1517 11761//1517 10055//1517 10054//1517 10053//1517 10052//1517 10051//1517 10050//1517 10049//1517 10048//1517 10047//1517 10046//1517
f 7783//1518 12176//1518 12177//1518 12178//1518 12179//1518 12180//1518 12181//1518 12182//1518 12183//1518 12184//1518 12185//1518 12186//1518 12187//1518 12188//1518 12189//1518 12190//1518 12191//1518 12192//1518 12193//1518 12194//1518 12195//1518 12196//1518 12197//1518 12198//1518 12199//1518 12200//1518 12201//1518 12202//1518 12203//1518 12204//1518 12205//1518 12206//1518 12207//1518 12208//1518 12209//1518 12210//1518 12211//1518 12212//1518 12213//1518 12214//1518 12215//1518 12216//1518 12217//1518 12218//1518 12219//1518 12220//1518 12221//1518 12222//1518 12223//1518 12224//1518 12225//1518 12226//1518 12227//1518 7853//1518 7852//1518 7851//1518 7850//1518 7849//1518 7848//1518 7847//1518 7846//1518 7845//1518 7844//1518 7843//1518 7842//1518 7841//1518 7840//1518 7839//1518 7838//1518 7837//1518 7836//1518 7835//1518 7834//1518 7833//1518 7832//1518 7831//1518 7830//1518 7829//1518 7828//1518 7827//1518 7826//1518 7825//1518 7824//1518 7823//1518 7822//1518 7821//1518 7820//1518 7819//1518 7818//1518 7817//1518 7816//1518 7815//1518 7814//1518 7813//1518 7812//1518 7811//1518 7810//1518 7809//1518 7808//1518 7807//1518 7806//1518 7805//1518 7804//1518 7803//1518 7802//1518 7801//1518 7800//1518 7799//1518 7798//1518 7797//1518 7796//1518 7795//1518 7794//1518 7793//1518 7792//1518 7791//1518 7790//1518 7789//1518 7788//1518 7787//1518 7786//1518 7785//1518 7784//1518
f 12720//1519 7590//1519 7589//1519 7588//1519 7587//1519 7586//1519 7585//1519 7584//1519 7583//1519 7582//1519 7581//1519 7580//1519 7579//1519 7578//1519 7577//1519 7576//1519 7575//1519 12708//1519 12709//1519 12710//1519 12711//1519 12712//1519 12713//1519 12714//1519 12715//1519 12716//1519 12717//1519 12718//1519 12719//1519
f 12708//1520 7575//1520 7574//1520 7573//1520 7572//1520 7571//1520 7570//1520 7569//1520 7568//1520 7567//1520 7566//1520 12700//1520 12701//1520 12702//1520 12703//1520 12704//1520 12705//1520 12706//1520 12707//1520
f 12700//1521 7566//1521 7565//1521 7564//1521 7563//1521 7562//1521 12696//1521 12697//1521 12698//1521 12699//1521
f 12696//1522 7562//1522 7561//1522 7560//1522 7559//1522 7558//1522 7557//1522 12691//1522 12692//1522 12693//1522 12694//1522 12695//1522
f 7553//1523 7552//1523 9559//1523 9558//1523 9557//1523 9556//1523 12682//1523 12683//1523 12684//1523 12685//1523 12686//1523 12687//1523 12688//1523 12689//1523 12690//1523 12691//1523 7557//1523 7556//1523 7555//1523 7554//1523
f 9556//1524 9555//1524 9554//1524 9553//1524 9552//1524 9551//1524 9550//1524 9549//1524 9548//1524 9547//1524 9546//1524 9545//1524 9544//1524 12671//1524 12672//1524 12673//1524 12674//1524 12675//1524 12676//1524 12677//1524 12678//1524 12679//1524 12680//1524 12681//1524 12682//1524
f 12621//1525 10387//1525 10386//1525 10385//1525 10384//1525 10383//1525 10382//1525 10381//1525 12612//1525 12613//1525 12614//1525 12615//1525 12616//1525 12617//1525 12618//1525 12619//1525 12620//1525
f 12612//1526 10381//1526 10380//1526 10379//1526 10378//1526 10377//1526 10376//1526 10375//1526 10374//1526 12605//1526 12606//1526 12607//1526 12608//1526 12609//1526 12610//1526 12611//1526
f 12605//1527 10374//1527 10373//1527 10372//1527 10371//1527 10370//1527 10369//1527 10368//1527 10367//1527 10366//1527 10365//1527 10364//1527 12596//1527 12597//1527 12598//1527 12599//1527 12600//1527 12601//1527 12602//1527 12603//1527 12604//1527
f 12596//1528 10364//1528 10363//1528 10362//1528 10361//1528 10360//1528 10359//1528 10358//1528 10357//1528 10356//1528 12586//1528 12587//1528 12588//1528 12589//1528 12590//1528 12591//1528 12592//1528 12593//1528 12594//1528 12595//1528
f 12586//1529 10356//1529 10355//1529 10354//1529 10353//1529 10352//1529 10351//1529 10350//1529 10349//1529 10348//1529 10347//1529 10346//1529 10345//1529 10344//1529 12577//1529 12578//1529 12579//1529 12580//1529 12581//1529 12582//1529 12583//1529 12584//1529 12585//1529
f 12577//1530 10344//1530 10343//1530 10342//1530 10341//1530 10340//1530 10339//1530 10338//1530 10337//1530 12565//1530 12566//1530 12567//1530 12568//1530 12569//1530 12570//1530 12571//1530 12572//1530 12573//1530 12574//1530 12575//1530 12576//1530
f 12358//1531 12359//1531 9108//1531 9105//1531
f 9108//1532 12359//1532 12360//1532 9768//1532 9767//1532 9766//1532
f 12372//1533 9781//1533 9780//1533 9779//1533 9778//1533 9777//1533 9776//1533 9775//1533 9774//1533 9773//1533 9772//1533 9771//1533 9770//1533 9769//1533 9768//1533 12360//1533 12361//1533 12362//1533 12363//1533 12364//1533 12365//1533 12366//1533 12367//1533 12368//1533 12369//1533 12370//1533 12371//1533
f 12559//1534 12560//1534 12561//1534 12562//1534 12563//1534 12564//1534 12565//1534 10337//1534 9799//1534 9798//1534 9797//1534 9796//1534 9795//1534 9794//1534 9793//1534 9792//1534
f 12559//1535 9792//1535 9791//1535 9790//1535 9789//1535 9788//1535 9787//1535 9786//1535 9785//1535 9784//1535 9783//1535 9782//1535 9781//1535 12540//1535 12541//1535 12542//1535 12543//1535 12544//1535 12545//1535 12546//1535 12547//1535 12548//1535 12549//1535 12550//1535 12551//1535 12552//1535 12553//1535 12554//1535 12555//1535 12556//1535 12557//1535 12558//1535
f 12474//1536 12475//1536 12476//1536 12477//1536 12478//1536 12479//1536 12480//1536 12481//1536 12482//1536 12483//1536 12484//1536 12485//1536 12486//1536 12487//1536 12488//1536 12489//1536 12490//1536 12491//1536 12492//1536 12493//1536 12494//1536 12495//1536 12496//1536 12497//1536 12498//1536 12499//1536 12500//1536 12501//1536 12502//1536 12503//1536 12504//1536 12505//1536 12506//1536 12507//1536 12508//1536 12509//1536 12510//1536 12511//1536 12512//1536 12513//1536 12514//1536 12515//1536 12516//1536 12517//1536 12518//1536 12519//1536 12520//1536 12521//1536 12522//1536 12523//1536 12524//1536 12525//1536 12526//1536 12527//1536 12528//1536 12529//1536 12530//1536 12531//1536 12532//1536 12533//1536 12534//1536 12535//1536 12536//1536 12537//1536 12538//1536 12539//1536 12540//1536 9781//1536 12372//1536 12373//1536 12374//1536 12375//1536 12376//1536 12377//1536 12378//1536 12379//1536 12380//1536 12381//1536 12382//1536 12383//1536 12384//1536 12385//1536 12386//1536 12387//1536 12388//1536 12389//1536 12390//1536 12391//1536 12392//1536 12393//1536 12394//1536 12395//1536 12396//1536 12397//1536 12398//1536 12399//1536 12400//1536 12401//1536 12402//1536 12403//1536 12404//1536 12405//1536 12406//1536 12407//1536 12408//1536 12409//1536 12410//1536
f 12474//1537 12410//1537 12411//1537 12412//1537 12413//1537 12414//1537 12415//1537 12416//1537 12417//1537 12418//1537 12419//1537 12420//1537 12421//1537 12422//1537 12423//1537 12424//1537 12426//1537 12427//1537 12428//1537 12429//1537 12430//1537 12431//1537 12432//1537 12433//1537 12434//1537 12435//1537 12436//1537 12437//1537 12438//1537 12439//1537 12440//1537 12441//1537 12442//1537 12443//1537 12444//1537 12445//1537 12446//1537 12447//1537 12448//1537 12449//1537 12450//1537 12451//1537 12452//1537 12453//1537 12454//1537 12455//1537 12456//1537 12457//1537 12458//1537 12459//1537 12460//1537 12461//1537 12462//1537 12463//1537 12464//1537 12465//1537 12466//1537 12467//1537 12468//1537 12469//1537 12470//1537 12471//1537 12472//1537 12473//1537
f 8818//1538 8817//1538 8816//1538 8815//1538 8814//1538 8813//1538 8812//1538 8811//1538 8810//1538 8809//1538 8808//1538 8807//1538 8806//1538 8805//1538 8804//1538 8803//1538 8802//1538 8801//1538 8800//1538 8799//1538 8798//1538 8797//1538 8796//1538 7656//1538 7655//1538 7654//1538 7653//1538 7652//1538 7651//1538 7650//1538 7649//1538 7648//1538 7647//1538 7646//1538 7645//1538 7644//1538 7643//1538 7642//1538 7641//1538 7640//1538 7639//1538 7638//1538 7637//1538 7636//1538 7635//1538 7634//1538 7633//1538 7632//1538 7631//1538
f 8796//1539 8795//1539 8794//1539 8793//1539 8792//1539 8791//1539 8790//1539 8789//1539 8788//1539 8787//1539 8786//1539 8785//1539 8784//1539 8783//1539 8782//1539 8781//1539 8780//1539 8779//1539 8778//1539 8777//1539 8776//1539 8775//1539 8774//1539 8773//1539 8772//1539 8771//1539 8770//1539 8769//1539 8768//1539 8767//1539 8766//1539 8765//1539 8764//1539 8763//1539 8762//1539 8761//1539 8760//1539 7684//1539 7683//1539 7682//1539 7681//1539 7680//1539 7679//1539 7678//1539 7677//1539 7676//1539 7675//1539 7674//1539 7673//1539 7672//1539 7671//1539 7670//1539 7669//1539 7668//1539 7667//1539 7666//1539 7665//1539 7664//1539 7663//1539 7662//1539 7661//1539 7660//1539 7659//1539 7658//1539 7657//1539 7656//1539
f 7684//1540 8760//1540 8759//1540 8758//1540 8757//1540 8756//1540 8754//1540 8753//1540 8752//1540 8751//1540 8750//1540 8749//1540 8748//1540 8747//1540 8746//1540 8745//1540 8744//1540 8743//1540 8742//1540 8741//1540 8740//1540 7713//1540 7712//1540 7711//1540 7710//1540 7709//1540 7708//1540 7707//1540 7706//1540 7705//1540 7704//1540 7703//1540 7702//1540 7701//1540 7700//1540 7699//1540 7698//1540 7697//1540 7696//1540 7695//1540 7694//1540 7693//1540 7692//1540 7691//1540 7690//1540 7689//1540 7688//1540 7687//1540 7686//1540 7685//1540
f 8740//1541 8739//1541 8738//1541 8737//1541 8736//1541 8735//1541 8734//1541 8733//1541 8732//1541 8731//1541 8730//1541 8729//1541 8728//1541 8727//1541 8726//1541 8725//1541 8724//1541 8723//1541 8722//1541 8721//1541 8720//1541 8719//1541 8718//1541 8717//1541 8716//1541 8715//1541 8714//1541 8713//1541 8712//1541 8711//1541 8710//1541 8709//1541 8708//1541 8707//1541 8706//1541 8705//1541 8704//1541 8703//1541 8702//1541 8701//1541 8700//1541 8699//1541 8698//1541 8697//1541 8696//1541 8695//1541 8694//1541 8693//1541 8692//1541 8691//1541 8690//1541 8689//1541 8688//1541 8687//1541 8686//1541 8685//1541 8684//1541 8683//1541 8682//1541 8681//1541 8680//1541 7774//1541 7773//1541 7772//1541 7771//1541 7770//1541 7769//1541 7768//1541 7767//1541 7766//1541 7765//1541 7764//1541 7763//1541 7762//1541 7761//1541 7760//1541 7759//1541 7758//1541 7757//1541 7756//1541 7755//1541 7754//1541 7753//1541 7752//1541 7751//1541 7750//1541 7749//1541 7748//1541 7747//1541 7746//1541 7745//1541 7744//1541 7743//1541 7742//1541 7741//1541 7740//1541 7739//1541 7738//1541 7737//1541 7736//1541 7735//1541 7734//1541 7733//1541 7732//1541 7731//1541 7730//1541 7729//1541 7728//1541 7727//1541 7726//1541 7725//1541 7724//1541 7723//1541 7722//1541 7721//1541 7720//1541 7719//1541 7718//1541 7717//1541 7716//1541 7715//1541 7714//1541 7713//1541
f 8680//1542 8679//1542 8678//1542 8677//1542 8676//1542 8675//1542 8674//1542 8673//1542 8672//1542 8671//1542 7783//1542 7780//1542 7779//1542 7778//1542 7777//1542 7776//1542 7775//1542 7774//1542
f 11942//1543 12034//1543 12035//1543 12036//1543 12037//1543 12038//1543 12039//1543 12040//1543 12041//1543 12042//1543 12043//1543 12044//1543 12045//1543 12046//1543 12047//1543 12048//1543 12049//1543 12050//1543 12051//1543 12052//1543 12053//1543 12054//1543 12055//1543 12056//1543 12057//1543 12058//1543 12059//1543 12060//1543 12061//1543 12062//1543 12063//1543 12064//1543 12065//1543 12066//1543 12067//1543 12068//1543 12069//1543 12070//1543 12071//1543 12072//1543 12073//1543 12074//1543 12075//1543 12076//1543 12077//1543 12078//1543 12079//1543 12080//1543 12081//1543 12082//1543 12083//1543 12084//1543 12085//1543 12086//1543 12087//1543 12088//1543 12089//1543 12090//1543 12091//1543 12092//1543 12093//1543 12094//1543 12095//1543 12096//1543 12097//1543 12098//1543 12099//1543 12100//1543 12101//1543 12102//1543 12103//1543 12104//1543 12105//1543 12106//1543 11831//1543 11832//1543 11833//1543 11834//1543 11835//1543 11836//1543 11837//1543 11838//1543 11839//1543 11840//1543 11841//1543 11842//1543 11843//1543 11844//1543 11845//1543 11846//1543 11847//1543 11848//1543 11849//1543 11850//1543 11851//1543 11852//1543 11853//1543 11854//1543 11855//1543 11856//1543 11857//1543 11858//1543 11859//1543 11860//1543 11861//1543 11862//1543 11863//1543 11864//1543 11865//1543 11866//1543 11867//1543 11868//1543 11869//1543 11870//1543 11871//1543 11872//1543 11873//1543 11874//1543 11875//1543 11876//1543 11877//1543 11878//1543 11879//1543 11880//1543 11881//1543 11882//1543 11883//1543 11884//1543 11885//1543 11886//1543 11887//1543 11888//1543 11889//1543 11890//1543 11891//1543 11892//1543 11893//1543 11894//1543 11895//1543 11896//1543 11897//1543 11898//1543 11899//1543 11900//1543 11901//1543 11902//1543 11903//1543 11904//1543 11905//1543 11906//1543 11907//1543 11908//1543 11909//1543 11910//1543 11911//1543 11912//1543 11913//1543 11914//1543 11915//1543 11916//1543 11917//1543 11918//1543 11919//1543 11920//1543 11921//1543 11922//1543 11923//1543 11924//1543 11925//1543 11926//1543 11927//1543 11928//1543 11929//1543 11930//1543 11931//1543 11932//1543 11933//1543 11934//1543 11935//1543 11936//1543 11937//1543 11938//1543 11939//1543 11940//1543 11941//1543
f 12033//1544 12034//1544 11942//1544 11943//1544 11944//1544 11945//1544 11946//1544 11947//1544 11948//1544 11949//1544 11950//1544 11951//1544 11952//1544 11953//1544 11954//1544 11955//1544 11956//1544 11957//1544 11958//1544 11959//1544 11960//1544 11961//1544 11962//1544 11963//1544 11964//1544 11965//1544 11966//1544 11967//1544 11968//1544 11969//1544 11970//1544 11971//1544 11972//1544 11973//1544 11974//1544 11975//1544 11976//1544 11977//1544 11978//1544 11979//1544 11980//1544 11981//1544 11982//1544 11983//1544 11984//1544 11985//1544 11986//1544 11987//1544 11988//1544 11989//1544 11990//1544 11991//1544 11992//1544 11993//1544 11994//1544 11995//1544 11996//1544 11997//1544 11998//1544 11999//1544 12000//1544 12001//1544 12002//1544 12003//1544 12004//1544 12005//1544 12006//1544 12007//1544 12008//1544 12009//1544 12010//1544 12011//1544 12012//1544 12013//1544 12014//1544 12015//1544 12016//1544 12017//1544 12018//1544 12019//1544 12020//1544 12021//1544 12022//1544 12023//1544 12024//1544 12025//1544 12026//1544 12027//1544 12028//1544 12029//1544 12030//1544 12031//1544 12032//1544
f 12908//1545 12921//1545 12922//1545 12923//1545 12924//1545 12925//1545 12926//1545 12927//1545 12928//1545 12929//1545 12930//1545 12931//1545 12932//1545 12933//1545 12934//1545 12935//1545 12936//1545 12937//1545 12938//1545 12939//1545 12940//1545 12941//1545 12942//1545 12943//1545 12944//1545 12945//1545 12946//1545 12947//1545 12948//1545 12949//1545 12950//1545 12951//1545 12952//1545 12953//1545 12954//1545 12955//1545 12956//1545 12957//1545 12958//1545 12959//1545 12960//1545 7592//1545 12722//1545 12723//1545 12724//1545 12725//1545 12726//1545 12727//1545 12728//1545 12729//1545 12730//1545 12731//1545 12732//1545 12733//1545 12734//1545 12735//1545 12736//1545 12737//1545 12738//1545 12739//1545 12740//1545 12741//1545 12742//1545 12743//1545 12744//1545 12745//1545 12746//1545 12747//1545 12748//1545 12749//1545 12750//1545 12751//1545 12752//1545 12753//1545 12754//1545 12755//1545 12756//1545 12757//1545 12758//1545 12759//1545 12760//1545 12761//1545 12762//1545 12763//1545 12764//1545 12765//1545 12766//1545 12767//1545 12768//1545 12769//1545 12770//1545 12771//1545 12772//1545 12773//1545 12774//1545 12775//1545 12776//1545 12777//1545 12778//1545 12779//1545 12780//1545 12781//1545 12782//1545 12783//1545 12784//1545 12785//1545 12786//1545 12787//1545 12788//1545 12789//1545 12790//1545 12791//1545 12792//1545 12793//1545 12794//1545 12795//1545 12796//1545 12797//1545 12798//1545 12799//1545 12800//1545 12801//1545 12802//1545 12803//1545 12804//1545 12805//1545 12806//1545 12807//1545 12808//1545 12809//1545 12810//1545 12811//1545 12812//1545 12813//1545 12814//1545 12815//1545 12816//1545 12817//1545 12818//1545 12819//1545 12820//1545 12821//1545 12822//1545 12823//1545 12824//1545 12825//1545 12826//1545 12827//1545 12828//1545 12829//1545 12830//1545 12831//1545 12832//1545 12833//1545 12834//1545 12835//1545 12836//1545 12837//1545 12838//1545 12839//1545 12840//1545 12841//1545 12842//1545 12843//1545 12844//1545 12845//1545 12846//1545 12847//1545 12848//1545 12849//1545 12850//1545 12851//1545 12852//1545 12853//1545 12854//1545 12855//1545 12856//1545 12857//1545 12858//1545 12859//1545 12860//1545 12861//1545 12862//1545 12863//1545 12864//1545 12865//1545 12866//1545 12867//1545 12868//1545 12869//1545 12870//1545 12871//1545 12872//1545 12873//1545 12874//1545 12875//1545 12876//1545 12877//1545 12878//1545 12879//1545 12880//1545 12881//1545 12882//1545 12883//1545 12884//1545 12885//1545 12886//1545 12887//1545 12888//1545 12889//1545 12890//1545 12891//1545 12892//1545 12893//1545 12894//1545 12895//1545 12896//1545 12897//1545 12898//1545 12899//1545 12900//1545 12901//1545 12902//1545 12903//1545 12904//1545 12905//1545 12906//1545 12907//1545
f 13260//1546 13284//1546 13283//1546 13282//1546 13281//1546 13280//1546 13279//1546 13278//1546 13277//1546 13276//1546 13275//1546 13274//1546 13273//1546 13272//1546 13271//1546 13270//1546 13269//1546 13268//1546 13267//1546 13266//1546 13265//1546 13264//1546 13263//1546 13262//1546 13261//1546 13259//1546
f 10519//1496 13275//1496 13276//1496 10520//1496
f 9462//1496 13259//1496 13261//1496 9463//1496
f 10520//1496 13276//1496 13277//1496 10521//1496
f 9463//1496 13261//1496 13262//1496 9464//1496
f 10513//1496 13269//1496 13270//1496 10514//1496
f 9470//1496 13268//1496 13269//1496 10513//1496
f 10521//1496 13277//1496 13278//1496 10522//1496
f 9464//1496 13262//1496 13263//1496 9465//1496
f 10514//1496 13270//1496 13271//1496 10515//1496
f 10526//1496 13282//1496 13283//1496 10527//1496
f 10522//1496 13278//1496 13279//1496 10523//1496
f 9465//1496 13263//1496 13264//1496 9466//1496
f 10515//1496 13271//1496 13272//1496 10516//1496
f 10527//1496 13283//1496 13284//1496 10528//1496
f 10523//1496 13279//1496 13280//1496 10524//1496
f 9466//1496 13264//1496 13265//1496 9467//1496
f 10516//1496 13272//1496 13273//1496 10517//1496
f 10528//1496 13284//1496 13260//1496 10529//1496
f 10529//1496 13260//1496 13259//1496 9462//1496
f 10524//1496 13280//1496 13281//1496 10525//1496
f 9467//1496 13265//1496 13266//1496 9468//1496
f 10517//1496 13273//1496 13274//1496 10518//1496
f 10525//1496 13281//1496 13282//1496 10526//1496
f 9468//1496 13266//1496 13267//1496 9469//1496
f 10518//1496 13274//1496 13275//1496 10519//1496
f 11331//1547 13292//1547 11032//1547
f 8979//1548 13289//1548 13292//1548 11331//1548
f 13292//1549 13562//1549 13561//1549 13560//1549 13559//1549 13558//1549 13557//1549 13556//1549 7934//1549 11032//1549
f 9192//1550 9193//1550 9194//1550 9195//1550 9196//1550 9197//1550 9198//1550 9199//1550 13292//1550 13289//1550
f 10219//1551 13290//1551 10532//1551
f 9203//1552 9204//1552 9205//1552 9206//1552 9209//1552 9210//1552 13291//1552 13293//1552 13290//1552 9202//1552
f 13293//1553 13291//1553 13294//1553
f 13294//1553 9453//1553 7445//1553 13293//1553
f 7445//1554 9453//1554 10532//1554 13293//1554
f 13290//1555 13293//1555 10532//1555
f 13292//1556 13584//1556 7719//1556 13586//1556 13295//1556 13587//1556 13563//1556 13588//1556 13564//1556 13589//1556 13565//1556 13590//1556 13566//1556 13591//1556 13567//1556 13592//1556 13568//1556 13593//1556 13569//1556 13585//1556
f 7895//1557 13297//1557 13298//1557 13299//1557 13300//1557 13301//1557 13302//1557 13303//1557 7896//1557 13304//1557 13305//1557 13306//1557 13307//1557 13308//1557 13309//1557 13310//1557 7897//1557 13311//1557 13312//1557 13313//1557 13314//1557 13315//1557 13316//1557 13317//1557 7898//1557 13318//1557 13319//1557 13320//1557 13321//1557 13322//1557 13323//1557 13324//1557 7899//1557 13325//1557 13326//1557 13327//1557 13328//1557 13329//1557 13330//1557 13331//1557 7900//1557 13332//1557 13333//1557 13334//1557 13335//1557 13336//1557 13337//1557 13338//1557 7901//1557 13339//1557 13340//1557 13341//1557 13342//1557 13343//1557 13344//1557 13345//1557 7902//1557 13346//1557 13347//1557 13348//1557 13349//1557 13350//1557 13351//1557 13352//1557 7903//1557 13353//1557 13354//1557 13355//1557 13356//1557 13357//1557 13358//1557 13359//1557 7904//1557 13360//1557 13361//1557 13362//1557 13363//1557 13364//1557 13365//1557 13366//1557 7905//1557 13367//1557 13368//1557 13369//1557 13370//1557 13371//1557 13372//1557 13373//1557 7906//1557 13374//1557 13375//1557 13376//1557 13377//1557 13378//1557 13379//1557 13380//1557 7907//1557 13381//1557 13382//1557 13383//1557 13384//1557 13385//1557 13386//1557 13387//1557 7908//1557 13388//1557 13389//1557 13390//1557 13391//1557 13392//1557 13393//1557 13394//1557 7909//1557 13395//1557 13396//1557 13397//1557 13398//1557 13399//1557 13400//1557 13401//1557 7910//1557 13402//1557 13403//1557 13404//1557 13405//1557 13406//1557 13407//1557 13408//1557 7911//1557 13409//1557 13410//1557 13411//1557 13412//1557 13413//1557 13414//1557 13415//1557 7912//1557 13416//1557 13417//1557 13418//1557 13419//1557 13420//1557 13421//1557 13422//1557 7913//1557 13423//1557 13424//1557 13425//1557 13426//1557 13427//1557 13428//1557 13429//1557 7914//1557 13430//1557 13431//1557 13432//1557 13433//1557 13434//1557 13435//1557 13436//1557 7915//1557 13437//1557 13438//1557 13439//1557 13440//1557 13441//1557 13442//1557 13443//1557 7916//1557 13444//1557 13445//1557 13446//1557 13447//1557 13448//1557 13449//1557 13450//1557 7917//1557 13451//1557 13452//1557 13453//1557 13454//1557 13455//1557 13456//1557 13457//1557 7918//1557 13458//1557 13459//1557 13460//1557 13461//1557 13462//1557 13463//1557 13464//1557 7919//1557 13465//1557 13466//1557 13467//1557 13468//1557 13469//1557 13470//1557 13471//1557 7920//1557 13472//1557 13473//1557 13474//1557 13475//1557 13476//1557 13477//1557 13478//1557 7921//1557 13479//1557 13480//1557 13481//1557 13482//1557 13483//1557 13484//1557 13485//1557 7922//1557 13486//1557 13487//1557 13488//1557 13489//1557 13490//1557 13491//1557 13492//1557 7923//1557 13493//1557 13494//1557 13495//1557 13496//1557 13497//1557 13498//1557 13499//1557 7924//1557 13500//1557 13501//1557 13502//1557 13503//1557 13504//1557 13505//1557 13506//1557 7925//1557 13507//1557 13508//1557 13509//1557 13510//1557 13511//1557 13512//1557 13513//1557 7926//1557 13514//1557 13515//1557 13516//1557 13517//1557 13518//1557 13519//1557 13520//1557 7927//1557 13521//1557 13522//1557 13523//1557 13524//1557 13525//1557 13526//1557 13527//1557 7928//1557 13528//1557 13529//1557 13530//1557 13531//1557 13532//1557 13533//1557 13534//1557 7929//1557 13535//1557 13536//1557 13537//1557 13538//1557 13539//1557 13540//1557 13541//1557 7930//1557 13542//1557 13543//1557 13544//1557 13545//1557 13546//1557 13547//1557 13548//1557 7931//1557 13549//1557 13550//1557 13551//1557 13552//1557 13553//1557 13554//1557 13555//1557 7932//1557 13577//1557 13578//1557 13579//1557 13580//1557 13581//1557 13582//1557 13583//1557 7934//1557 13556//1557 13557//1557 13558//1557 13559//1557 13560//1557 13561//1557 13562//1557 13292//1557 13585//1557 13569//1557 13593//1557 13568//1557 13592//1557 13567//1557 13591//1557 13566//1557 13590//1557 13565//1557 13589//1557 13564//1557 13588//1557 13563//1557 13587//1557 13295//1557 13576//1557 13575//1557 13574//1557 13573//1557 13572//1557 13571//1557 13570//1557
f 9199//1558 9200//1558 9201//1558 9202//1558 13290//1558 13296//1558 13292//1558
f 10219//1559 13296//1559 13290//1559
f 13296//1560 10219//1560 9913//1560
f 9912//1561 10222//1561 10221//1561 10220//1561 10219//1561 9913//1561
f 9913//1562 9914//1562 9915//1562 9916//1562 9917//1562 9918//1562 9919//1562 9920//1562 9921//1562 8726//1562
f 11387//1563 10954//1563 13594//1563
f 13594//1564 8765//1564 8922//1564
f 9696//1565 9697//1565 9698//1565 9699//1565 9700//1565 9701//1565 9702//1565 13258//1565
f 9721//1566 9722//1566 9723//1566 9893//1566
f 10248//1567 9721//1567 9893//1567
f 9721//1568 10248//1568 9720//1568
f 9713//1569 9714//1569 9715//1569 9716//1569 9717//1569 9718//1569 9719//1569 9720//1569 10248//1569 10500//1569
f 9710//1570 9711//1570 9712//1570 9713//1570 10500//1570 13594//1570
f 9702//1571 9703//1571 9704//1571 9705//1571 9706//1571 9707//1571 9710//1571 13594//1571 13258//1571
f 13594//1572 8922//1572 11387//1572
f 10954//1573 7995//1573 13258//1573
f 13594//1574 10954//1574 13258//1574
f 7995//1575 9696//1575 13258//1575
f 13594//1576 10500//1576 9480//1576
f 13594//1577 9480//1577 7680//1577 8765//1577
f 9325//1578 9324//1578 9323//1578 9322//1578 9340//1578 9339//1578 9326//1578
f 9252//1579 9255//1579 9256//1579 9253//1579 9254//1579 9257//1579 9258//1579 9259//1579 9260//1579 9261//1579 9262//1579 9263//1579 9264//1579 9265//1579 9266//1579 9267//1579 9268//1579 9269//1579 9270//1579 9271//1579 9272//1579 9273//1579 9274//1579 9275//1579 9276//1579 9277//1579 9278//1579 9279//1579 9280//1579 9281//1579 9282//1579 9283//1579 9284//1579 9285//1579 9286//1579 9287//1579 9288//1579 9289//1579 9290//1579 9291//1579 9292//1579 9293//1579 9294//1579 9295//1579 9296//1579 9297//1579 9298//1579 9299//1579 9300//1579 9301//1579 9302//1579 9303//1579 9304//1579 9305//1579 9306//1579 9307//1579 9308//1579 9309//1579 9310//1579 9311//1579 9312//1579 9313//1579 9314//1579 9315//1579 9316//1579 9317//1579 9318//1579 9319//1579 9320//1579 9321//1579 9322//1579 9323//1579 9324//1579 9325//1579 9326//1579 9330//1579 9332//1579 9339//1579 9337//1579 9340//1579 9341//1579 9342//1579 9343//1579 9344//1579 9345//1579 9346//1579
f 9237//1580 9238//1580 9239//1580 9240//1580 9241//1580 9242//1580 9243//1580 9244//1580 9245//1580 9246//1580 9247//1580 9248//1580 9249//1580 9250//1580 9251//1580 9252//1580 9346//1580 9347//1580 9348//1580 9349//1580 9350//1580 9351//1580 9352//1580 9353//1580 9354//1580 9355//1580 9356//1580 9357//1580 9358//1580 9359//1580 9360//1580 9361//1580 9362//1580 9365//1580 9366//1580 9367//1580 9368//1580 9369//1580 9370//1580 9371//1580 9372//1580 9373//1580 9374//1580 9375//1580 9376//1580 9377//1580 9378//1580 9379//1580 9380//1580 9381//1580 9382//1580
f 9226//1581 9227//1581 9228//1581 9229//1581 9230//1581 9231//1581 9232//1581 9233//1581 9234//1581 9235//1581 9236//1581 9237//1581 9382//1581 9383//1581 9384//1581 9385//1581 9386//1581 9387//1581 9388//1581 9389//1581 9390//1581 9391//1581 9392//1581 9393//1581 9394//1581 9395//1581 9396//1581 9397//1581 9398//1581 9399//1581 9400//1581 9401//1581 9402//1581 9403//1581 9404//1581 9405//1581 9406//1581 9407//1581
f 9217//1582 9218//1582 9219//1582 9220//1582 9221//1582 9222//1582 9223//1582 9224//1582 9225//1582 9226//1582 9407//1582 9408//1582 9409//1582 9410//1582 9411//1582 9412//1582 9413//1582 9414//1582 9415//1582 9416//1582 9417//1582 9418//1582 9419//1582 9420//1582 9421//1582 9422//1582 9423//1582 9424//1582 9425//1582 9426//1582 9427//1582 9428//1582 9429//1582 9430//1582 9431//1582 9432//1582 9433//1582
f 9444//1583 7436//1583 9445//1583 9446//1583 9447//1583 9448//1583 9449//1583 9450//1583 9451//1583 9452//1583 9453//1583 9213//1583 9214//1583 9215//1583 9216//1583 9217//1583 9433//1583 9434//1583 9435//1583 9436//1583 9437//1583 9438//1583 9439//1583 9440//1583 9441//1583 9442//1583 9443//1583
f 13294//1584 9213//1584 9453//1584
f 13291//1584 9213//1584 13294//1584
f 13291//1585 9210//1585 9213//1585
f 10556//1586 10191//1586 10192//1586 10193//1586 10194//1586 10195//1586 10196//1586 10197//1586 10198//1586 10199//1586 10200//1586 10201//1586 10202//1586 10203//1586 10204//1586 10205//1586 10206//1586 10207//1586 10208//1586 10209//1586 10210//1586 10211//1586 10212//1586 10213//1586 10214//1586 10215//1586 10216//1586 10217//1586 10218//1586 10219//1586 10532//1586 10533//1586 10534//1586 10535//1586 10536//1586 10537//1586 10538//1586 10539//1586 10540//1586 10541//1586 10542//1586 10543//1586 10544//1586 10545//1586 10546//1586 10547//1586 10548//1586 10549//1586 10550//1586 10551//1586 10552//1586 10553//1586 10554//1586 10555//1586
f 10709//1587 10710//1587 10711//1587 10712//1587 10713//1587 10714//1587 10715//1587 10716//1587 10717//1587 10718//1587 10719//1587 10720//1587 10721//1587 10722//1587 10723//1587 10157//1587 10158//1587 10159//1587 10160//1587 10161//1587 10162//1587 10163//1587 10164//1587 10165//1587 10166//1587 10167//1587 10168//1587 10169//1587 10170//1587 10171//1587 10172//1587 10173//1587 10174//1587 10175//1587 10176//1587 10177//1587 10178//1587 10179//1587 10180//1587 10181//1587 10182//1587 10183//1587 10184//1587 10185//1587 10186//1587 10187//1587 10188//1587 10189//1587 10190//1587 10191//1587 10556//1587 10557//1587 10558//1587 10559//1587 10560//1587 10561//1587 10562//1587 10563//1587 10564//1587 10565//1587 10566//1587 10567//1587 10568//1587 10569//1587 10570//1587 10571//1587 10572//1587 10573//1587 10574//1587 10575//1587 10576//1587 10577//1587 10578//1587 10579//1587 10580//1587 10669//1587 10670//1587 10671//1587 10672//1587 10673//1587 10674//1587 10675//1587 10676//1587 10677//1587 10678//1587 10679//1587 10680//1587 10681//1587 10682//1587 10683//1587 10684//1587 10685//1587 10686//1587 10687//1587 10688//1587 10689//1587 10690//1587 10691//1587 10692//1587 10693//1587 10694//1587 10695//1587 10696//1587 10697//1587 10698//1587 10699//1587 10700//1587 10701//1587 10702//1587 10703//1587 10704//1587 10705//1587 10706//1587 10707//1587 10708//1587
f 10607//1588 10608//1588 10609//1588 10610//1588 10611//1588 10612//1588 10613//1588 10614//1588 10615//1588 10616//1588 10617//1588 10618//1588 10619//1588 10620//1588 10621//1588 10622//1588 10623//1588 10624//1588 10625//1588 10626//1588 10627//1588 10628//1588 10629//1588 10630//1588 10631//1588 10632//1588 10633//1588 10634//1588 10635//1588
f 10669//1589 10580//1589 10581//1589 10582//1589 10583//1589 10584//1589 10585//1589 10586//1589 10587//1589 10588//1589 10589//1589 10592//1589 10593//1589 10594//1589 10595//1589 10596//1589 10597//1589 10598//1589 10599//1589 10600//1589 10601//1589 10602//1589 10603//1589 10604//1589 10605//1589 10606//1589 10607//1589 10635//1589 10636//1589 10637//1589 10638//1589 10639//1589 10640//1589 10641//1589 10642//1589 10643//1589 10644//1589 10645//1589 10646//1589 10647//1589 10648//1589 10649//1589 10650//1589 10651//1589 10652//1589 10653//1589 10654//1589 10655//1589 10656//1589 10657//1589 10658//1589 10659//1589 10660//1589 10661//1589 10662//1589 10663//1589 10664//1589 10665//1589 10666//1589 10667//1589 10668//1589
f 10793//1590 10794//1590 10100//1590 10101//1590 10102//1590 10103//1590 10104//1590 10105//1590 10106//1590 10107//1590 10108//1590 10109//1590 10110//1590 10111//1590 10112//1590 10113//1590 10114//1590 10115//1590 10116//1590 10117//1590 10118//1590 10119//1590 10120//1590 10121//1590 10122//1590 10123//1590 10124//1590 10125//1590 10126//1590 10127//1590 10128//1590 10129//1590 10130//1590 10131//1590 10132//1590 10133//1590 10134//1590 10135//1590 10136//1590 10137//1590 10138//1590 10139//1590 10140//1590 10141//1590 10142//1590 10143//1590 10144//1590 10145//1590 10146//1590 10147//1590 10148//1590 10149//1590 10150//1590 10151//1590 10152//1590 10153//1590 10154//1590 10155//1590 10156//1590 10157//1590 10723//1590 10724//1590 10725//1590 10726//1590 10727//1590 10728//1590 10729//1590 10730//1590 10731//1590 10732//1590 10733//1590 10734//1590 10735//1590 10736//1590 10737//1590 10738//1590 10739//1590 10740//1590 10741//1590 10742//1590 10743//1590 10744//1590 10745//1590 10746//1590 10747//1590 10748//1590 10749//1590 10750//1590 10751//1590 10752//1590 10753//1590 10754//1590 10755//1590 10756//1590 10757//1590 10758//1590 10759//1590 10760//1590 10761//1590 10762//1590 10763//1590 10764//1590 10765//1590 10766//1590 10767//1590 10768//1590 10769//1590 10770//1590 10771//1590 10772//1590 10773//1590 10774//1590 10775//1590 10776//1590 10777//1590 10778//1590 10779//1590 10780//1590 10781//1590 10782//1590 10783//1590 10784//1590 10785//1590 10786//1590 10787//1590 10788//1590 10789//1590 10790//1590 10791//1590 10792//1590
f 7745//1591 7746//1591 7747//1591 7748//1591 7749//1591 7750//1591 7751//1591 7752//1591 7753//1591 7754//1591 7755//1591 7756//1591 7757//1591 7758//1591 7759//1591 7760//1591 7761//1591 7762//1591 7763//1591 7764//1591 7765//1591 7766//1591 7767//1591 7768//1591 7769//1591 7770//1591 7771//1591 7772//1591 7773//1591 7774//1591 7775//1591 7776//1591 7777//1591 7778//1591 7779//1591 7780//1591 7783//1591 7784//1591 7785//1591 7786//1591 7787//1591 7788//1591 7789//1591 7790//1591 7791//1591 7792//1591 7793//1591 7794//1591 7795//1591 7796//1591 7797//1591 7798//1591 7799//1591 7800//1591 7801//1591 7802//1591 7803//1591 7804//1591 7805//1591 7806//1591 7807//1591 7808//1591 7809//1591 7810//1591 7811//1591 7812//1591 7813//1591 7814//1591 7815//1591 7816//1591 7817//1591 7818//1591 7819//1591 7820//1591 7821//1591 7822//1591 7823//1591 7824//1591 7825//1591 7826//1591 7827//1591 7828//1591 7829//1591 7830//1591 7831//1591 7832//1591 7833//1591 7834//1591 7835//1591 7836//1591 7837//1591 7838//1591 7839//1591 7840//1591 7841//1591 7842//1591 7843//1591 7844//1591 7845//1591 7846//1591
f 10035//1592 10036//1592 10037//1592 10038//1592 10039//1592 10040//1592 10041//1592 10042//1592 10043//1592 10044//1592 10045//1592 10046//1592 10047//1592 10048//1592 10049//1592 10050//1592 10051//1592 10052//1592 10053//1592 10054//1592 10055//1592 10056//1592 10057//1592 10058//1592 10059//1592 10060//1592 10061//1592 10062//1592 10063//1592 10064//1592 10065//1592 10066//1592 10067//1592 10068//1592 10069//1592 10070//1592 10071//1592 10072//1592 10073//1592 10077//1592 10078//1592 10079//1592 10080//1592 10081//1592 10082//1592 10083//1592 10084//1592 10085//1592 10086//1592 10087//1592 10088//1592 10089//1592 10090//1592 10091//1592 10092//1592 10093//1592 10094//1592 10095//1592 10096//1592 10097//1592 10098//1592 10099//1592 8551//1592 8552//1592 8553//1592 8554//1592 8555//1592 8556//1592 8557//1592 8558//1592 8559//1592 8560//1592 8561//1592 8564//1592 8565//1592 8566//1592 8567//1592 8568//1592 8569//1592 8570//1592 8571//1592 8572//1592 8573//1592 8574//1592 8575//1592 8576//1592 8577//1592 8578//1592 8579//1592 8580//1592 8581//1592 8582//1592 8583//1592 8584//1592 8585//1592 8586//1592 8587//1592 8588//1592 8589//1592 8590//1592 8591//1592 8592//1592 8593//1592 8594//1592 8595//1592 8596//1592 8597//1592 8598//1592 8599//1592 8600//1592 8601//1592 8602//1592 8603//1592 8604//1592 8605//1592 8606//1592 8607//1592 8608//1592 8609//1592 8610//1592 8611//1592 8612//1592 8613//1592 8614//1592 8615//1592 8616//1592 8617//1592 8618//1592 8619//1592 8620//1592 8621//1592 8622//1592 8623//1592 8624//1592 8625//1592 8626//1592 8627//1592 8628//1592 8629//1592 8630//1592 8631//1592 8632//1592 8633//1592 8634//1592 8635//1592 8636//1592 8637//1592 8638//1592 8639//1592 8640//1592 8641//1592 8642//1592 8643//1592 8644//1592 8645//1592 8646//1592 8647//1592 8650//1592 8651//1592 8652//1592 8653//1592 8654//1592 8655//1592 8656//1592 8657//1592 8658//1592 8659//1592 8660//1592 8661//1592 8662//1592 8663//1592 8664//1592 8665//1592 8666//1592 10032//1592 10033//1592 10034//1592
f 10024//1593 10025//1593 10026//1593 10027//1593 10028//1593 10029//1593 10030//1593 10031//1593 10032//1593 8666//1593 8667//1593 8668//1593 8669//1593 8670//1593 8671//1593 8672//1593 8673//1593 8674//1593 8675//1593 8676//1593 8677//1593 8678//1593 8679//1593 8680//1593 8681//1593 8682//1593 8683//1593 8684//1593 8685//1593 8686//1593 8687//1593 8688//1593 8689//1593 8690//1593 8691//1593 9990//1593 9991//1593 9992//1593 9993//1593 9994//1593 9995//1593 9996//1593 9997//1593 9998//1593 9999//1593 10000//1593 10001//1593 10002//1593 10003//1593 10004//1593 10005//1593 10006//1593 10007//1593 10008//1593 10009//1593 10010//1593 10011//1593 10012//1593 10013//1593 10014//1593 10015//1593 10016//1593 10017//1593 10018//1593 10019//1593 10020//1593 10021//1593
f 9990//1594 8691//1594 8692//1594 8693//1594 8694//1594 8695//1594 8696//1594 8697//1594 8698//1594 8699//1594 8700//1594 8701//1594 8702//1594 8703//1594 8704//1594 9966//1594 9967//1594 9968//1594 9969//1594 9970//1594 9971//1594 9972//1594 9973//1594 9974//1594 9975//1594 9976//1594 9977//1594 9978//1594 9979//1594 9980//1594 9981//1594 9982//1594 9983//1594 9984//1594 9985//1594 9986//1594 9987//1594 9988//1594 9989//1594
f 9965//1595 9966//1595 8704//1595 8705//1595 8706//1595 8707//1595 8708//1595 8709//1595 8710//1595 8711//1595 8712//1595 8713//1595 8714//1595 8715//1595 8716//1595 9942//1595 9943//1595 9944//1595 9945//1595 9946//1595 9947//1595 9948//1595 9949//1595 9950//1595 9951//1595 9952//1595 9953//1595 9954//1595 9955//1595 9956//1595 9957//1595 9958//1595 9959//1595 9960//1595 9961//1595 9962//1595 9963//1595 9964//1595
f 9931//1596 9932//1596 9933//1596 9934//1596 9935//1596 9936//1596 9937//1596 9938//1596 9939//1596 9940//1596 9941//1596 9942//1596 8716//1596 8717//1596 8718//1596 8719//1596 8720//1596 8721//1596 8722//1596 8723//1596 8724//1596 8725//1596 8726//1596 9921//1596 9922//1596 9923//1596 9924//1596 9925//1596 9926//1596 9927//1596 9928//1596 9929//1596 9930//1596
f 10905//1597 10906//1597 10907//1597 10908//1597 10909//1597 10910//1597 10911//1597 10912//1597 10913//1597 10914//1597 10915//1597 10916//1597 10917//1597 10918//1597 10919//1597 10920//1597 10921//1597 10861//1597 10862//1597 10863//1597 10864//1597 10865//1597 10866//1597 10867//1597 10868//1597 10869//1597 10870//1597 10871//1597 10872//1597 10873//1597 10874//1597 10875//1597 10876//1597 10877//1597 10878//1597 10879//1597 10880//1597 10881//1597 10882//1597 10883//1597 10884//1597 10885//1597 10886//1597 10887//1597 10888//1597 10889//1597 10890//1597 10891//1597 10892//1597 10893//1597 10894//1597 10895//1597 10896//1597 10897//1597 10898//1597 10899//1597 10900//1597 10901//1597 10902//1597 10903//1597 10904//1597
f 11443//1598 10795//1598 10796//1598 10797//1598 10798//1598 10799//1598 10800//1598 10801//1598 10802//1598 10803//1598 10804//1598 10805//1598 10806//1598 10807//1598 10808//1598 10809//1598 10810//1598 10811//1598 10812//1598 10813//1598 10814//1598 10815//1598 10816//1598 10817//1598 10818//1598 10819//1598 10820//1598 10821//1598 10822//1598 10823//1598 11413//1598 11414//1598 11415//1598 11416//1598 11417//1598 11418//1598 11419//1598 11420//1598 11421//1598 11422//1598 11423//1598 11424//1598 11425//1598 11426//1598 11427//1598 11428//1598 11429//1598 11430//1598 11431//1598 11432//1598 11433//1598 11434//1598 11435//1598 11436//1598 11437//1598 11438//1598 11439//1598 11440//1598 11441//1598 11442//1598
f 11404//1599 11405//1599 11406//1599 11407//1599 11408//1599 11409//1599 11410//1599 11411//1599 11412//1599 11413//1599 10823//1599 10824//1599 10825//1599 10826//1599 10827//1599 10828//1599 10829//1599 10830//1599 10831//1599 10832//1599 10833//1599 10834//1599 10835//1599 10836//1599 10837//1599 10838//1599 10839//1599 10840//1599 10841//1599 10842//1599 10843//1599 10844//1599 10845//1599 10846//1599 10847//1599 10848//1599 10849//1599 10850//1599 10851//1599 10852//1599 10853//1599 10854//1599 10855//1599 10856//1599 10857//1599 10858//1599 10859//1599 10860//1599 10861//1599 10921//1599 10922//1599 10923//1599 10924//1599 10925//1599 10926//1599 10927//1599 10928//1599 10929//1599 10930//1599 10931//1599 10932//1599 10933//1599 10934//1599 10935//1599 10936//1599 10937//1599 10938//1599 10939//1599 10940//1599 10941//1599 10942//1599 10943//1599 10944//1599 10945//1599 10946//1599 10947//1599 10948//1599 10949//1599 10950//1599 10951//1599 11396//1599 11397//1599 11398//1599 11399//1599 11400//1599 11401//1599 11402//1599 11403//1599
f 10954//1600 11387//1600 11388//1600 11389//1600 11390//1600 11391//1600 11392//1600 11393//1600 11394//1600 11395//1600 11396//1600 10951//1600 10952//1600 10953//1600
f 9484//1601 7672//1601 7673//1601 7674//1601 7675//1601 7676//1601 7677//1601 7678//1601 7679//1601 7680//1601 9480//1601 9481//1601 9482//1601 9483//1601
f 9501//1602 9502//1602 7666//1602 7667//1602 7668//1602 7669//1602 7670//1602 7671//1602 7672//1602 9484//1602 9485//1602 9486//1602 9487//1602 9488//1602 9489//1602 9490//1602 9491//1602 9492//1602 9493//1602 9494//1602 9495//1602 9496//1602 9497//1602 9498//1602 9499//1602 9500//1602
f 9507//1603 9508//1603 9509//1603 9510//1603 9511//1603 9512//1603 9513//1603 9514//1603 9515//1603 9516//1603 9517//1603 9518//1603 9519//1603 9520//1603 9521//1603 9522//1603 9523//1603 9524//1603 9525//1603 9526//1603 9527//1603 7654//1603 7655//1603 7656//1603 7657//1603 7658//1603 7659//1603 7660//1603 7661//1603 7662//1603 7663//1603 7664//1603 7665//1603 7666//1603 9502//1603 9503//1603 9504//1603 9505//1603 9506//1603
f 7630//1604 7631//1604 7632//1604 7633//1604 7634//1604 7635//1604 7636//1604 7637//1604 7638//1604 7639//1604 7640//1604 7641//1604 7642//1604 7643//1604 7644//1604 7645//1604 7646//1604 7647//1604 7648//1604 7649//1604 7650//1604 7651//1604 7652//1604 7653//1604 7654//1604 9527//1604 9528//1604 9529//1604 9530//1604 9531//1604 9532//1604 9533//1604 9534//1604 9535//1604 9536//1604 9537//1604 9538//1604 9539//1604 9540//1604 9541//1604 9542//1604 9543//1604 9544//1604 9545//1604 9546//1604 9547//1604 9548//1604 9549//1604 9550//1604 9551//1604 9552//1604 9553//1604 9554//1604 9555//1604 9556//1604 9557//1604 9558//1604 9559//1604
f 7615//1605 8827//1605 8825//1605 8824//1605 7619//1605 7618//1605 7617//1605 7616//1605
f 7630//1606 9559//1606 7552//1606 7553//1606 7554//1606 7555//1606 7556//1606 7557//1606 7558//1606 7559//1606 7560//1606 7561//1606 7562//1606 7563//1606 7564//1606 7565//1606 7566//1606 7567//1606 7568//1606 7569//1606 7570//1606 7571//1606 7572//1606 7573//1606 7574//1606 7575//1606 7576//1606 7577//1606 7578//1606 7579//1606 7580//1606 7581//1606 7582//1606 7583//1606 7584//1606 7585//1606 7586//1606 7587//1606 7588//1606 7589//1606 7590//1606 7591//1606 7592//1606 7593//1606 7594//1606 7595//1606 7596//1606 7597//1606 7598//1606 7599//1606 7600//1606 7601//1606 7602//1606 7603//1606 7604//1606 7605//1606 7606//1606 7607//1606 7608//1606 7609//1606 7610//1606 7611//1606 7612//1606 7613//1606 7614//1606 7615//1606 7616//1606 7617//1606 7618//1606 7619//1606 7620//1606 7621//1606 7622//1606 7623//1606 7624//1606 7625//1606 7626//1606 7627//1606 7628//1606 7629//1606
f 8827//1607 8826//1607 8825//1607
f 8830//1608 8831//1608 8832//1608 8833//1608 8834//1608 8835//1608 8836//1608 8837//1608 8838//1608 8839//1608 8840//1608 8841//1608 8842//1608 8843//1608 8844//1608 8845//1608 8846//1608 8847//1608 8848//1608 8849//1608 8850//1608 8851//1608 8852//1608 8853//1608 8854//1608 8855//1608 8856//1608 8857//1608 8858//1608 8859//1608 8860//1608 8861//1608 8862//1608 8865//1608 8866//1608 8867//1608 8868//1608 8869//1608 8870//1608 8871//1608 8872//1608 8786//1608 8787//1608 8788//1608 8789//1608 8790//1608 8791//1608 8792//1608 8793//1608 8794//1608 8795//1608 8796//1608 8797//1608 8798//1608 8799//1608 8800//1608 8801//1608 8802//1608 8803//1608 8804//1608 8805//1608 8806//1608 8807//1608 8808//1608 8809//1608 8810//1608 8811//1608 8812//1608 8813//1608 8814//1608 8815//1608 8816//1608 8817//1608 8818//1608 8819//1608 8820//1608 8821//1608 8822//1608 8823//1608 8824//1608 8825//1608 8826//1608 8827//1608 8828//1608 8829//1608
f 8884//1609 8782//1609 8783//1609 8784//1609 8785//1609 8786//1609 8872//1609 8873//1609 8874//1609 8875//1609 8876//1609 8877//1609 8878//1609 8879//1609 8880//1609 8881//1609 8882//1609 8883//1609
f 8774//1610 8775//1610 8776//1610 8777//1610 8778//1610 8779//1610 8780//1610 8781//1610 8782//1610 8884//1610 8885//1610 8886//1610 8887//1610 8888//1610 8889//1610 8890//1610 8891//1610 8892//1610 8893//1610 8894//1610 8895//1610 8896//1610 8897//1610 8898//1610 8899//1610 8900//1610
f 8905//1611 8906//1611 8907//1611 8908//1611 8909//1611 8910//1611 8911//1611 8912//1611 8913//1611 8914//1611 8915//1611 8916//1611 8917//1611 8918//1611 8919//1611 8920//1611 8921//1611 8922//1611 8765//1611 8766//1611 8767//1611 8768//1611 8769//1611 8770//1611 8771//1611 8772//1611 8773//1611 8774//1611 8900//1611 8901//1611 8902//1611 8903//1611 8904//1611
f 9186//1612 9187//1612 9188//1612 9189//1612 9190//1612 9191//1612 9192//1612 13289//1612
f 13289//1613 8979//1613 9186//1613
f 8979//1614 8980//1614 8981//1614 8982//1614 8983//1614 8984//1614 8985//1614 8986//1614 8987//1614 8988//1614 8989//1614 8990//1614 8991//1614 8992//1614 8993//1614 8994//1614 8995//1614 8996//1614 8997//1614 8998//1614 8999//1614 9000//1614 9001//1614 9002//1614 9003//1614 9004//1614 9169//1614 9170//1614 9171//1614 9172//1614 9173//1614 9174//1614 9175//1614 9176//1614 9177//1614 9178//1614 9179//1614 9180//1614 9181//1614 9182//1614 9183//1614 9184//1614 9185//1614 9186//1614
f 9004//1615 9005//1615 9006//1615 9007//1615 9008//1615 9009//1615 9010//1615 9011//1615 9012//1615 9013//1615 9014//1615 9015//1615 9016//1615 9017//1615 9018//1615 9019//1615 9020//1615 9021//1615 9022//1615 9023//1615 9024//1615 9025//1615 9026//1615 9027//1615 9028//1615 9029//1615 9030//1615 9031//1615 9032//1615 9033//1615 9034//1615 9035//1615 9036//1615 9162//1615 9163//1615 9164//1615 9165//1615 9166//1615 9167//1615 9168//1615 9169//1615
f 9036//1616 9037//1616 9038//1616 9039//1616 9040//1616 9041//1616 9042//1616 9043//1616 9044//1616 9045//1616 9046//1616 9047//1616 9048//1616 9049//1616 9050//1616 9051//1616 9052//1616 9053//1616 9054//1616 9055//1616 9056//1616 9057//1616 9058//1616 9059//1616 9060//1616 9061//1616 9062//1616 9063//1616 9064//1616 9065//1616 9141//1616 9142//1616 9143//1616 9144//1616 9145//1616 9147//1616 9148//1616 9149//1616 9150//1616 9151//1616 9152//1616 9153//1616 9154//1616 9155//1616 9156//1616 9157//1616 9158//1616 9159//1616 9160//1616 9161//1616 9162//1616
f 9065//1617 9066//1617 9067//1617 9068//1617 9069//1617 9070//1617 9071//1617 9072//1617 9073//1617 9074//1617 9075//1617 9076//1617 9077//1617 9078//1617 9079//1617 9080//1617 9081//1617 9082//1617 9083//1617 9084//1617 9085//1617 9086//1617 9087//1617 9088//1617 9089//1617 9090//1617 9091//1617 9092//1617 9093//1617 9094//1617 9095//1617 9096//1617 9097//1617 9098//1617 9099//1617 9100//1617 9101//1617 9102//1617 9103//1617 9104//1617 9105//1617 9108//1617 9109//1617 9110//1617 9111//1617 9112//1617 9113//1617 9114//1617 9115//1617 9116//1617 9117//1617 9118//1617 9119//1617 9122//1617 9123//1617 9124//1617 9125//1617 9126//1617 9127//1617 9128//1617 9129//1617 9130//1617 9131//1617 9132//1617 9133//1617 9134//1617 9135//1617 9136//1617 9137//1617 9138//1617 9139//1617 9140//1617 9141//1617
f 10490//1618 10489//1618 10488//1618
f 10488//1619 10489//1619 10490//1619 10491//1619 10492//1619 10493//1619 10494//1619 10495//1619 10496//1619 10497//1619 10498//1619 10499//1619 10500//1619 10248//1619 10249//1619 10250//1619 10251//1619 10252//1619 10253//1619 10254//1619 10255//1619 10256//1619 10257//1619 10258//1619 10259//1619 10260//1619 10261//1619 10262//1619 10263//1619 10264//1619 10265//1619 10266//1619 10267//1619 10268//1619 10269//1619 10270//1619 10271//1619 10272//1619 10273//1619 10473//1619 10474//1619 10475//1619 10476//1619 10477//1619 10478//1619 10479//1619 10480//1619 10481//1619 10482//1619 10483//1619 10484//1619 10485//1619 10486//1619 10487//1619
f 10380//1620 10296//1620 10297//1620 10298//1620 10299//1620 10300//1620 10301//1620 10302//1620 10303//1620 10304//1620 10305//1620 10306//1620 10307//1620 10308//1620 10309//1620 10310//1620 10311//1620 10312//1620 10315//1620 10316//1620 10317//1620 10318//1620 10319//1620 10320//1620 10321//1620 10322//1620 10323//1620 10324//1620 10325//1620 10326//1620 10327//1620 10328//1620 10329//1620 10330//1620 10331//1620 10332//1620 10333//1620 10334//1620 10335//1620 10336//1620 10337//1620 10338//1620 10339//1620 10340//1620 10341//1620 10342//1620 10343//1620 10344//1620 10345//1620 10346//1620 10347//1620 10348//1620 10349//1620 10350//1620 10351//1620 10352//1620 10353//1620 10354//1620 10355//1620 10356//1620 10357//1620 10358//1620 10359//1620 10360//1620 10361//1620 10362//1620 10363//1620 10364//1620 10365//1620 10366//1620 10367//1620 10368//1620 10369//1620 10370//1620 10371//1620 10372//1620 10373//1620 10374//1620 10375//1620 10376//1620 10377//1620 10378//1620 10379//1620
f 10429//1621 10430//1621 10431//1621 10432//1621 10433//1621 10434//1621 10435//1621 10436//1621 10437//1621 10438//1621 10439//1621 10440//1621 10441//1621 10442//1621 10443//1621 10444//1621 10445//1621 10446//1621 10447//1621 10448//1621 10449//1621 10450//1621 10403//1621 10404//1621 10405//1621 10406//1621 10407//1621 10408//1621 10409//1621 10410//1621 10411//1621 10412//1621 10413//1621 10414//1621 10415//1621 10416//1621 10417//1621 10418//1621 10419//1621 10420//1621 10421//1621 10422//1621 10423//1621 10424//1621 10425//1621 10426//1621 10427//1621 10428//1621
f 9606//1622 9607//1622 9608//1622 9609//1622 9610//1622 9611//1622 9612//1622 9613//1622 9614//1622 9615//1622 9616//1622 9617//1622 9618//1622 9619//1622 9620//1622 9621//1622 9622//1622 9623//1622 9624//1622 9625//1622 9626//1622 9627//1622 9628//1622 9629//1622 9630//1622 9631//1622 9632//1622 9633//1622 9634//1622 9635//1622 9636//1622 9637//1622 9638//1622 9639//1622 9640//1622 9641//1622 9642//1622 9643//1622 9644//1622 9646//1622 9647//1622 9648//1622 9649//1622 9650//1622 9651//1622 9652//1622 9653//1622 9654//1622 9655//1622 9656//1622 9657//1622 9658//1622 9659//1622 9660//1622 9661//1622 9662//1622 9663//1622 9664//1622 9665//1622 9666//1622 9667//1622 9668//1622 9669//1622 9670//1622 9671//1622 9672//1622 9673//1622 9674//1622 9675//1622 9676//1622 9677//1622
f 9590//1623 9591//1623 9592//1623 9593//1623 9594//1623 9595//1623 9596//1623 9597//1623 9598//1623 9599//1623 9600//1623 9601//1623 9602//1623 9603//1623 9604//1623 9605//1623 9606//1623 9677//1623 9678//1623 9679//1623 9680//1623 9681//1623 9682//1623 9683//1623 9684//1623 9685//1623 9686//1623 9687//1623
f 9568//1624 9569//1624 9570//1624 9571//1624 9572//1624 9573//1624 9574//1624 9575//1624 9576//1624 9577//1624 9578//1624 9579//1624 9580//1624 9581//1624 9582//1624 9583//1624 9584//1624 9585//1624 9586//1624 9587//1624 9588//1624 9589//1624 9590//1624 9687//1624 9688//1624 9689//1624 9690//1624 9691//1624 9692//1624 9693//1624 9694//1624 9695//1624 9696//1624
f 9696//1625 7995//1625 7996//1625 7997//1625 7998//1625 7999//1625 8000//1625 8001//1625 8002//1625 8003//1625 8004//1625 8005//1625 8006//1625 8007//1625 8008//1625 9562//1625 9563//1625 9564//1625 9565//1625 9566//1625 9567//1625 9568//1625
f 9880//1626 9881//1626 9882//1626 9883//1626 9884//1626 9885//1626 9886//1626 9887//1626 9888//1626 9889//1626 9890//1626 9891//1626 9892//1626 9893//1626 9723//1626 9724//1626 9725//1626 9726//1626 9727//1626 9728//1626 9733//1626 9734//1626 9735//1626 9736//1626 9877//1626 9878//1626 9879//1626
f 9862//1627 9863//1627 9864//1627 9865//1627 9866//1627 9867//1627 9868//1627 9869//1627 9870//1627 9871//1627 9872//1627 9873//1627 9874//1627 9875//1627 9876//1627 9877//1627 9736//1627 9737//1627 9738//1627 9739//1627 9740//1627 9741//1627
f 9741//1628 9742//1628 9743//1628 9744//1628 9745//1628 9746//1628 9747//1628 9748//1628 9845//1628 9846//1628 9847//1628 9848//1628 9849//1628 9850//1628 9851//1628 9852//1628 9853//1628 9854//1628 9855//1628 9856//1628 9857//1628 9858//1628 9859//1628 9860//1628 9861//1628 9862//1628
f 9844//1629 9845//1629 9748//1629 9749//1629 9750//1629 9751//1629 9752//1629 9753//1629 9754//1629 9755//1629 9756//1629 9757//1629 9758//1629 9759//1629 9760//1629 9761//1629 9762//1629 9763//1629 9764//1629 9765//1629 9766//1629 9767//1629 9768//1629 9769//1629 9770//1629 9771//1629 9772//1629 9773//1629 9774//1629 9775//1629 9776//1629 9777//1629 9778//1629 9779//1629 9780//1629 9781//1629 9782//1629 9783//1629 9784//1629 9785//1629 9786//1629 9787//1629 9788//1629 9789//1629 9790//1629 9791//1629 9792//1629 9793//1629 9794//1629 9795//1629 9796//1629 9797//1629 9798//1629 9799//1629 9800//1629 9801//1629 9802//1629 9803//1629 9804//1629 9805//1629 9806//1629 9807//1629 9808//1629 9809//1629 9810//1629 9811//1629 9812//1629 9813//1629 9814//1629 9815//1629 9816//1629 9817//1629 9818//1629 9819//1629 9820//1629 9821//1629 9822//1629 9823//1629 9824//1629 9825//1629 9826//1629 9827//1629 9828//1629 9829//1629 9830//1629 9831//1629 9832//1629 9833//1629 9834//1629 9835//1629 9836//1629 9837//1629 9838//1629 9839//1629 9840//1629 9841//1629 9842//1629 9843//1629
f 11140//1630 11082//1630 11083//1630 11084//1630 11085//1630 11086//1630 11087//1630 11088//1630 11089//1630 11090//1630 11091//1630 11092//1630 11093//1630 11094//1630 11095//1630 11096//1630 11097//1630 11098//1630 11099//1630 11100//1630 11101//1630 11102//1630 11103//1630 11104//1630 11105//1630 11106//1630 11107//1630 11108//1630 11109//1630 11110//1630 11111//1630 11112//1630 11113//1630 11114//1630 11115//1630 11116//1630 11117//1630 11118//1630 11119//1630 11120//1630 11121//1630 11122//1630 11123//1630 11124//1630 11125//1630 11126//1630 11127//1630 11128//1630 11129//1630 11130//1630 11131//1630 11132//1630 11133//1630 11134//1630 11135//1630 11136//1630 11137//1630 11138//1630 11139//1630
f 11234//1631 11235//1631 11236//1631 11237//1631 11238//1631 11239//1631 11240//1631 11241//1631 11242//1631 11243//1631 11244//1631 11245//1631 11246//1631 11247//1631 11248//1631 11249//1631 11250//1631 11251//1631 11252//1631 11253//1631 11254//1631 11255//1631 11256//1631 11257//1631 11258//1631 11259//1631 11260//1631 11261//1631 11262//1631 11263//1631 11264//1631 11265//1631 11266//1631 11267//1631 11268//1631 11269//1631 11174//1631 11175//1631 11176//1631 11177//1631 11178//1631 11181//1631 11182//1631 11183//1631 11184//1631 11185//1631 11186//1631 11187//1631 11188//1631 11189//1631 11190//1631 11191//1631 11192//1631 11193//1631 11194//1631 11195//1631 11196//1631 11197//1631 11198//1631 11199//1631 11200//1631 11201//1631 11202//1631 11203//1631 11204//1631 11205//1631 11206//1631 11207//1631 11208//1631 11209//1631 11210//1631 11211//1631 11212//1631 11213//1631 11214//1631 11215//1631 11216//1631 11217//1631 11218//1631 11219//1631 11220//1631 11221//1631 11222//1631 11223//1631 11224//1631 11225//1631 11226//1631 11227//1631 11228//1631 11229//1631 11230//1631 11231//1631 11232//1631 11233//1631
f 11032//1632 11033//1632 11034//1632 11035//1632 11036//1632 11037//1632 11038//1632 11039//1632 11040//1632 11041//1632 11042//1632 11043//1632 11044//1632 11045//1632 11046//1632 11047//1632 11048//1632 11049//1632 11050//1632 11051//1632 11052//1632 11053//1632 11321//1632 11322//1632 11323//1632 11324//1632 11325//1632 11326//1632 11327//1632 11328//1632 11329//1632 11330//1632 11331//1632
f 11289//1633 11290//1633 11291//1633 11292//1633 11293//1633 11294//1633 11295//1633 11296//1633 11297//1633 11298//1633 11299//1633 11300//1633 11301//1633 11302//1633 11303//1633 11304//1633 11305//1633 11306//1633 11307//1633 11308//1633 11309//1633 11310//1633 11311//1633 11312//1633 11313//1633 11314//1633 11315//1633 11316//1633 11317//1633 11318//1633 11319//1633 11320//1633 11321//1633 11053//1633 11054//1633 11055//1633 11056//1633 11057//1633 11058//1633 11059//1633 11060//1633 11061//1633 11062//1633 11063//1633 11064//1633 11065//1633 11066//1633 11067//1633 11068//1633 11069//1633 11070//1633 11071//1633 11072//1633 11073//1633 11074//1633 11075//1633 11076//1633 11077//1633 11078//1633 11079//1633 11080//1633 11081//1633 11082//1633 11140//1633 11141//1633 11142//1633 11143//1633 11144//1633 11145//1633 11146//1633 11147//1633 11148//1633 11149//1633 11150//1633 11151//1633 11152//1633 11153//1633 11154//1633 11155//1633 11156//1633 11157//1633 11158//1633 11159//1633 11160//1633 11161//1633 11162//1633 11163//1633 11164//1633 11165//1633 11166//1633 11167//1633 11168//1633 11169//1633 11170//1633 11171//1633 11172//1633 11173//1633 11174//1633 11269//1633 11270//1633 11271//1633 11272//1633 11273//1633 11274//1633 11275//1633 11276//1633 11277//1633 11278//1633 11279//1633 11280//1633 11281//1633 11282//1633 11283//1633 11284//1633 11285//1633 11286//1633 11287//1633 11288//1633
f 10456//1634 10457//1634 10458//1634 10459//1634 10460//1634 10461//1634 10462//1634 10463//1634 10464//1634 10465//1634 10466//1634 10467//1634 10468//1634 10469//1634 10470//1634 10471//1634 10472//1634 10473//1634 10273//1634 10274//1634 10275//1634 10276//1634 10277//1634 10278//1634 10279//1634 10280//1634 10281//1634 10282//1634 10283//1634 10284//1634 10285//1634 10286//1634 10287//1634 10288//1634 10289//1634 10290//1634 10291//1634 10292//1634 10293//1634 10294//1634 10295//1634 10296//1634 10380//1634 10381//1634 10382//1634 10383//1634 10384//1634 10385//1634 10386//1634 10387//1634 10388//1634 10389//1634 10390//1634 10391//1634 10392//1634 10393//1634 10394//1634 10395//1634 10396//1634 10397//1634 10398//1634 10399//1634 10400//1634 10401//1634 10402//1634 10403//1634 10450//1634 10451//1634 10452//1634 10453//1634 10454//1634 10455//1634
f 7719//1635 7720//1635 7721//1635 7722//1635 7723//1635 7724//1635 7725//1635 7726//1635 7727//1635 7728//1635 7729//1635 7730//1635 7731//1635 7732//1635 7733//1635 7734//1635 7735//1635 7736//1635 7737//1635 7738//1635 7739//1635 7740//1635 7741//1635 7742//1635 7743//1635 7744//1635 7745//1635 7846//1635 13295//1635
f 7867//1636 7868//1636 7869//1636 7870//1636 7871//1636 7872//1636 7873//1636 7874//1636 7875//1636 7876//1636 7877//1636 7878//1636 7879//1636 7880//1636 7881//1636 7882//1636 7883//1636 7884//1636 7885//1636 7886//1636 7887//1636 7888//1636 7889//1636 7890//1636 7891//1636 7892//1636 7893//1636 7894//1636 7895//1636 13570//1636 13571//1636 13572//1636 13573//1636 13574//1636 13575//1636 13576//1636 13295//1636 7846//1636 7847//1636 7848//1636 7849//1636 7850//1636 7851//1636 7852//1636 7853//1636 7854//1636 7855//1636 7856//1636 7857//1636 7858//1636 7859//1636 7860//1636 7861//1636 7862//1636 7863//1636 7864//1636 7865//1636 7866//1636
f 9913//1637 8726//1637 7719//1637 13584//1637
f 13292//1638 13296//1638 9913//1638 13584//1638
l 6798 6799
l 6799 6800
l 6800 6801
l 6801 6802
l 6802 6803
l 6803 6804
l 6804 6805
l 6805 6806
l 6806 6807
l 6807 6808
l 6808 6809
l 6809 6810
l 6810 6811
l 6811 6812
l 6812 6813
l 6813 6814
l 6814 6815
l 6815 6816
l 6816 6817
l 6817 6818
l 6818 6819
l 6819 6820
l 6820 6821
l 6821 6822
l 6822 6823
l 6823 6824
l 6824 6825
l 6825 6826
l 6826 6827
l 6827 6828
l 6828 6829
l 6829 6830
l 6830 6831
l 6831 6832
l 6832 6833
l 6833 6834
l 6834 6835
l 6835 6836
l 6836 6837
l 6837 6838
l 6838 6839
l 6839 6840
l 6840 6841
l 6841 6842
l 6842 6843
l 6843 6844
l 6844 6845
l 6845 6846
l 6846 6847
l 6847 6848
l 6848 6849
l 6849 6850
l 6850 6851
l 6851 6852
l 6852 6853
l 6853 6854
l 6854 6855
l 6855 6856
l 6856 6857
l 6857 6858
l 6858 6859
l 6859 6860
l 6860 6861
l 6861 6862
l 6862 6863
l 6863 6864
l 6864 6865
l 6865 6866
l 6866 6867
l 6867 6868
l 6868 6869
l 6869 6870
l 6870 6871
l 6871 6872
l 6872 6873
l 6873 6874
l 6874 6875
l 6875 6876
l 6876 6877
l 6877 6878
l 6878 6879
l 6879 6880
l 6880 6881
l 6881 6882
l 6882 6883
l 6883 6884
l 6884 6885
l 6885 6886
l 6886 6887
l 6887 6888
l 6888 6889
l 6889 6890
l 6890 6891
l 6891 6892
l 6892 6893
l 6893 6894
l 6894 6895
l 6895 6896
l 6896 6897
l 6897 6898
l 6898 6899
l 6899 6900
l 6900 6901
l 6901 6902
l 6902 6903
l 6903 6904
l 6904 6905
l 6905 6906
l 6906 6907
l 6907 6908
l 6908 6909
l 6909 6910
l 6910 6911
l 6911 6912
l 6912 6913
l 6913 6914
l 6914 6915
l 6915 6916
l 6916 6917
l 6917 6918
l 6918 6919
l 6919 6920
l 6920 6921
l 6921 6922
l 6922 6923
l 6923 6924
l 6924 6925
l 6925 6926
l 6926 6927
l 6927 6928
l 6928 6929
l 6929 6930
l 6930 6931
l 6931 6932
l 6932 6933
l 6933 6934
l 6934 6935
l 6935 6936
l 6936 6937
l 6937 6938
l 6938 6939
l 6939 6940
l 6940 6941
l 6941 6942
l 6942 6943
l 6943 6944
l 6944 6945
l 6945 6946
l 6946 6947
l 6947 6948
l 6948 6949
l 6949 6950
l 6950 6951
l 6951 6952
l 6952 6953
l 6953 6954
l 6954 6955
l 6955 6956
l 6956 6957
l 6957 6958
l 6958 6959
l 6959 6960
l 6960 6961
l 6961 6962
l 6962 6963
l 6963 6964
l 6964 6965
l 6965 6966
l 6966 6967
l 6967 6968
l 6968 6969
l 6969 6970
l 6970 6971
l 6971 6972
l 6972 6973
l 6973 6974
l 6974 6975
l 6975 6976
l 6976 6977
l 6977 6978
l 6978 6979
l 6979 6980
l 6980 6981
l 6981 6982
l 6982 6983
l 6983 6984
l 6984 6985
l 6985 6986
l 6986 6987
l 6987 6988
l 6988 6989
l 6989 6990
l 6990 6991
l 6991 6992
l 6992 6993
l 6993 6994
l 6994 6995
l 6995 6996
l 6996 6997
l 6997 6998
l 6998 6999
l 6999 7000
l 7000 7001
l 7001 7002
l 7002 7003
l 7003 7004
l 7004 7005
l 7005 7006
l 7006 7007
l 7007 7008
l 7008 7009
l 7009 7010
l 7010 7011
l 7011 7012
l 7012 7013
l 7013 7014
l 7014 7015
l 7015 7016
l 7016 7017
l 7017 7018
l 7018 7019
l 7019 7020
l 7020 7021
l 7021 7022
l 7022 7023
l 7023 7024
l 7024 7025
l 7025 7026
l 7026 7027
l 7027 7028
l 7028 7029
l 7029 7030
l 7030 7031
l 7031 7032
l 7032 7033
l 7033 7034
l 7034 7035
l 7035 7036
l 7036 7037
l 7037 7038
l 7038 7039
l 7039 7040
l 7040 7041
l 7041 7042
l 7042 7043
l 7043 7044
l 7044 7045
l 7045 7046
l 7046 7047
l 7047 7048
l 7048 7049
l 7049 7050
l 7050 7051
l 7051 7052
l 7052 7053
l 7053 7054
l 7054 7055
l 7055 7056
l 7056 7057
l 7057 7058
l 7058 7059
l 7059 7060
l 7060 7061
l 7061 7062
l 7062 7063
l 7063 7064
l 7064 7065
l 7065 7066
l 7066 7067
l 7067 7068
l 7068 7069
l 7069 7070
l 7070 7071
l 7071 7072
l 7072 7073
l 7073 7074
l 7074 7075
l 7075 7076
l 7076 7077
l 7077 7078
l 7078 7079
l 7079 7080
l 7080 7081
l 7081 7082
l 7082 7083
l 7083 7084
l 7084 7085
l 7085 7086
l 7086 7087
l 7087 7088
l 7088 7089
l 7089 7090
l 7090 7091
l 7091 7092
l 7092 7093
l 7093 7094
l 7094 7095
l 7095 7096
l 7096 7097
l 7097 7098
l 7098 7099
l 7099 7100
l 7100 7101
l 7101 7102
l 7102 7103
l 7103 7104
l 7104 7105
l 7105 7106
l 7106 7107
l 7107 7108
l 7108 7109
l 7109 7110
l 7110 7111
l 7111 7112
l 7112 7113
l 7113 7114
l 7114 7115
l 7115 7116
l 7116 7117
l 7117 7118
l 7118 7119
l 7119 7120
l 7120 7121
l 7121 7122
l 7122 7123
l 7123 7124
l 7124 7125
l 7125 7126
l 7126 7127
l 7127 7128
l 7128 7129
l 7129 7130
l 7130 7131
l 7131 7132
l 7132 7133
l 7133 7134
l 7134 7135
l 7135 7136
l 7136 7137
l 7137 7138
l 7138 7139
l 7139 7140
l 7140 7141
l 7141 7142
l 7142 7143
l 7143 7144
l 7144 7145
l 7145 7146
l 7147 7148
l 7148 7149
l 7149 7150
l 7150 7151
l 7151 7152
l 7152 7153
l 7153 7154
l 7154 7155
l 7155 7156
l 7156 7157
l 7157 7158
l 7158 7159
l 7159 7160
l 7160 7161
l 7161 7162
l 7162 7163
l 7163 7164
l 7164 7165
l 7165 7166
l 7166 7167
l 7167 7168
l 7168 7169
l 7169 7170
l 7170 7171
l 7171 7172
l 7172 7173
l 7173 7174
l 7174 7175
l 7175 7176
l 7176 7177
l 7177 7178
l 7178 7179
l 7179 7180
l 7180 7181
l 7181 7182
l 7182 7183
l 7183 7184
l 7184 7185
l 7185 7186
l 7186 7187
l 7187 7188
l 7188 7189
l 7189 7190
l 7190 7191
l 7191 7192
l 7192 7193
l 7193 7194
l 7194 7195
l 7195 7196
l 7196 7197
l 7197 7198
l 7198 7199
l 7199 7200
l 7200 7201
l 7201 7202
l 7202 7203
l 7203 7204
l 7204 7205
l 7205 7206
l 7206 7207
l 7207 7208
l 7208 7209
l 7209 7210
l 7210 7211
l 7211 7212
l 7212 7213
l 7213 7214
l 7214 7215
l 7215 7216
l 7216 7217
l 7217 7218
l 7218 7219
l 7219 7220
l 7220 7221
l 7221 7222
l 7222 7223
l 7223 7224
l 7224 7225
l 7225 7226
l 7226 7227
l 7227 7228
l 7228 7229
l 7229 7230
l 7230 7231
l 7231 7232
l 7232 7233
l 7233 7234
l 7234 7235
l 7235 7236
l 7236 7237
l 7237 7238
l 7238 7239
l 7239 7240
l 7240 7241
l 7241 7242
l 7242 7243
l 7243 7244
l 7244 7245
l 7245 7246
l 7246 7247
l 7247 7248
l 7248 7249
l 7249 7250
l 7250 7251
l 7251 7252
l 7252 7253
l 7253 7254
l 7254 7255
l 7255 7256
l 7256 7257
l 7257 7258
l 7258 7259
l 7259 7260
l 7260 7261
l 7261 7262
l 7262 7263
l 7263 7264
l 7264 7265
l 7265 7266
l 7266 7267
l 7267 7268
l 7268 7269
l 7269 7270
l 7270 7271
l 7271 7272
l 7272 7273
l 7273 7274
l 7274 7275
l 7275 7276
l 7276 7277
l 7277 7278
l 7278 7279
l 7279 7280
l 7280 7281
l 7281 7282
l 7282 7283
l 7283 7284
l 7284 7285
l 7285 7286
l 7286 7287
l 7287 7288
l 7288 7289
l 7289 7290
l 7290 7291
l 7291 7292
l 7292 7293
l 7293 7294
l 7294 7295
l 7295 7296
l 7296 7297
l 7297 7298
l 7298 7299
l 7299 7300
l 7300 7301
l 7301 7302
l 7302 7303
l 7303 7304
l 7304 7305
l 7305 7306
l 7306 7307
l 7307 7308
l 7308 7309
l 7309 7310
l 7310 7311
l 7311 7312
l 7312 7313
l 7313 7314
l 7314 7315
l 7315 7316
l 7316 7317
l 7317 7318
l 7318 7319
l 7319 7320
l 7320 7321
l 7321 7322
l 7322 7323
l 7323 7324
l 7324 7325
l 7325 7326
l 7326 7327
l 7327 7328
l 7328 7329
l 7329 7330
l 7330 7331
l 7331 7332
l 7332 7333
l 7333 7334
l 7334 7335
l 7335 7336
l 7336 7337
l 7337 7338
l 7338 7339
l 7339 7340
l 7340 7341
l 7341 7342
l 7342 7343
l 7343 7344
l 7344 7345
l 7345 7346
l 7346 7347
l 7347 7348
l 7348 7349
l 7349 7350
l 7350 7351
l 7351 7352
l 7352 7353
l 7353 7354
l 7354 7355
l 7355 7356
l 7356 7357
l 7357 7358
l 7358 7359
l 7359 7360
l 7360 7361
l 7361 7362
l 7362 7363
l 7363 7364
l 7364 7365
l 7365 7366
l 7366 7367
l 7367 7368
l 7368 7369
l 7369 7370
l 7370 7371
l 7371 7372
l 7372 7373
l 7373 7374
l 7374 7375
l 7375 7376
l 7376 7377
l 7377 7378
l 7378 7379
l 7379 7380
l 7380 7381
l 7381 7382
l 7382 7383
l 7383 7384
l 7384 7385
l 7385 7386
l 7386 7387
l 7387 7388
l 7388 7389
l 7389 7390
l 7390 7391
l 7391 7392
l 7392 7393
l 7393 7394
l 7394 7395
l 7395 7396
l 7396 7397
l 7397 7398
l 7398 7399
l 7399 7400
l 7400 7401
l 7401 7402
l 7402 7403
l 7403 7404
l 7404 7405
l 7405 7406
l 7406 7407
l 7407 7408
l 7408 7409
l 7409 7410
l 7410 7411
l 7411 7412
l 7412 7413
l 7413 7414
l 7414 7415
l 7415 7416
l 7416 7417
l 7417 7418
l 7418 7419
l 7419 7420
l 7420 7421
l 7421 7422
l 7422 7423
l 7423 7424
l 7424 7425
l 7425 7426
l 7426 7427
l 7427 7428
l 7428 7429
l 7429 7430
l 7430 7431
l 7431 7432
l 7432 7433
l 7433 7434
l 7434 7435
l 7436 7437
l 7437 7438
l 7438 7439
l 7439 7440
l 7440 7441
l 7441 7442
l 7442 7443
l 7443 7444
l 7444 7445
l 7446 7447
l 7447 7448
l 7448 7449
l 7449 7450
l 7450 7451
l 7451 7452
l 7452 7453
l 7453 7454
l 7455 7456
l 7456 7457
l 7457 7458
l 7458 7459
l 7459 7460
l 7460 7461
l 7461 7462
l 7462 7463
l 7463 7464
l 7464 7465
l 7465 7466
l 7466 7467
l 7467 7468
l 7468 7469
l 7469 7470
l 7470 7471
l 7471 7472
l 7472 7473
l 7473 7474
l 7474 7475
l 7475 7476
l 7476 7477
l 7477 7478
l 7478 7479
l 7479 7480
l 7480 7481
l 7481 7482
l 7482 7483
l 7483 7484
l 7484 7485
l 7485 7486
l 7486 7487
l 7487 7488
l 7488 7489
l 7490 7491
l 7491 7492
l 7492 7493
l 7493 7494
l 7494 7495
l 7495 7496
l 7496 7497
l 7497 7498
l 7498 7499
l 7500 7501
l 7501 7502
l 7502 7503
l 7503 7504
l 7504 7505
l 7505 7506
l 7506 7507
l 7507 7508
l 7509 7510
l 7510 7511
l 7511 7512
l 7512 7513
l 7513 7514
l 7514 7515
l 7515 7516
l 7516 7517
l 7517 7518
l 7519 7520
l 7520 7521
l 7521 7522
l 7522 7523
l 7523 7524
l 7524 7525
l 7525 7526
l 7526 7527
l 7527 7528
l 7528 7529
l 7529 7530
l 7530 7531
l 7531 7532
l 7532 7533
l 7533 7534
l 7534 7535
l 7535 7536
l 7536 7537
l 7537 7538
l 7538 7539
l 7539 7540
l 7540 7541
l 7541 7542
l 7542 7543
l 7543 7544
l 7544 7545
l 7545 7546
l 7546 7547
l 7547 7548
l 7548 7549
l 7549 7550
l 7550 7551
l 7551 7552
l 7780 7781
l 7781 7782
l 7945 7946
l 8008 8009
l 8011 8012
l 8012 8013
l 8013 8014
l 8014 8015
l 8015 8016
l 8016 8017
l 8017 8018
l 8018 8019
l 8019 8020
l 8020 8021
l 8021 8022
l 8022 8023
l 8023 8024
l 8024 8025
l 8025 8026
l 8026 8027
l 8027 8028
l 8028 8029
l 8029 8030
l 8030 8031
l 8031 8032
l 8032 8033
l 8033 8034
l 8034 8035
l 8035 8036
l 8036 8037
l 8037 8038
l 8038 8039
l 8039 8040
l 8040 8041
l 8041 8042
l 8042 8043
l 8043 8044
l 8044 8045
l 8045 8046
l 8046 8047
l 8047 8048
l 8048 8049
l 8049 8050
l 8050 8051
l 8051 8052
l 8052 8053
l 8053 8054
l 8054 8055
l 8055 8056
l 8056 8057
l 8057 8058
l 8058 8059
l 8059 8060
l 8060 8061
l 8061 8062
l 8062 8063
l 8063 8064
l 8064 8065
l 8065 8066
l 8066 8067
l 8067 8068
l 8068 8069
l 8069 8070
l 8070 8071
l 8071 8072
l 8072 8073
l 8073 8074
l 8074 8075
l 8075 8076
l 8076 8077
l 8077 8078
l 8078 8079
l 8079 8080
l 8080 8081
l 8081 8082
l 8082 8083
l 8083 8084
l 8084 8085
l 8085 8086
l 8086 8087
l 8087 8088
l 8088 8089
l 8089 8090
l 8090 8091
l 8091 8092
l 8092 8093
l 8093 8094
l 8095 8096
l 8096 8097
l 8097 8098
l 8098 8099
l 8099 8100
l 8100 8101
l 8101 8102
l 8102 8103
l 8103 8104
l 8104 8105
l 8105 8106
l 8106 8107
l 8107 8108
l 8108 8109
l 8109 8110
l 8110 8111
l 8111 8112
l 8112 8113
l 8113 8114
l 8114 8115
l 8115 8116
l 8116 8117
l 8117 8118
l 8118 8119
l 8119 8120
l 8120 8121
l 8121 8122
l 8122 8123
l 8123 8124
l 8124 8125
l 8125 8126
l 8126 8127
l 8127 8128
l 8128 8129
l 8129 8130
l 8130 8131
l 8131 8132
l 8132 8133
l 8133 8134
l 8134 8135
l 8135 8136
l 8136 8137
l 8137 8138
l 8138 8139
l 8139 8140
l 8140 8141
l 8141 8142
l 8142 8143
l 8143 8144
l 8144 8145
l 8145 8146
l 8146 8147
l 8147 8148
l 8148 8149
l 8149 8150
l 8150 8151
l 8151 8152
l 8152 8153
l 8153 8154
l 8154 8155
l 8155 8156
l 8156 8157
l 8157 8158
l 8158 8159
l 8159 8160
l 8160 8161
l 8161 8162
l 8162 8163
l 8163 8164
l 8164 8165
l 8165 8166
l 8166 8167
l 8167 8168
l 8168 8169
l 8169 8170
l 8170 8171
l 8171 8172
l 8172 8173
l 8173 8174
l 8174 8175
l 8175 8176
l 8176 8177
l 8177 8178
l 8179 8180
l 8181 8182
l 8183 8184
l 8184 8185
l 8185 8186
l 8186 8187
l 8187 8188
l 8188 8189
l 8189 8190
l 8190 8191
l 8191 8192
l 8192 8193
l 8193 8194
l 8194 8195
l 8195 8196
l 8196 8197
l 8197 8198
l 8198 8199
l 8199 8200
l 8200 8201
l 8201 8202
l 8202 8203
l 8203 8204
l 8204 8205
l 8205 8206
l 8206 8207
l 8207 8208
l 8208 8209
l 8209 8210
l 8210 8211
l 8211 8212
l 8212 8213
l 8213 8214
l 8214 8215
l 8215 8216
l 8216 8217
l 8217 8218
l 8218 8219
l 8219 8220
l 8220 8221
l 8221 8222
l 8222 8223
l 8223 8224
l 8224 8225
l 8225 8226
l 8226 8227
l 8227 8228
l 8228 8229
l 8229 8230
l 8230 8231
l 8231 8232
l 8232 8233
l 8233 8234
l 8234 8235
l 8235 8236
l 8236 8237
l 8237 8238
l 8238 8239
l 8239 8240
l 8240 8241
l 8241 8242
l 8242 8243
l 8243 8244
l 8244 8245
l 8245 8246
l 8246 8247
l 8247 8248
l 8248 8249
l 8249 8250
l 8250 8251
l 8251 8252
l 8252 8253
l 8253 8254
l 8254 8255
l 8255 8256
l 8256 8257
l 8257 8258
l 8258 8259
l 8259 8260
l 8260 8261
l 8261 8262
l 8262 8263
l 8263 8264
l 8264 8265
l 8265 8266
l 8266 8267
l 8267 8268
l 8268 8269
l 8269 8270
l 8270 8271
l 8271 8272
l 8272 8273
l 8273 8274
l 8274 8275
l 8275 8276
l 8276 8277
l 8277 8278
l 8278 8279
l 8279 8280
l 8280 8281
l 8281 8282
l 8282 8283
l 8283 8284
l 8284 8285
l 8285 8286
l 8286 8287
l 8287 8288
l 8288 8289
l 8289 8290
l 8290 8291
l 8291 8292
l 8292 8293
l 8293 8294
l 8294 8295
l 8295 8296
l 8296 8297
l 8297 8298
l 8298 8299
l 8299 8300
l 8300 8301
l 8301 8302
l 8302 8303
l 8303 8304
l 8304 8305
l 8305 8306
l 8306 8307
l 8307 8308
l 8308 8309
l 8309 8310
l 8310 8311
l 8311 8312
l 10263 9863
l 9835 10307
l 8313 8314
l 8314 8315
l 8315 8316
l 8316 8317
l 8317 8318
l 8318 8319
l 8319 8320
l 8320 8321
l 8322 8323
l 8323 8324
l 8324 8325
l 8325 8326
l 8326 8327
l 8327 8328
l 8328 8329
l 8329 8330
l 8331 8332
l 8332 8333
l 8333 8334
l 8334 8335
l 8335 8336
l 8336 8337
l 8337 8338
l 8338 8339
l 8339 8340
l 8340 8341
l 8341 8342
l 8342 8343
l 8343 8344
l 8344 8345
l 8345 8346
l 8346 8347
l 8347 8348
l 8348 8349
l 8349 8350
l 8350 8351
l 8351 8352
l 8352 8353
l 8353 8354
l 8354 8355
l 8355 8356
l 8356 8357
l 8357 8358
l 8358 8359
l 8359 8360
l 8360 8361
l 8361 8362
l 8362 8363
l 8363 8364
l 8364 8365
l 8365 8366
l 8366 8367
l 8367 8368
l 8368 8369
l 8369 8370
l 8370 8371
l 8371 8372
l 8372 8373
l 8373 8374
l 8374 8375
l 8375 8376
l 8376 8377
l 8377 8378
l 8378 8379
l 8379 8380
l 8380 8381
l 8381 8382
l 8382 8383
l 8383 8384
l 8384 8385
l 8385 8386
l 8386 8387
l 8387 8388
l 8389 8390
l 8390 8391
l 8391 8392
l 8392 8393
l 8393 8394
l 8394 8395
l 8395 8396
l 8396 8397
l 8397 8398
l 8398 8399
l 8399 8400
l 8400 8401
l 8401 8402
l 8402 8403
l 8403 8404
l 8404 8405
l 8405 8406
l 8406 8407
l 8407 8408
l 8408 8409
l 8409 8410
l 8410 8411
l 8411 8412
l 8412 8413
l 8413 8414
l 8414 8415
l 8415 8416
l 8416 8417
l 8417 8418
l 8418 8419
l 8419 8420
l 8420 8421
l 8421 8422
l 8422 8423
l 8423 8424
l 8424 8425
l 8425 8426
l 8426 8427
l 8427 8428
l 8428 8429
l 8429 8430
l 8430 8431
l 8431 8432
l 8432 8433
l 8433 8434
l 8434 8435
l 8435 8436
l 8436 8437
l 8437 8438
l 8438 8439
l 8439 8440
l 8440 8441
l 8441 8442
l 8442 8443
l 8443 8444
l 8444 8445
l 8445 8446
l 8446 8447
l 8447 8448
l 8448 8449
l 8449 8450
l 8450 8451
l 8451 8452
l 8452 8453
l 8453 8454
l 8454 8455
l 8455 8456
l 8456 8457
l 8457 8458
l 8458 8459
l 8459 8460
l 8460 8461
l 8461 8462
l 8462 8463
l 8463 8464
l 8464 8465
l 8465 8466
l 8466 8467
l 8467 8468
l 8468 8469
l 8469 8470
l 8470 8471
l 8471 8472
l 8474 8475
l 8475 8476
l 8476 8477
l 8477 8478
l 8478 8479
l 8479 8480
l 8480 8481
l 8481 8482
l 8482 8483
l 8483 8484
l 8484 8485
l 8486 8487
l 8487 8488
l 8488 8489
l 8489 8490
l 8490 8491
l 8491 8492
l 8492 8493
l 8494 8495
l 8495 8496
l 8496 8497
l 8497 8498
l 8498 8499
l 8499 8500
l 8500 8501
l 8501 8502
l 8502 8503
l 8503 8504
l 8505 8506
l 8506 8507
l 8507 8508
l 8508 8509
l 8509 8510
l 8510 8511
l 8511 8512
l 8512 8513
l 8514 8515
l 8515 8516
l 8516 8517
l 8517 8518
l 8518 8519
l 8519 8520
l 8520 8521
l 8521 8522
l 8522 8523
l 8523 8524
l 8526 8527
l 8527 8528
l 8528 8529
l 8529 8530
l 8530 8531
l 8531 8532
l 8532 8533
l 8533 8534
l 8534 8535
l 8535 8536
l 8536 8537
l 8537 8538
l 8538 8539
l 8539 8540
l 8540 8541
l 8541 8542
l 8542 8543
l 8543 8544
l 8544 8545
l 8545 8546
l 8546 8547
l 8547 8548
l 8548 8549
l 8549 8550
l 8550 8551
l 8561 8562
l 8647 8648
l 8754 8755
l 8755 8756
l 8862 8863
l 9105 9106
l 9119 9120
l 9145 9146
l 9327 9328
l 9328 9329
l 9329 9330
l 9330 9331
l 9331 9332
l 9332 9333
l 9333 9334
l 9334 9335
l 9335 9336
l 9336 9337
l 9362 9363
l 9730 9731
l 10021 10022
l 10073 10074
l 10312 10313
l 10589 10590
l 11178 11179
l 11444 11445
l 11445 11446
l 11446 11447
l 11447 11448
l 11448 11449
l 11449 11450
l 11450 11451
l 11451 11452
l 11452 11453
l 11453 11454
l 11454 11455
l 11455 11456
l 12424 12425
l 12908 12909
l 12909 12910
l 12910 12911
l 12911 12912
l 12912 12913
l 12913 12914
l 12914 12915
l 12915 12916
l 12916 12917
l 12917 12918
l 12918 12919
l 12919 12920
l 12920 12921
l 13245 13246
l 13246 13247
l 13247 13248
l 13248 13249
l 13249 13250
l 13250 13251
l 13251 13252
l 13252 13253
l 13253 13254
l 13254 13255
l 13255 13256
l 13256 11444
l 7990 13257
l 7991 13257
l 9210 9207
l 9208 9209
l 9708 13285
l 13285 13286
l 13286 13287
l 8158 13288
l 7990 10954
